thickness,crossplane,r,x,y,t
1e-09,1.03101,0.0,2,2,300
1.25893e-09,1.20281,0.0,2,2,300
1.58489e-09,1.39098,0.0,2,2,300
1.99526e-09,1.59425,0.0,2,2,300
2.51189e-09,1.8109,0.0,2,2,300
3.16228e-09,2.03879,0.0,2,2,300
3.98107e-09,2.27557,0.0,2,2,300
5.01187e-09,2.51877,0.0,2,2,300
6.30957e-09,2.76595,0.0,2,2,300
7.94328e-09,3.01482,0.0,2,2,300
1e-08,3.26336,0.0,2,2,300
1.25893e-08,3.50984,0.0,2,2,300
1.58489e-08,3.7529,0.0,2,2,300
1.99526e-08,3.99154,0.0,2,2,300
2.51189e-08,4.22514,0.0,2,2,300
3.16228e-08,4.4534,0.0,2,2,300
3.98107e-08,4.67632,0.0,2,2,300
5.01187e-08,4.89413,0.0,2,2,300
6.30957e-08,5.10723,0.0,2,2,300
7.94328e-08,5.31606,0.0,2,2,300
1e-07,5.52104,0.0,2,2,300
1.25893e-07,5.72248,0.0,2,2,300
1.58489e-07,5.9205,0.0,2,2,300
1.99526e-07,6.115,0.0,2,2,300
2.51189e-07,6.30562,0.0,2,2,300
3.16228e-07,6.49182,0.0,2,2,300
3.98107e-07,6.67289,0.0,2,2,300
5.01187e-07,6.84801,0.0,2,2,300
6.30957e-07,7.0163,0.0,2,2,300
7.94328e-07,7.17689,0.0,2,2,300
1e-06,7.32894,0.0,2,2,300
1.25893e-06,7.47167,0.0,2,2,300
1.58489e-06,7.60439,0.0,2,2,300
1.99526e-06,7.72656,0.0,2,2,300
2.51189e-06,7.83779,0.0,2,2,300
3.16228e-06,7.9379,0.0,2,2,300
3.98107e-06,8.02695,0.0,2,2,300
5.01187e-06,8.10522,0.0,2,2,300
6.30957e-06,8.17319,0.0,2,2,300
7.94328e-06,8.23155,0.0,2,2,300
1e-05,8.28112,0.0,2,2,300
1.25893e-05,8.3228,0.0,2,2,300
1.58489e-05,8.35754,0.0,2,2,300
1.99526e-05,8.38625,0.0,2,2,300
2.51189e-05,8.40983,0.0,2,2,300
3.16228e-05,8.42908,0.0,2,2,300
3.98107e-05,8.44471,0.0,2,2,300
5.01187e-05,8.45735,0.0,2,2,300
6.30957e-05,8.46754,0.0,2,2,300
7.94328e-05,8.47573,0.0,2,2,300
0.0001,8.48229,0.0,2,2,300
1e-09,1.03101,0.0,2,2,400
1.25893e-09,1.20281,0.0,2,2,400
1.58489e-09,1.39098,0.0,2,2,400
1.99526e-09,1.59425,0.0,2,2,400
2.51189e-09,1.8109,0.0,2,2,400
3.16228e-09,2.03879,0.0,2,2,400
3.98107e-09,2.27557,0.0,2,2,400
5.01187e-09,2.51877,0.0,2,2,400
6.30957e-09,2.76595,0.0,2,2,400
7.94328e-09,3.01482,0.0,2,2,400
1e-08,3.26336,0.0,2,2,400
1.25893e-08,3.50984,0.0,2,2,400
1.58489e-08,3.7529,0.0,2,2,400
1.99526e-08,3.99154,0.0,2,2,400
2.51189e-08,4.22514,0.0,2,2,400
3.16228e-08,4.4534,0.0,2,2,400
3.98107e-08,4.67632,0.0,2,2,400
5.01187e-08,4.89413,0.0,2,2,400
6.30957e-08,5.10723,0.0,2,2,400
7.94328e-08,5.31606,0.0,2,2,400
1e-07,5.52104,0.0,2,2,400
1.25893e-07,5.72248,0.0,2,2,400
1.58489e-07,5.9205,0.0,2,2,400
1.99526e-07,6.115,0.0,2,2,400
2.51189e-07,6.30562,0.0,2,2,400
3.16228e-07,6.49182,0.0,2,2,400
3.98107e-07,6.67289,0.0,2,2,400
5.01187e-07,6.84801,0.0,2,2,400
6.30957e-07,7.0163,0.0,2,2,400
7.94328e-07,7.17689,0.0,2,2,400
1e-06,7.32894,0.0,2,2,400
1.25893e-06,7.47167,0.0,2,2,400
1.58489e-06,7.60439,0.0,2,2,400
1.99526e-06,7.72656,0.0,2,2,400
2.51189e-06,7.83779,0.0,2,2,400
3.16228e-06,7.9379,0.0,2,2,400
3.98107e-06,8.02695,0.0,2,2,400
5.01187e-06,8.10522,0.0,2,2,400
6.30957e-06,8.17319,0.0,2,2,400
7.94328e-06,8.23155,0.0,2,2,400
1e-05,8.28112,0.0,2,2,400
1.25893e-05,8.3228,0.0,2,2,400
1.58489e-05,8.35754,0.0,2,2,400
1.99526e-05,8.38625,0.0,2,2,400
2.51189e-05,8.40983,0.0,2,2,400
3.16228e-05,8.42908,0.0,2,2,400
3.98107e-05,8.44471,0.0,2,2,400
5.01187e-05,8.45735,0.0,2,2,400
6.30957e-05,8.46754,0.0,2,2,400
7.94328e-05,8.47573,0.0,2,2,400
0.0001,8.48229,0.0,2,2,400
1e-09,1.03101,0.0,2,2,500
1.25893e-09,1.20281,0.0,2,2,500
1.58489e-09,1.39098,0.0,2,2,500
1.99526e-09,1.59425,0.0,2,2,500
2.51189e-09,1.8109,0.0,2,2,500
3.16228e-09,2.03879,0.0,2,2,500
3.98107e-09,2.27557,0.0,2,2,500
5.01187e-09,2.51877,0.0,2,2,500
6.30957e-09,2.76595,0.0,2,2,500
7.94328e-09,3.01482,0.0,2,2,500
1e-08,3.26336,0.0,2,2,500
1.25893e-08,3.50984,0.0,2,2,500
1.58489e-08,3.7529,0.0,2,2,500
1.99526e-08,3.99154,0.0,2,2,500
2.51189e-08,4.22514,0.0,2,2,500
3.16228e-08,4.4534,0.0,2,2,500
3.98107e-08,4.67632,0.0,2,2,500
5.01187e-08,4.89413,0.0,2,2,500
6.30957e-08,5.10723,0.0,2,2,500
7.94328e-08,5.31606,0.0,2,2,500
1e-07,5.52104,0.0,2,2,500
1.25893e-07,5.72248,0.0,2,2,500
1.58489e-07,5.9205,0.0,2,2,500
1.99526e-07,6.115,0.0,2,2,500
2.51189e-07,6.30562,0.0,2,2,500
3.16228e-07,6.49182,0.0,2,2,500
3.98107e-07,6.67289,0.0,2,2,500
5.01187e-07,6.84801,0.0,2,2,500
6.30957e-07,7.0163,0.0,2,2,500
7.94328e-07,7.17689,0.0,2,2,500
1e-06,7.32894,0.0,2,2,500
1.25893e-06,7.47167,0.0,2,2,500
1.58489e-06,7.60439,0.0,2,2,500
1.99526e-06,7.72656,0.0,2,2,500
2.51189e-06,7.83779,0.0,2,2,500
3.16228e-06,7.9379,0.0,2,2,500
3.98107e-06,8.02695,0.0,2,2,500
5.01187e-06,8.10522,0.0,2,2,500
6.30957e-06,8.17319,0.0,2,2,500
7.94328e-06,8.23155,0.0,2,2,500
1e-05,8.28112,0.0,2,2,500
1.25893e-05,8.3228,0.0,2,2,500
1.58489e-05,8.35754,0.0,2,2,500
1.99526e-05,8.38625,0.0,2,2,500
2.51189e-05,8.40983,0.0,2,2,500
3.16228e-05,8.42908,0.0,2,2,500
3.98107e-05,8.44471,0.0,2,2,500
5.01187e-05,8.45735,0.0,2,2,500
6.30957e-05,8.46754,0.0,2,2,500
7.94328e-05,8.47573,0.0,2,2,500
0.0001,8.48229,0.0,2,2,500
1e-09,1.27171,0.0,2,5,300
1.25893e-09,1.50372,0.0,2,5,300
1.58489e-09,1.76286,0.0,2,5,300
1.99526e-09,2.04805,0.0,2,5,300
2.51189e-09,2.35714,0.0,2,5,300
3.16228e-09,2.68699,0.0,2,5,300
3.98107e-09,3.03363,0.0,2,5,300
5.01187e-09,3.39248,0.0,2,5,300
6.30957e-09,3.7587,0.0,2,5,300
7.94328e-09,4.12747,0.0,2,5,300
1e-08,4.49427,0.0,2,5,300
1.25893e-08,4.85512,0.0,2,5,300
1.58489e-08,5.20672,0.0,2,5,300
1.99526e-08,5.54653,0.0,2,5,300
2.51189e-08,5.87275,0.0,2,5,300
3.16228e-08,6.18426,0.0,2,5,300
3.98107e-08,6.48056,0.0,2,5,300
5.01187e-08,6.76161,0.0,2,5,300
6.30957e-08,7.02771,0.0,2,5,300
7.94328e-08,7.27936,0.0,2,5,300
1e-07,7.51712,0.0,2,5,300
1.25893e-07,7.74149,0.0,2,5,300
1.58489e-07,7.95282,0.0,2,5,300
1.99526e-07,8.15122,0.0,2,5,300
2.51189e-07,8.33659,0.0,2,5,300
3.16228e-07,8.50863,0.0,2,5,300
3.98107e-07,8.66698,0.0,2,5,300
5.01187e-07,8.81126,0.0,2,5,300
6.30957e-07,8.94125,0.0,2,5,300
7.94328e-07,9.05695,0.0,2,5,300
1e-06,9.15867,0.0,2,5,300
1.25893e-06,9.24699,0.0,2,5,300
1.58489e-06,9.32278,0.0,2,5,300
1.99526e-06,9.38709,0.0,2,5,300
2.51189e-06,9.44111,0.0,2,5,300
3.16228e-06,9.48608,0.0,2,5,300
3.98107e-06,9.52322,0.0,2,5,300
5.01187e-06,9.55369,0.0,2,5,300
6.30957e-06,9.57853,0.0,2,5,300
7.94328e-06,9.5987,0.0,2,5,300
1e-05,9.61499,0.0,2,5,300
1.25893e-05,9.62812,0.0,2,5,300
1.58489e-05,9.63867,0.0,2,5,300
1.99526e-05,9.64712,0.0,2,5,300
2.51189e-05,9.65388,0.0,2,5,300
3.16228e-05,9.65929,0.0,2,5,300
3.98107e-05,9.6636,0.0,2,5,300
5.01187e-05,9.66704,0.0,2,5,300
6.30957e-05,9.66978,0.0,2,5,300
7.94328e-05,9.67196,0.0,2,5,300
0.0001,9.6737,0.0,2,5,300
1e-09,1.27171,0.0,2,5,400
1.25893e-09,1.50372,0.0,2,5,400
1.58489e-09,1.76286,0.0,2,5,400
1.99526e-09,2.04805,0.0,2,5,400
2.51189e-09,2.35714,0.0,2,5,400
3.16228e-09,2.68699,0.0,2,5,400
3.98107e-09,3.03363,0.0,2,5,400
5.01187e-09,3.39248,0.0,2,5,400
6.30957e-09,3.7587,0.0,2,5,400
7.94328e-09,4.12747,0.0,2,5,400
1e-08,4.49427,0.0,2,5,400
1.25893e-08,4.85512,0.0,2,5,400
1.58489e-08,5.20672,0.0,2,5,400
1.99526e-08,5.54653,0.0,2,5,400
2.51189e-08,5.87275,0.0,2,5,400
3.16228e-08,6.18426,0.0,2,5,400
3.98107e-08,6.48056,0.0,2,5,400
5.01187e-08,6.76161,0.0,2,5,400
6.30957e-08,7.02771,0.0,2,5,400
7.94328e-08,7.27936,0.0,2,5,400
1e-07,7.51712,0.0,2,5,400
1.25893e-07,7.74149,0.0,2,5,400
1.58489e-07,7.95282,0.0,2,5,400
1.99526e-07,8.15122,0.0,2,5,400
2.51189e-07,8.33659,0.0,2,5,400
3.16228e-07,8.50863,0.0,2,5,400
3.98107e-07,8.66698,0.0,2,5,400
5.01187e-07,8.81126,0.0,2,5,400
6.30957e-07,8.94125,0.0,2,5,400
7.94328e-07,9.05695,0.0,2,5,400
1e-06,9.15867,0.0,2,5,400
1.25893e-06,9.24699,0.0,2,5,400
1.58489e-06,9.32278,0.0,2,5,400
1.99526e-06,9.38709,0.0,2,5,400
2.51189e-06,9.44111,0.0,2,5,400
3.16228e-06,9.48608,0.0,2,5,400
3.98107e-06,9.52322,0.0,2,5,400
5.01187e-06,9.55369,0.0,2,5,400
6.30957e-06,9.57853,0.0,2,5,400
7.94328e-06,9.5987,0.0,2,5,400
1e-05,9.61499,0.0,2,5,400
1.25893e-05,9.62812,0.0,2,5,400
1.58489e-05,9.63867,0.0,2,5,400
1.99526e-05,9.64712,0.0,2,5,400
2.51189e-05,9.65388,0.0,2,5,400
3.16228e-05,9.65929,0.0,2,5,400
3.98107e-05,9.6636,0.0,2,5,400
5.01187e-05,9.66704,0.0,2,5,400
6.30957e-05,9.66978,0.0,2,5,400
7.94328e-05,9.67196,0.0,2,5,400
0.0001,9.6737,0.0,2,5,400
1e-09,1.27171,0.0,2,5,500
1.25893e-09,1.50372,0.0,2,5,500
1.58489e-09,1.76286,0.0,2,5,500
1.99526e-09,2.04805,0.0,2,5,500
2.51189e-09,2.35714,0.0,2,5,500
3.16228e-09,2.68699,0.0,2,5,500
3.98107e-09,3.03363,0.0,2,5,500
5.01187e-09,3.39248,0.0,2,5,500
6.30957e-09,3.7587,0.0,2,5,500
7.94328e-09,4.12747,0.0,2,5,500
1e-08,4.49427,0.0,2,5,500
1.25893e-08,4.85512,0.0,2,5,500
1.58489e-08,5.20672,0.0,2,5,500
1.99526e-08,5.54653,0.0,2,5,500
2.51189e-08,5.87275,0.0,2,5,500
3.16228e-08,6.18426,0.0,2,5,500
3.98107e-08,6.48056,0.0,2,5,500
5.01187e-08,6.76161,0.0,2,5,500
6.30957e-08,7.02771,0.0,2,5,500
7.94328e-08,7.27936,0.0,2,5,500
1e-07,7.51712,0.0,2,5,500
1.25893e-07,7.74149,0.0,2,5,500
1.58489e-07,7.95282,0.0,2,5,500
1.99526e-07,8.15122,0.0,2,5,500
2.51189e-07,8.33659,0.0,2,5,500
3.16228e-07,8.50863,0.0,2,5,500
3.98107e-07,8.66698,0.0,2,5,500
5.01187e-07,8.81126,0.0,2,5,500
6.30957e-07,8.94125,0.0,2,5,500
7.94328e-07,9.05695,0.0,2,5,500
1e-06,9.15867,0.0,2,5,500
1.25893e-06,9.24699,0.0,2,5,500
1.58489e-06,9.32278,0.0,2,5,500
1.99526e-06,9.38709,0.0,2,5,500
2.51189e-06,9.44111,0.0,2,5,500
3.16228e-06,9.48608,0.0,2,5,500
3.98107e-06,9.52322,0.0,2,5,500
5.01187e-06,9.55369,0.0,2,5,500
6.30957e-06,9.57853,0.0,2,5,500
7.94328e-06,9.5987,0.0,2,5,500
1e-05,9.61499,0.0,2,5,500
1.25893e-05,9.62812,0.0,2,5,500
1.58489e-05,9.63867,0.0,2,5,500
1.99526e-05,9.64712,0.0,2,5,500
2.51189e-05,9.65388,0.0,2,5,500
3.16228e-05,9.65929,0.0,2,5,500
3.98107e-05,9.6636,0.0,2,5,500
5.01187e-05,9.66704,0.0,2,5,500
6.30957e-05,9.66978,0.0,2,5,500
7.94328e-05,9.67196,0.0,2,5,500
0.0001,9.6737,0.0,2,5,500
1e-09,1.48987,0.0,2,10,300
1.25893e-09,1.78689,0.0,2,10,300
1.58489e-09,2.12688,0.0,2,10,300
1.99526e-09,2.5107,0.0,2,10,300
2.51189e-09,2.93768,0.0,2,10,300
3.16228e-09,3.40534,0.0,2,10,300
3.98107e-09,3.90944,0.0,2,10,300
5.01187e-09,4.44405,0.0,2,10,300
6.30957e-09,5.00194,0.0,2,10,300
7.94328e-09,5.57504,0.0,2,10,300
1e-08,6.15494,0.0,2,10,300
1.25893e-08,6.73351,0.0,2,10,300
1.58489e-08,7.3033,0.0,2,10,300
1.99526e-08,7.85789,0.0,2,10,300
2.51189e-08,8.39211,0.0,2,10,300
3.16228e-08,8.90206,0.0,2,10,300
3.98107e-08,9.38506,0.0,2,10,300
5.01187e-08,9.83956,0.0,2,10,300
6.30957e-08,10.265,0.0,2,10,300
7.94328e-08,10.6614,0.0,2,10,300
1e-07,11.0295,0.0,2,10,300
1.25893e-07,11.3703,0.0,2,10,300
1.58489e-07,11.6852,0.0,2,10,300
1.99526e-07,11.9753,0.0,2,10,300
2.51189e-07,12.2419,0.0,2,10,300
3.16228e-07,12.4861,0.0,2,10,300
3.98107e-07,12.7087,0.0,2,10,300
5.01187e-07,12.9104,0.0,2,10,300
6.30957e-07,13.0919,0.0,2,10,300
7.94328e-07,13.2538,0.0,2,10,300
1e-06,13.3968,0.0,2,10,300
1.25893e-06,13.5218,0.0,2,10,300
1.58489e-06,13.6298,0.0,2,10,300
1.99526e-06,13.7222,0.0,2,10,300
2.51189e-06,13.8004,0.0,2,10,300
3.16228e-06,13.8661,0.0,2,10,300
3.98107e-06,13.9206,0.0,2,10,300
5.01187e-06,13.9656,0.0,2,10,300
6.30957e-06,14.0025,0.0,2,10,300
7.94328e-06,14.0326,0.0,2,10,300
1e-05,14.057,0.0,2,10,300
1.25893e-05,14.0767,0.0,2,10,300
1.58489e-05,14.0925,0.0,2,10,300
1.99526e-05,14.1053,0.0,2,10,300
2.51189e-05,14.1155,0.0,2,10,300
3.16228e-05,14.1237,0.0,2,10,300
3.98107e-05,14.1302,0.0,2,10,300
5.01187e-05,14.1354,0.0,2,10,300
6.30957e-05,14.1396,0.0,2,10,300
7.94328e-05,14.1429,0.0,2,10,300
0.0001,14.1455,0.0,2,10,300
1e-09,1.48987,0.0,2,10,400
1.25893e-09,1.78689,0.0,2,10,400
1.58489e-09,2.12688,0.0,2,10,400
1.99526e-09,2.5107,0.0,2,10,400
2.51189e-09,2.93768,0.0,2,10,400
3.16228e-09,3.40534,0.0,2,10,400
3.98107e-09,3.90944,0.0,2,10,400
5.01187e-09,4.44405,0.0,2,10,400
6.30957e-09,5.00194,0.0,2,10,400
7.94328e-09,5.57504,0.0,2,10,400
1e-08,6.15494,0.0,2,10,400
1.25893e-08,6.73351,0.0,2,10,400
1.58489e-08,7.3033,0.0,2,10,400
1.99526e-08,7.85789,0.0,2,10,400
2.51189e-08,8.39211,0.0,2,10,400
3.16228e-08,8.90206,0.0,2,10,400
3.98107e-08,9.38506,0.0,2,10,400
5.01187e-08,9.83956,0.0,2,10,400
6.30957e-08,10.265,0.0,2,10,400
7.94328e-08,10.6614,0.0,2,10,400
1e-07,11.0295,0.0,2,10,400
1.25893e-07,11.3703,0.0,2,10,400
1.58489e-07,11.6852,0.0,2,10,400
1.99526e-07,11.9753,0.0,2,10,400
2.51189e-07,12.2419,0.0,2,10,400
3.16228e-07,12.4861,0.0,2,10,400
3.98107e-07,12.7087,0.0,2,10,400
5.01187e-07,12.9104,0.0,2,10,400
6.30957e-07,13.0919,0.0,2,10,400
7.94328e-07,13.2538,0.0,2,10,400
1e-06,13.3968,0.0,2,10,400
1.25893e-06,13.5218,0.0,2,10,400
1.58489e-06,13.6298,0.0,2,10,400
1.99526e-06,13.7222,0.0,2,10,400
2.51189e-06,13.8004,0.0,2,10,400
3.16228e-06,13.8661,0.0,2,10,400
3.98107e-06,13.9206,0.0,2,10,400
5.01187e-06,13.9656,0.0,2,10,400
6.30957e-06,14.0025,0.0,2,10,400
7.94328e-06,14.0326,0.0,2,10,400
1e-05,14.057,0.0,2,10,400
1.25893e-05,14.0767,0.0,2,10,400
1.58489e-05,14.0925,0.0,2,10,400
1.99526e-05,14.1053,0.0,2,10,400
2.51189e-05,14.1155,0.0,2,10,400
3.16228e-05,14.1237,0.0,2,10,400
3.98107e-05,14.1302,0.0,2,10,400
5.01187e-05,14.1354,0.0,2,10,400
6.30957e-05,14.1396,0.0,2,10,400
7.94328e-05,14.1429,0.0,2,10,400
0.0001,14.1455,0.0,2,10,400
1e-09,1.48987,0.0,2,10,500
1.25893e-09,1.78689,0.0,2,10,500
1.58489e-09,2.12688,0.0,2,10,500
1.99526e-09,2.5107,0.0,2,10,500
2.51189e-09,2.93768,0.0,2,10,500
3.16228e-09,3.40534,0.0,2,10,500
3.98107e-09,3.90944,0.0,2,10,500
5.01187e-09,4.44405,0.0,2,10,500
6.30957e-09,5.00194,0.0,2,10,500
7.94328e-09,5.57504,0.0,2,10,500
1e-08,6.15494,0.0,2,10,500
1.25893e-08,6.73351,0.0,2,10,500
1.58489e-08,7.3033,0.0,2,10,500
1.99526e-08,7.85789,0.0,2,10,500
2.51189e-08,8.39211,0.0,2,10,500
3.16228e-08,8.90206,0.0,2,10,500
3.98107e-08,9.38506,0.0,2,10,500
5.01187e-08,9.83956,0.0,2,10,500
6.30957e-08,10.265,0.0,2,10,500
7.94328e-08,10.6614,0.0,2,10,500
1e-07,11.0295,0.0,2,10,500
1.25893e-07,11.3703,0.0,2,10,500
1.58489e-07,11.6852,0.0,2,10,500
1.99526e-07,11.9753,0.0,2,10,500
2.51189e-07,12.2419,0.0,2,10,500
3.16228e-07,12.4861,0.0,2,10,500
3.98107e-07,12.7087,0.0,2,10,500
5.01187e-07,12.9104,0.0,2,10,500
6.30957e-07,13.0919,0.0,2,10,500
7.94328e-07,13.2538,0.0,2,10,500
1e-06,13.3968,0.0,2,10,500
1.25893e-06,13.5218,0.0,2,10,500
1.58489e-06,13.6298,0.0,2,10,500
1.99526e-06,13.7222,0.0,2,10,500
2.51189e-06,13.8004,0.0,2,10,500
3.16228e-06,13.8661,0.0,2,10,500
3.98107e-06,13.9206,0.0,2,10,500
5.01187e-06,13.9656,0.0,2,10,500
6.30957e-06,14.0025,0.0,2,10,500
7.94328e-06,14.0326,0.0,2,10,500
1e-05,14.057,0.0,2,10,500
1.25893e-05,14.0767,0.0,2,10,500
1.58489e-05,14.0925,0.0,2,10,500
1.99526e-05,14.1053,0.0,2,10,500
2.51189e-05,14.1155,0.0,2,10,500
3.16228e-05,14.1237,0.0,2,10,500
3.98107e-05,14.1302,0.0,2,10,500
5.01187e-05,14.1354,0.0,2,10,500
6.30957e-05,14.1396,0.0,2,10,500
7.94328e-05,14.1429,0.0,2,10,500
0.0001,14.1455,0.0,2,10,500
1e-09,1.68704,0.0,2,20,300
1.25893e-09,2.05143,0.0,2,20,300
1.58489e-09,2.47934,0.0,2,20,300
1.99526e-09,2.97611,0.0,2,20,300
2.51189e-09,3.54557,0.0,2,20,300
3.16228e-09,4.18937,0.0,2,20,300
3.98107e-09,4.90645,0.0,2,20,300
5.01187e-09,5.69263,0.0,2,20,300
6.30957e-09,6.54051,0.0,2,20,300
7.94328e-09,7.43959,0.0,2,20,300
1e-08,8.37689,0.0,2,20,300
1.25893e-08,9.33774,0.0,2,20,300
1.58489e-08,10.3067,0.0,2,20,300
1.99526e-08,11.2689,0.0,2,20,300
2.51189e-08,12.2103,0.0,2,20,300
3.16228e-08,13.1191,0.0,2,20,300
3.98107e-08,13.9857,0.0,2,20,300
5.01187e-08,14.803,0.0,2,20,300
6.30957e-08,15.5664,0.0,2,20,300
7.94328e-08,16.2735,0.0,2,20,300
1e-07,16.9237,0.0,2,20,300
1.25893e-07,17.5183,0.0,2,20,300
1.58489e-07,18.0593,0.0,2,20,300
1.99526e-07,18.55,0.0,2,20,300
2.51189e-07,18.9938,0.0,2,20,300
3.16228e-07,19.3943,0.0,2,20,300
3.98107e-07,19.7553,0.0,2,20,300
5.01187e-07,20.0801,0.0,2,20,300
6.30957e-07,20.3717,0.0,2,20,300
7.94328e-07,20.6329,0.0,2,20,300
1e-06,20.8661,0.0,2,20,300
1.25893e-06,21.0734,0.0,2,20,300
1.58489e-06,21.2569,0.0,2,20,300
1.99526e-06,21.4184,0.0,2,20,300
2.51189e-06,21.5596,0.0,2,20,300
3.16228e-06,21.6822,0.0,2,20,300
3.98107e-06,21.7879,0.0,2,20,300
5.01187e-06,21.8784,0.0,2,20,300
6.30957e-06,21.955,0.0,2,20,300
7.94328e-06,22.0196,0.0,2,20,300
1e-05,22.0735,0.0,2,20,300
1.25893e-05,22.1182,0.0,2,20,300
1.58489e-05,22.155,0.0,2,20,300
1.99526e-05,22.1851,0.0,2,20,300
2.51189e-05,22.2096,0.0,2,20,300
3.16228e-05,22.2295,0.0,2,20,300
3.98107e-05,22.2456,0.0,2,20,300
5.01187e-05,22.2585,0.0,2,20,300
6.30957e-05,22.2689,0.0,2,20,300
7.94328e-05,22.2772,0.0,2,20,300
0.0001,22.2839,0.0,2,20,300
1e-09,1.68704,0.0,2,20,400
1.25893e-09,2.05143,0.0,2,20,400
1.58489e-09,2.47934,0.0,2,20,400
1.99526e-09,2.97611,0.0,2,20,400
2.51189e-09,3.54557,0.0,2,20,400
3.16228e-09,4.18937,0.0,2,20,400
3.98107e-09,4.90645,0.0,2,20,400
5.01187e-09,5.69263,0.0,2,20,400
6.30957e-09,6.54051,0.0,2,20,400
7.94328e-09,7.43959,0.0,2,20,400
1e-08,8.37689,0.0,2,20,400
1.25893e-08,9.33774,0.0,2,20,400
1.58489e-08,10.3067,0.0,2,20,400
1.99526e-08,11.2689,0.0,2,20,400
2.51189e-08,12.2103,0.0,2,20,400
3.16228e-08,13.1191,0.0,2,20,400
3.98107e-08,13.9857,0.0,2,20,400
5.01187e-08,14.803,0.0,2,20,400
6.30957e-08,15.5664,0.0,2,20,400
7.94328e-08,16.2735,0.0,2,20,400
1e-07,16.9237,0.0,2,20,400
1.25893e-07,17.5183,0.0,2,20,400
1.58489e-07,18.0593,0.0,2,20,400
1.99526e-07,18.55,0.0,2,20,400
2.51189e-07,18.9938,0.0,2,20,400
3.16228e-07,19.3943,0.0,2,20,400
3.98107e-07,19.7553,0.0,2,20,400
5.01187e-07,20.0801,0.0,2,20,400
6.30957e-07,20.3717,0.0,2,20,400
7.94328e-07,20.6329,0.0,2,20,400
1e-06,20.8661,0.0,2,20,400
1.25893e-06,21.0734,0.0,2,20,400
1.58489e-06,21.2569,0.0,2,20,400
1.99526e-06,21.4184,0.0,2,20,400
2.51189e-06,21.5596,0.0,2,20,400
3.16228e-06,21.6822,0.0,2,20,400
3.98107e-06,21.7879,0.0,2,20,400
5.01187e-06,21.8784,0.0,2,20,400
6.30957e-06,21.955,0.0,2,20,400
7.94328e-06,22.0196,0.0,2,20,400
1e-05,22.0735,0.0,2,20,400
1.25893e-05,22.1182,0.0,2,20,400
1.58489e-05,22.155,0.0,2,20,400
1.99526e-05,22.1851,0.0,2,20,400
2.51189e-05,22.2096,0.0,2,20,400
3.16228e-05,22.2295,0.0,2,20,400
3.98107e-05,22.2456,0.0,2,20,400
5.01187e-05,22.2585,0.0,2,20,400
6.30957e-05,22.2689,0.0,2,20,400
7.94328e-05,22.2772,0.0,2,20,400
0.0001,22.2839,0.0,2,20,400
1e-09,1.68704,0.0,2,20,500
1.25893e-09,2.05143,0.0,2,20,500
1.58489e-09,2.47934,0.0,2,20,500
1.99526e-09,2.97611,0.0,2,20,500
2.51189e-09,3.54557,0.0,2,20,500
3.16228e-09,4.18937,0.0,2,20,500
3.98107e-09,4.90645,0.0,2,20,500
5.01187e-09,5.69263,0.0,2,20,500
6.30957e-09,6.54051,0.0,2,20,500
7.94328e-09,7.43959,0.0,2,20,500
1e-08,8.37689,0.0,2,20,500
1.25893e-08,9.33774,0.0,2,20,500
1.58489e-08,10.3067,0.0,2,20,500
1.99526e-08,11.2689,0.0,2,20,500
2.51189e-08,12.2103,0.0,2,20,500
3.16228e-08,13.1191,0.0,2,20,500
3.98107e-08,13.9857,0.0,2,20,500
5.01187e-08,14.803,0.0,2,20,500
6.30957e-08,15.5664,0.0,2,20,500
7.94328e-08,16.2735,0.0,2,20,500
1e-07,16.9237,0.0,2,20,500
1.25893e-07,17.5183,0.0,2,20,500
1.58489e-07,18.0593,0.0,2,20,500
1.99526e-07,18.55,0.0,2,20,500
2.51189e-07,18.9938,0.0,2,20,500
3.16228e-07,19.3943,0.0,2,20,500
3.98107e-07,19.7553,0.0,2,20,500
5.01187e-07,20.0801,0.0,2,20,500
6.30957e-07,20.3717,0.0,2,20,500
7.94328e-07,20.6329,0.0,2,20,500
1e-06,20.8661,0.0,2,20,500
1.25893e-06,21.0734,0.0,2,20,500
1.58489e-06,21.2569,0.0,2,20,500
1.99526e-06,21.4184,0.0,2,20,500
2.51189e-06,21.5596,0.0,2,20,500
3.16228e-06,21.6822,0.0,2,20,500
3.98107e-06,21.7879,0.0,2,20,500
5.01187e-06,21.8784,0.0,2,20,500
6.30957e-06,21.955,0.0,2,20,500
7.94328e-06,22.0196,0.0,2,20,500
1e-05,22.0735,0.0,2,20,500
1.25893e-05,22.1182,0.0,2,20,500
1.58489e-05,22.155,0.0,2,20,500
1.99526e-05,22.1851,0.0,2,20,500
2.51189e-05,22.2096,0.0,2,20,500
3.16228e-05,22.2295,0.0,2,20,500
3.98107e-05,22.2456,0.0,2,20,500
5.01187e-05,22.2585,0.0,2,20,500
6.30957e-05,22.2689,0.0,2,20,500
7.94328e-05,22.2772,0.0,2,20,500
0.0001,22.2839,0.0,2,20,500
1e-09,1.09575,0.0,5,2,300
1.25893e-09,1.30386,0.0,5,2,300
1.58489e-09,1.53954,0.0,5,2,300
1.99526e-09,1.80303,0.0,5,2,300
2.51189e-09,2.09381,0.0,5,2,300
3.16228e-09,2.41053,0.0,5,2,300
3.98107e-09,2.75111,0.0,5,2,300
5.01187e-09,3.11286,0.0,5,2,300
6.30957e-09,3.49266,0.0,5,2,300
7.94328e-09,3.88714,0.0,5,2,300
1e-08,4.29286,0.0,5,2,300
1.25893e-08,4.70647,0.0,5,2,300
1.58489e-08,5.12474,0.0,5,2,300
1.99526e-08,5.5447,0.0,5,2,300
2.51189e-08,5.96358,0.0,5,2,300
3.16228e-08,6.37885,0.0,5,2,300
3.98107e-08,6.78822,0.0,5,2,300
5.01187e-08,7.18961,0.0,5,2,300
6.30957e-08,7.58115,0.0,5,2,300
7.94328e-08,7.96117,0.0,5,2,300
1e-07,8.32818,0.0,5,2,300
1.25893e-07,8.68083,0.0,5,2,300
1.58489e-07,9.0179,0.0,5,2,300
1.99526e-07,9.3383,0.0,5,2,300
2.51189e-07,9.64101,0.0,5,2,300
3.16228e-07,9.92514,0.0,5,2,300
3.98107e-07,10.1899,0.0,5,2,300
5.01187e-07,10.4347,0.0,5,2,300
6.30957e-07,10.6592,0.0,5,2,300
7.94328e-07,10.8632,0.0,5,2,300
1e-06,11.0469,0.0,5,2,300
1.25893e-06,11.2107,0.0,5,2,300
1.58489e-06,11.3554,0.0,5,2,300
1.99526e-06,11.4818,0.0,5,2,300
2.51189e-06,11.5912,0.0,5,2,300
3.16228e-06,11.6848,0.0,5,2,300
3.98107e-06,11.7643,0.0,5,2,300
5.01187e-06,11.8311,0.0,5,2,300
6.30957e-06,11.8868,0.0,5,2,300
7.94328e-06,11.9328,0.0,5,2,300
1e-05,11.9706,0.0,5,2,300
1.25893e-05,12.0015,0.0,5,2,300
1.58489e-05,12.0266,0.0,5,2,300
1.99526e-05,12.047,0.0,5,2,300
2.51189e-05,12.0634,0.0,5,2,300
3.16228e-05,12.0765,0.0,5,2,300
3.98107e-05,12.0871,0.0,5,2,300
5.01187e-05,12.0956,0.0,5,2,300
6.30957e-05,12.1024,0.0,5,2,300
7.94328e-05,12.1078,0.0,5,2,300
0.0001,12.1121,0.0,5,2,300
1e-09,1.09575,0.0,5,2,400
1.25893e-09,1.30386,0.0,5,2,400
1.58489e-09,1.53954,0.0,5,2,400
1.99526e-09,1.80303,0.0,5,2,400
2.51189e-09,2.09381,0.0,5,2,400
3.16228e-09,2.41053,0.0,5,2,400
3.98107e-09,2.75111,0.0,5,2,400
5.01187e-09,3.11286,0.0,5,2,400
6.30957e-09,3.49266,0.0,5,2,400
7.94328e-09,3.88714,0.0,5,2,400
1e-08,4.29286,0.0,5,2,400
1.25893e-08,4.70647,0.0,5,2,400
1.58489e-08,5.12474,0.0,5,2,400
1.99526e-08,5.5447,0.0,5,2,400
2.51189e-08,5.96358,0.0,5,2,400
3.16228e-08,6.37885,0.0,5,2,400
3.98107e-08,6.78822,0.0,5,2,400
5.01187e-08,7.18961,0.0,5,2,400
6.30957e-08,7.58115,0.0,5,2,400
7.94328e-08,7.96117,0.0,5,2,400
1e-07,8.32818,0.0,5,2,400
1.25893e-07,8.68083,0.0,5,2,400
1.58489e-07,9.0179,0.0,5,2,400
1.99526e-07,9.3383,0.0,5,2,400
2.51189e-07,9.64101,0.0,5,2,400
3.16228e-07,9.92514,0.0,5,2,400
3.98107e-07,10.1899,0.0,5,2,400
5.01187e-07,10.4347,0.0,5,2,400
6.30957e-07,10.6592,0.0,5,2,400
7.94328e-07,10.8632,0.0,5,2,400
1e-06,11.0469,0.0,5,2,400
1.25893e-06,11.2107,0.0,5,2,400
1.58489e-06,11.3554,0.0,5,2,400
1.99526e-06,11.4818,0.0,5,2,400
2.51189e-06,11.5912,0.0,5,2,400
3.16228e-06,11.6848,0.0,5,2,400
3.98107e-06,11.7643,0.0,5,2,400
5.01187e-06,11.8311,0.0,5,2,400
6.30957e-06,11.8868,0.0,5,2,400
7.94328e-06,11.9328,0.0,5,2,400
1e-05,11.9706,0.0,5,2,400
1.25893e-05,12.0015,0.0,5,2,400
1.58489e-05,12.0266,0.0,5,2,400
1.99526e-05,12.047,0.0,5,2,400
2.51189e-05,12.0634,0.0,5,2,400
3.16228e-05,12.0765,0.0,5,2,400
3.98107e-05,12.0871,0.0,5,2,400
5.01187e-05,12.0956,0.0,5,2,400
6.30957e-05,12.1024,0.0,5,2,400
7.94328e-05,12.1078,0.0,5,2,400
0.0001,12.1121,0.0,5,2,400
1e-09,1.09575,0.0,5,2,500
1.25893e-09,1.30386,0.0,5,2,500
1.58489e-09,1.53954,0.0,5,2,500
1.99526e-09,1.80303,0.0,5,2,500
2.51189e-09,2.09381,0.0,5,2,500
3.16228e-09,2.41053,0.0,5,2,500
3.98107e-09,2.75111,0.0,5,2,500
5.01187e-09,3.11286,0.0,5,2,500
6.30957e-09,3.49266,0.0,5,2,500
7.94328e-09,3.88714,0.0,5,2,500
1e-08,4.29286,0.0,5,2,500
1.25893e-08,4.70647,0.0,5,2,500
1.58489e-08,5.12474,0.0,5,2,500
1.99526e-08,5.5447,0.0,5,2,500
2.51189e-08,5.96358,0.0,5,2,500
3.16228e-08,6.37885,0.0,5,2,500
3.98107e-08,6.78822,0.0,5,2,500
5.01187e-08,7.18961,0.0,5,2,500
6.30957e-08,7.58115,0.0,5,2,500
7.94328e-08,7.96117,0.0,5,2,500
1e-07,8.32818,0.0,5,2,500
1.25893e-07,8.68083,0.0,5,2,500
1.58489e-07,9.0179,0.0,5,2,500
1.99526e-07,9.3383,0.0,5,2,500
2.51189e-07,9.64101,0.0,5,2,500
3.16228e-07,9.92514,0.0,5,2,500
3.98107e-07,10.1899,0.0,5,2,500
5.01187e-07,10.4347,0.0,5,2,500
6.30957e-07,10.6592,0.0,5,2,500
7.94328e-07,10.8632,0.0,5,2,500
1e-06,11.0469,0.0,5,2,500
1.25893e-06,11.2107,0.0,5,2,500
1.58489e-06,11.3554,0.0,5,2,500
1.99526e-06,11.4818,0.0,5,2,500
2.51189e-06,11.5912,0.0,5,2,500
3.16228e-06,11.6848,0.0,5,2,500
3.98107e-06,11.7643,0.0,5,2,500
5.01187e-06,11.8311,0.0,5,2,500
6.30957e-06,11.8868,0.0,5,2,500
7.94328e-06,11.9328,0.0,5,2,500
1e-05,11.9706,0.0,5,2,500
1.25893e-05,12.0015,0.0,5,2,500
1.58489e-05,12.0266,0.0,5,2,500
1.99526e-05,12.047,0.0,5,2,500
2.51189e-05,12.0634,0.0,5,2,500
3.16228e-05,12.0765,0.0,5,2,500
3.98107e-05,12.0871,0.0,5,2,500
5.01187e-05,12.0956,0.0,5,2,500
6.30957e-05,12.1024,0.0,5,2,500
7.94328e-05,12.1078,0.0,5,2,500
0.0001,12.1121,0.0,5,2,500
1e-09,1.21678,0.0,5,5,300
1.25893e-09,1.45135,0.0,5,5,300
1.58489e-09,1.71781,0.0,5,5,300
1.99526e-09,2.01644,0.0,5,5,300
2.51189e-09,2.34646,0.0,5,5,300
3.16228e-09,2.7059,0.0,5,5,300
3.98107e-09,3.09165,0.0,5,5,300
5.01187e-09,3.49958,0.0,5,5,300
6.30957e-09,3.92481,0.0,5,5,300
7.94328e-09,4.36194,0.0,5,5,300
1e-08,4.80544,0.0,5,5,300
1.25893e-08,5.2499,0.0,5,5,300
1.58489e-08,5.69029,0.0,5,5,300
1.99526e-08,6.12215,0.0,5,5,300
2.51189e-08,6.54168,0.0,5,5,300
3.16228e-08,6.94579,0.0,5,5,300
3.98107e-08,7.33216,0.0,5,5,300
5.01187e-08,7.69918,0.0,5,5,300
6.30957e-08,8.04593,0.0,5,5,300
7.94328e-08,8.37214,0.0,5,5,300
1e-07,8.67807,0.0,5,5,300
1.25893e-07,8.96441,0.0,5,5,300
1.58489e-07,9.23213,0.0,5,5,300
1.99526e-07,9.48231,0.0,5,5,300
2.51189e-07,9.71597,0.0,5,5,300
3.16228e-07,9.93402,0.0,5,5,300
3.98107e-07,10.1371,0.0,5,5,300
5.01187e-07,10.3258,0.0,5,5,300
6.30957e-07,10.5001,0.0,5,5,300
7.94328e-07,10.6604,0.0,5,5,300
1e-06,10.8066,0.0,5,5,300
1.25893e-06,10.939,0.0,5,5,300
1.58489e-06,11.0576,0.0,5,5,300
1.99526e-06,11.1628,0.0,5,5,300
2.51189e-06,11.2553,0.0,5,5,300
3.16228e-06,11.3355,0.0,5,5,300
3.98107e-06,11.4045,0.0,5,5,300
5.01187e-06,11.4632,0.0,5,5,300
6.30957e-06,11.5127,0.0,5,5,300
7.94328e-06,11.5539,0.0,5,5,300
1e-05,11.5881,0.0,5,5,300
1.25893e-05,11.6163,0.0,5,5,300
1.58489e-05,11.6393,0.0,5,5,300
1.99526e-05,11.658,0.0,5,5,300
2.51189e-05,11.6731,0.0,5,5,300
3.16228e-05,11.6853,0.0,5,5,300
3.98107e-05,11.6951,0.0,5,5,300
5.01187e-05,11.703,0.0,5,5,300
6.30957e-05,11.7093,0.0,5,5,300
7.94328e-05,11.7144,0.0,5,5,300
0.0001,11.7184,0.0,5,5,300
1e-09,1.21678,0.0,5,5,400
1.25893e-09,1.45135,0.0,5,5,400
1.58489e-09,1.71781,0.0,5,5,400
1.99526e-09,2.01644,0.0,5,5,400
2.51189e-09,2.34646,0.0,5,5,400
3.16228e-09,2.7059,0.0,5,5,400
3.98107e-09,3.09165,0.0,5,5,400
5.01187e-09,3.49958,0.0,5,5,400
6.30957e-09,3.92481,0.0,5,5,400
7.94328e-09,4.36194,0.0,5,5,400
1e-08,4.80544,0.0,5,5,400
1.25893e-08,5.2499,0.0,5,5,400
1.58489e-08,5.69029,0.0,5,5,400
1.99526e-08,6.12215,0.0,5,5,400
2.51189e-08,6.54168,0.0,5,5,400
3.16228e-08,6.94579,0.0,5,5,400
3.98107e-08,7.33216,0.0,5,5,400
5.01187e-08,7.69918,0.0,5,5,400
6.30957e-08,8.04593,0.0,5,5,400
7.94328e-08,8.37214,0.0,5,5,400
1e-07,8.67807,0.0,5,5,400
1.25893e-07,8.96441,0.0,5,5,400
1.58489e-07,9.23213,0.0,5,5,400
1.99526e-07,9.48231,0.0,5,5,400
2.51189e-07,9.71597,0.0,5,5,400
3.16228e-07,9.93402,0.0,5,5,400
3.98107e-07,10.1371,0.0,5,5,400
5.01187e-07,10.3258,0.0,5,5,400
6.30957e-07,10.5001,0.0,5,5,400
7.94328e-07,10.6604,0.0,5,5,400
1e-06,10.8066,0.0,5,5,400
1.25893e-06,10.939,0.0,5,5,400
1.58489e-06,11.0576,0.0,5,5,400
1.99526e-06,11.1628,0.0,5,5,400
2.51189e-06,11.2553,0.0,5,5,400
3.16228e-06,11.3355,0.0,5,5,400
3.98107e-06,11.4045,0.0,5,5,400
5.01187e-06,11.4632,0.0,5,5,400
6.30957e-06,11.5127,0.0,5,5,400
7.94328e-06,11.5539,0.0,5,5,400
1e-05,11.5881,0.0,5,5,400
1.25893e-05,11.6163,0.0,5,5,400
1.58489e-05,11.6393,0.0,5,5,400
1.99526e-05,11.658,0.0,5,5,400
2.51189e-05,11.6731,0.0,5,5,400
3.16228e-05,11.6853,0.0,5,5,400
3.98107e-05,11.6951,0.0,5,5,400
5.01187e-05,11.703,0.0,5,5,400
6.30957e-05,11.7093,0.0,5,5,400
7.94328e-05,11.7144,0.0,5,5,400
0.0001,11.7184,0.0,5,5,400
1e-09,1.21678,0.0,5,5,500
1.25893e-09,1.45135,0.0,5,5,500
1.58489e-09,1.71781,0.0,5,5,500
1.99526e-09,2.01644,0.0,5,5,500
2.51189e-09,2.34646,0.0,5,5,500
3.16228e-09,2.7059,0.0,5,5,500
3.98107e-09,3.09165,0.0,5,5,500
5.01187e-09,3.49958,0.0,5,5,500
6.30957e-09,3.92481,0.0,5,5,500
7.94328e-09,4.36194,0.0,5,5,500
1e-08,4.80544,0.0,5,5,500
1.25893e-08,5.2499,0.0,5,5,500
1.58489e-08,5.69029,0.0,5,5,500
1.99526e-08,6.12215,0.0,5,5,500
2.51189e-08,6.54168,0.0,5,5,500
3.16228e-08,6.94579,0.0,5,5,500
3.98107e-08,7.33216,0.0,5,5,500
5.01187e-08,7.69918,0.0,5,5,500
6.30957e-08,8.04593,0.0,5,5,500
7.94328e-08,8.37214,0.0,5,5,500
1e-07,8.67807,0.0,5,5,500
1.25893e-07,8.96441,0.0,5,5,500
1.58489e-07,9.23213,0.0,5,5,500
1.99526e-07,9.48231,0.0,5,5,500
2.51189e-07,9.71597,0.0,5,5,500
3.16228e-07,9.93402,0.0,5,5,500
3.98107e-07,10.1371,0.0,5,5,500
5.01187e-07,10.3258,0.0,5,5,500
6.30957e-07,10.5001,0.0,5,5,500
7.94328e-07,10.6604,0.0,5,5,500
1e-06,10.8066,0.0,5,5,500
1.25893e-06,10.939,0.0,5,5,500
1.58489e-06,11.0576,0.0,5,5,500
1.99526e-06,11.1628,0.0,5,5,500
2.51189e-06,11.2553,0.0,5,5,500
3.16228e-06,11.3355,0.0,5,5,500
3.98107e-06,11.4045,0.0,5,5,500
5.01187e-06,11.4632,0.0,5,5,500
6.30957e-06,11.5127,0.0,5,5,500
7.94328e-06,11.5539,0.0,5,5,500
1e-05,11.5881,0.0,5,5,500
1.25893e-05,11.6163,0.0,5,5,500
1.58489e-05,11.6393,0.0,5,5,500
1.99526e-05,11.658,0.0,5,5,500
2.51189e-05,11.6731,0.0,5,5,500
3.16228e-05,11.6853,0.0,5,5,500
3.98107e-05,11.6951,0.0,5,5,500
5.01187e-05,11.703,0.0,5,5,500
6.30957e-05,11.7093,0.0,5,5,500
7.94328e-05,11.7144,0.0,5,5,500
0.0001,11.7184,0.0,5,5,500
1e-09,1.39463,0.0,5,10,300
1.25893e-09,1.67885,0.0,5,10,300
1.58489e-09,2.00674,0.0,5,10,300
1.99526e-09,2.38021,0.0,5,10,300
2.51189e-09,2.79978,0.0,5,10,300
3.16228e-09,3.26427,0.0,5,10,300
3.98107e-09,3.77066,0.0,5,10,300
5.01187e-09,4.31405,0.0,5,10,300
6.30957e-09,4.88785,0.0,5,10,300
7.94328e-09,5.48409,0.0,5,10,300
1e-08,6.09398,0.0,5,10,300
1.25893e-08,6.70843,0.0,5,10,300
1.58489e-08,7.31865,0.0,5,10,300
1.99526e-08,7.91658,0.0,5,10,300
2.51189e-08,8.49526,0.0,5,10,300
3.16228e-08,9.04911,0.0,5,10,300
3.98107e-08,9.57393,0.0,5,10,300
5.01187e-08,10.067,0.0,5,10,300
6.30957e-08,10.5269,0.0,5,10,300
7.94328e-08,10.9533,0.0,5,10,300
1e-07,11.3472,0.0,5,10,300
1.25893e-07,11.7098,0.0,5,10,300
1.58489e-07,12.0433,0.0,5,10,300
1.99526e-07,12.3498,0.0,5,10,300
2.51189e-07,12.6314,0.0,5,10,300
3.16228e-07,12.8901,0.0,5,10,300
3.98107e-07,13.1274,0.0,5,10,300
5.01187e-07,13.3447,0.0,5,10,300
6.30957e-07,13.5427,0.0,5,10,300
7.94328e-07,13.7223,0.0,5,10,300
1e-06,13.8841,0.0,5,10,300
1.25893e-06,14.0285,0.0,5,10,300
1.58489e-06,14.1562,0.0,5,10,300
1.99526e-06,14.2682,0.0,5,10,300
2.51189e-06,14.3652,0.0,5,10,300
3.16228e-06,14.4485,0.0,5,10,300
3.98107e-06,14.5194,0.0,5,10,300
5.01187e-06,14.579,0.0,5,10,300
6.30957e-06,14.6289,0.0,5,10,300
7.94328e-06,14.6701,0.0,5,10,300
1e-05,14.7041,0.0,5,10,300
1.25893e-05,14.7319,0.0,5,10,300
1.58489e-05,14.7545,0.0,5,10,300
1.99526e-05,14.7728,0.0,5,10,300
2.51189e-05,14.7876,0.0,5,10,300
3.16228e-05,14.7995,0.0,5,10,300
3.98107e-05,14.809,0.0,5,10,300
5.01187e-05,14.8167,0.0,5,10,300
6.30957e-05,14.8228,0.0,5,10,300
7.94328e-05,14.8277,0.0,5,10,300
0.0001,14.8316,0.0,5,10,300
1e-09,1.39463,0.0,5,10,400
1.25893e-09,1.67885,0.0,5,10,400
1.58489e-09,2.00674,0.0,5,10,400
1.99526e-09,2.38021,0.0,5,10,400
2.51189e-09,2.79978,0.0,5,10,400
3.16228e-09,3.26427,0.0,5,10,400
3.98107e-09,3.77066,0.0,5,10,400
5.01187e-09,4.31405,0.0,5,10,400
6.30957e-09,4.88785,0.0,5,10,400
7.94328e-09,5.48409,0.0,5,10,400
1e-08,6.09398,0.0,5,10,400
1.25893e-08,6.70843,0.0,5,10,400
1.58489e-08,7.31865,0.0,5,10,400
1.99526e-08,7.91658,0.0,5,10,400
2.51189e-08,8.49526,0.0,5,10,400
3.16228e-08,9.04911,0.0,5,10,400
3.98107e-08,9.57393,0.0,5,10,400
5.01187e-08,10.067,0.0,5,10,400
6.30957e-08,10.5269,0.0,5,10,400
7.94328e-08,10.9533,0.0,5,10,400
1e-07,11.3472,0.0,5,10,400
1.25893e-07,11.7098,0.0,5,10,400
1.58489e-07,12.0433,0.0,5,10,400
1.99526e-07,12.3498,0.0,5,10,400
2.51189e-07,12.6314,0.0,5,10,400
3.16228e-07,12.8901,0.0,5,10,400
3.98107e-07,13.1274,0.0,5,10,400
5.01187e-07,13.3447,0.0,5,10,400
6.30957e-07,13.5427,0.0,5,10,400
7.94328e-07,13.7223,0.0,5,10,400
1e-06,13.8841,0.0,5,10,400
1.25893e-06,14.0285,0.0,5,10,400
1.58489e-06,14.1562,0.0,5,10,400
1.99526e-06,14.2682,0.0,5,10,400
2.51189e-06,14.3652,0.0,5,10,400
3.16228e-06,14.4485,0.0,5,10,400
3.98107e-06,14.5194,0.0,5,10,400
5.01187e-06,14.579,0.0,5,10,400
6.30957e-06,14.6289,0.0,5,10,400
7.94328e-06,14.6701,0.0,5,10,400
1e-05,14.7041,0.0,5,10,400
1.25893e-05,14.7319,0.0,5,10,400
1.58489e-05,14.7545,0.0,5,10,400
1.99526e-05,14.7728,0.0,5,10,400
2.51189e-05,14.7876,0.0,5,10,400
3.16228e-05,14.7995,0.0,5,10,400
3.98107e-05,14.809,0.0,5,10,400
5.01187e-05,14.8167,0.0,5,10,400
6.30957e-05,14.8228,0.0,5,10,400
7.94328e-05,14.8277,0.0,5,10,400
0.0001,14.8316,0.0,5,10,400
1e-09,1.39463,0.0,5,10,500
1.25893e-09,1.67885,0.0,5,10,500
1.58489e-09,2.00674,0.0,5,10,500
1.99526e-09,2.38021,0.0,5,10,500
2.51189e-09,2.79978,0.0,5,10,500
3.16228e-09,3.26427,0.0,5,10,500
3.98107e-09,3.77066,0.0,5,10,500
5.01187e-09,4.31405,0.0,5,10,500
6.30957e-09,4.88785,0.0,5,10,500
7.94328e-09,5.48409,0.0,5,10,500
1e-08,6.09398,0.0,5,10,500
1.25893e-08,6.70843,0.0,5,10,500
1.58489e-08,7.31865,0.0,5,10,500
1.99526e-08,7.91658,0.0,5,10,500
2.51189e-08,8.49526,0.0,5,10,500
3.16228e-08,9.04911,0.0,5,10,500
3.98107e-08,9.57393,0.0,5,10,500
5.01187e-08,10.067,0.0,5,10,500
6.30957e-08,10.5269,0.0,5,10,500
7.94328e-08,10.9533,0.0,5,10,500
1e-07,11.3472,0.0,5,10,500
1.25893e-07,11.7098,0.0,5,10,500
1.58489e-07,12.0433,0.0,5,10,500
1.99526e-07,12.3498,0.0,5,10,500
2.51189e-07,12.6314,0.0,5,10,500
3.16228e-07,12.8901,0.0,5,10,500
3.98107e-07,13.1274,0.0,5,10,500
5.01187e-07,13.3447,0.0,5,10,500
6.30957e-07,13.5427,0.0,5,10,500
7.94328e-07,13.7223,0.0,5,10,500
1e-06,13.8841,0.0,5,10,500
1.25893e-06,14.0285,0.0,5,10,500
1.58489e-06,14.1562,0.0,5,10,500
1.99526e-06,14.2682,0.0,5,10,500
2.51189e-06,14.3652,0.0,5,10,500
3.16228e-06,14.4485,0.0,5,10,500
3.98107e-06,14.5194,0.0,5,10,500
5.01187e-06,14.579,0.0,5,10,500
6.30957e-06,14.6289,0.0,5,10,500
7.94328e-06,14.6701,0.0,5,10,500
1e-05,14.7041,0.0,5,10,500
1.25893e-05,14.7319,0.0,5,10,500
1.58489e-05,14.7545,0.0,5,10,500
1.99526e-05,14.7728,0.0,5,10,500
2.51189e-05,14.7876,0.0,5,10,500
3.16228e-05,14.7995,0.0,5,10,500
3.98107e-05,14.809,0.0,5,10,500
5.01187e-05,14.8167,0.0,5,10,500
6.30957e-05,14.8228,0.0,5,10,500
7.94328e-05,14.8277,0.0,5,10,500
0.0001,14.8316,0.0,5,10,500
1e-09,1.58886,0.0,5,20,300
1.25893e-09,1.9332,0.0,5,20,300
1.58489e-09,2.33818,0.0,5,20,300
1.99526e-09,2.80919,0.0,5,20,300
2.51189e-09,3.35024,0.0,5,20,300
3.16228e-09,3.9634,0.0,5,20,300
3.98107e-09,4.64816,0.0,5,20,300
5.01187e-09,5.40101,0.0,5,20,300
6.30957e-09,6.2152,0.0,5,20,300
7.94328e-09,7.08085,0.0,5,20,300
1e-08,7.98543,0.0,5,20,300
1.25893e-08,8.91449,0.0,5,20,300
1.58489e-08,9.85266,0.0,5,20,300
1.99526e-08,10.7848,0.0,5,20,300
2.51189e-08,11.6968,0.0,5,20,300
3.16228e-08,12.5766,0.0,5,20,300
3.98107e-08,13.4144,0.0,5,20,300
5.01187e-08,14.2031,0.0,5,20,300
6.30957e-08,14.9381,0.0,5,20,300
7.94328e-08,15.6171,0.0,5,20,300
1e-07,16.2399,0.0,5,20,300
1.25893e-07,16.8079,0.0,5,20,300
1.58489e-07,17.3236,0.0,5,20,300
1.99526e-07,17.7905,0.0,5,20,300
2.51189e-07,18.2123,0.0,5,20,300
3.16228e-07,18.5928,0.0,5,20,300
3.98107e-07,18.9355,0.0,5,20,300
5.01187e-07,19.2436,0.0,5,20,300
6.30957e-07,19.5196,0.0,5,20,300
7.94328e-07,19.7658,0.0,5,20,300
1e-06,19.984,0.0,5,20,300
1.25893e-06,20.1761,0.0,5,20,300
1.58489e-06,20.3437,0.0,5,20,300
1.99526e-06,20.4886,0.0,5,20,300
2.51189e-06,20.6126,0.0,5,20,300
3.16228e-06,20.7177,0.0,5,20,300
3.98107e-06,20.8061,0.0,5,20,300
5.01187e-06,20.8797,0.0,5,20,300
6.30957e-06,20.9405,0.0,5,20,300
7.94328e-06,20.9905,0.0,5,20,300
1e-05,21.0313,0.0,5,20,300
1.25893e-05,21.0645,0.0,5,20,300
1.58489e-05,21.0913,0.0,5,20,300
1.99526e-05,21.1129,0.0,5,20,300
2.51189e-05,21.1303,0.0,5,20,300
3.16228e-05,21.1443,0.0,5,20,300
3.98107e-05,21.1554,0.0,5,20,300
5.01187e-05,21.1643,0.0,5,20,300
6.30957e-05,21.1715,0.0,5,20,300
7.94328e-05,21.1771,0.0,5,20,300
0.0001,21.1817,0.0,5,20,300
1e-09,1.58886,0.0,5,20,400
1.25893e-09,1.9332,0.0,5,20,400
1.58489e-09,2.33818,0.0,5,20,400
1.99526e-09,2.80919,0.0,5,20,400
2.51189e-09,3.35024,0.0,5,20,400
3.16228e-09,3.9634,0.0,5,20,400
3.98107e-09,4.64816,0.0,5,20,400
5.01187e-09,5.40101,0.0,5,20,400
6.30957e-09,6.2152,0.0,5,20,400
7.94328e-09,7.08085,0.0,5,20,400
1e-08,7.98543,0.0,5,20,400
1.25893e-08,8.91449,0.0,5,20,400
1.58489e-08,9.85266,0.0,5,20,400
1.99526e-08,10.7848,0.0,5,20,400
2.51189e-08,11.6968,0.0,5,20,400
3.16228e-08,12.5766,0.0,5,20,400
3.98107e-08,13.4144,0.0,5,20,400
5.01187e-08,14.2031,0.0,5,20,400
6.30957e-08,14.9381,0.0,5,20,400
7.94328e-08,15.6171,0.0,5,20,400
1e-07,16.2399,0.0,5,20,400
1.25893e-07,16.8079,0.0,5,20,400
1.58489e-07,17.3236,0.0,5,20,400
1.99526e-07,17.7905,0.0,5,20,400
2.51189e-07,18.2123,0.0,5,20,400
3.16228e-07,18.5928,0.0,5,20,400
3.98107e-07,18.9355,0.0,5,20,400
5.01187e-07,19.2436,0.0,5,20,400
6.30957e-07,19.5196,0.0,5,20,400
7.94328e-07,19.7658,0.0,5,20,400
1e-06,19.984,0.0,5,20,400
1.25893e-06,20.1761,0.0,5,20,400
1.58489e-06,20.3437,0.0,5,20,400
1.99526e-06,20.4886,0.0,5,20,400
2.51189e-06,20.6126,0.0,5,20,400
3.16228e-06,20.7177,0.0,5,20,400
3.98107e-06,20.8061,0.0,5,20,400
5.01187e-06,20.8797,0.0,5,20,400
6.30957e-06,20.9405,0.0,5,20,400
7.94328e-06,20.9905,0.0,5,20,400
1e-05,21.0313,0.0,5,20,400
1.25893e-05,21.0645,0.0,5,20,400
1.58489e-05,21.0913,0.0,5,20,400
1.99526e-05,21.1129,0.0,5,20,400
2.51189e-05,21.1303,0.0,5,20,400
3.16228e-05,21.1443,0.0,5,20,400
3.98107e-05,21.1554,0.0,5,20,400
5.01187e-05,21.1643,0.0,5,20,400
6.30957e-05,21.1715,0.0,5,20,400
7.94328e-05,21.1771,0.0,5,20,400
0.0001,21.1817,0.0,5,20,400
1e-09,1.58886,0.0,5,20,500
1.25893e-09,1.9332,0.0,5,20,500
1.58489e-09,2.33818,0.0,5,20,500
1.99526e-09,2.80919,0.0,5,20,500
2.51189e-09,3.35024,0.0,5,20,500
3.16228e-09,3.9634,0.0,5,20,500
3.98107e-09,4.64816,0.0,5,20,500
5.01187e-09,5.40101,0.0,5,20,500
6.30957e-09,6.2152,0.0,5,20,500
7.94328e-09,7.08085,0.0,5,20,500
1e-08,7.98543,0.0,5,20,500
1.25893e-08,8.91449,0.0,5,20,500
1.58489e-08,9.85266,0.0,5,20,500
1.99526e-08,10.7848,0.0,5,20,500
2.51189e-08,11.6968,0.0,5,20,500
3.16228e-08,12.5766,0.0,5,20,500
3.98107e-08,13.4144,0.0,5,20,500
5.01187e-08,14.2031,0.0,5,20,500
6.30957e-08,14.9381,0.0,5,20,500
7.94328e-08,15.6171,0.0,5,20,500
1e-07,16.2399,0.0,5,20,500
1.25893e-07,16.8079,0.0,5,20,500
1.58489e-07,17.3236,0.0,5,20,500
1.99526e-07,17.7905,0.0,5,20,500
2.51189e-07,18.2123,0.0,5,20,500
3.16228e-07,18.5928,0.0,5,20,500
3.98107e-07,18.9355,0.0,5,20,500
5.01187e-07,19.2436,0.0,5,20,500
6.30957e-07,19.5196,0.0,5,20,500
7.94328e-07,19.7658,0.0,5,20,500
1e-06,19.984,0.0,5,20,500
1.25893e-06,20.1761,0.0,5,20,500
1.58489e-06,20.3437,0.0,5,20,500
1.99526e-06,20.4886,0.0,5,20,500
2.51189e-06,20.6126,0.0,5,20,500
3.16228e-06,20.7177,0.0,5,20,500
3.98107e-06,20.8061,0.0,5,20,500
5.01187e-06,20.8797,0.0,5,20,500
6.30957e-06,20.9405,0.0,5,20,500
7.94328e-06,20.9905,0.0,5,20,500
1e-05,21.0313,0.0,5,20,500
1.25893e-05,21.0645,0.0,5,20,500
1.58489e-05,21.0913,0.0,5,20,500
1.99526e-05,21.1129,0.0,5,20,500
2.51189e-05,21.1303,0.0,5,20,500
3.16228e-05,21.1443,0.0,5,20,500
3.98107e-05,21.1554,0.0,5,20,500
5.01187e-05,21.1643,0.0,5,20,500
6.30957e-05,21.1715,0.0,5,20,500
7.94328e-05,21.1771,0.0,5,20,500
0.0001,21.1817,0.0,5,20,500
1e-09,1.1605,0.0,10,2,300
1.25893e-09,1.40291,0.0,10,2,300
1.58489e-09,1.68516,0.0,10,2,300
1.99526e-09,2.01018,0.0,10,2,300
2.51189e-09,2.38002,0.0,10,2,300
3.16228e-09,2.79571,0.0,10,2,300
3.98107e-09,3.25702,0.0,10,2,300
5.01187e-09,3.76247,0.0,10,2,300
6.30957e-09,4.30934,0.0,10,2,300
7.94328e-09,4.89386,0.0,10,2,300
1e-08,5.51151,0.0,10,2,300
1.25893e-08,6.15727,0.0,10,2,300
1.58489e-08,6.8259,0.0,10,2,300
1.99526e-08,7.51224,0.0,10,2,300
2.51189e-08,8.21123,0.0,10,2,300
3.16228e-08,8.91807,0.0,10,2,300
3.98107e-08,9.6281,0.0,10,2,300
5.01187e-08,10.3368,0.0,10,2,300
6.30957e-08,11.0395,0.0,10,2,300
7.94328e-08,11.7319,0.0,10,2,300
1e-07,12.4092,0.0,10,2,300
1.25893e-07,13.067,0.0,10,2,300
1.58489e-07,13.7009,0.0,10,2,300
1.99526e-07,14.3068,0.0,10,2,300
2.51189e-07,14.8811,0.0,10,2,300
3.16228e-07,15.4207,0.0,10,2,300
3.98107e-07,15.9232,0.0,10,2,300
5.01187e-07,16.3873,0.0,10,2,300
6.30957e-07,16.8124,0.0,10,2,300
7.94328e-07,17.1988,0.0,10,2,300
1e-06,17.5475,0.0,10,2,300
1.25893e-06,17.8605,0.0,10,2,300
1.58489e-06,18.1399,0.0,10,2,300
1.99526e-06,18.3881,0.0,10,2,300
2.51189e-06,18.6077,0.0,10,2,300
3.16228e-06,18.8009,0.0,10,2,300
3.98107e-06,18.97,0.0,10,2,300
5.01187e-06,19.117,0.0,10,2,300
6.30957e-06,19.2438,0.0,10,2,300
7.94328e-06,19.3523,0.0,10,2,300
1e-05,19.4444,0.0,10,2,300
1.25893e-05,19.5219,0.0,10,2,300
1.58489e-05,19.5866,0.0,10,2,300
1.99526e-05,19.6402,0.0,10,2,300
2.51189e-05,19.6843,0.0,10,2,300
3.16228e-05,19.7203,0.0,10,2,300
3.98107e-05,19.7496,0.0,10,2,300
5.01187e-05,19.7734,0.0,10,2,300
6.30957e-05,19.7926,0.0,10,2,300
7.94328e-05,19.808,0.0,10,2,300
0.0001,19.8204,0.0,10,2,300
1e-09,1.1605,0.0,10,2,400
1.25893e-09,1.40291,0.0,10,2,400
1.58489e-09,1.68516,0.0,10,2,400
1.99526e-09,2.01018,0.0,10,2,400
2.51189e-09,2.38002,0.0,10,2,400
3.16228e-09,2.79571,0.0,10,2,400
3.98107e-09,3.25702,0.0,10,2,400
5.01187e-09,3.76247,0.0,10,2,400
6.30957e-09,4.30934,0.0,10,2,400
7.94328e-09,4.89386,0.0,10,2,400
1e-08,5.51151,0.0,10,2,400
1.25893e-08,6.15727,0.0,10,2,400
1.58489e-08,6.8259,0.0,10,2,400
1.99526e-08,7.51224,0.0,10,2,400
2.51189e-08,8.21123,0.0,10,2,400
3.16228e-08,8.91807,0.0,10,2,400
3.98107e-08,9.6281,0.0,10,2,400
5.01187e-08,10.3368,0.0,10,2,400
6.30957e-08,11.0395,0.0,10,2,400
7.94328e-08,11.7319,0.0,10,2,400
1e-07,12.4092,0.0,10,2,400
1.25893e-07,13.067,0.0,10,2,400
1.58489e-07,13.7009,0.0,10,2,400
1.99526e-07,14.3068,0.0,10,2,400
2.51189e-07,14.8811,0.0,10,2,400
3.16228e-07,15.4207,0.0,10,2,400
3.98107e-07,15.9232,0.0,10,2,400
5.01187e-07,16.3873,0.0,10,2,400
6.30957e-07,16.8124,0.0,10,2,400
7.94328e-07,17.1988,0.0,10,2,400
1e-06,17.5475,0.0,10,2,400
1.25893e-06,17.8605,0.0,10,2,400
1.58489e-06,18.1399,0.0,10,2,400
1.99526e-06,18.3881,0.0,10,2,400
2.51189e-06,18.6077,0.0,10,2,400
3.16228e-06,18.8009,0.0,10,2,400
3.98107e-06,18.97,0.0,10,2,400
5.01187e-06,19.117,0.0,10,2,400
6.30957e-06,19.2438,0.0,10,2,400
7.94328e-06,19.3523,0.0,10,2,400
1e-05,19.4444,0.0,10,2,400
1.25893e-05,19.5219,0.0,10,2,400
1.58489e-05,19.5866,0.0,10,2,400
1.99526e-05,19.6402,0.0,10,2,400
2.51189e-05,19.6843,0.0,10,2,400
3.16228e-05,19.7203,0.0,10,2,400
3.98107e-05,19.7496,0.0,10,2,400
5.01187e-05,19.7734,0.0,10,2,400
6.30957e-05,19.7926,0.0,10,2,400
7.94328e-05,19.808,0.0,10,2,400
0.0001,19.8204,0.0,10,2,400
1e-09,1.1605,0.0,10,2,500
1.25893e-09,1.40291,0.0,10,2,500
1.58489e-09,1.68516,0.0,10,2,500
1.99526e-09,2.01018,0.0,10,2,500
2.51189e-09,2.38002,0.0,10,2,500
3.16228e-09,2.79571,0.0,10,2,500
3.98107e-09,3.25702,0.0,10,2,500
5.01187e-09,3.76247,0.0,10,2,500
6.30957e-09,4.30934,0.0,10,2,500
7.94328e-09,4.89386,0.0,10,2,500
1e-08,5.51151,0.0,10,2,500
1.25893e-08,6.15727,0.0,10,2,500
1.58489e-08,6.8259,0.0,10,2,500
1.99526e-08,7.51224,0.0,10,2,500
2.51189e-08,8.21123,0.0,10,2,500
3.16228e-08,8.91807,0.0,10,2,500
3.98107e-08,9.6281,0.0,10,2,500
5.01187e-08,10.3368,0.0,10,2,500
6.30957e-08,11.0395,0.0,10,2,500
7.94328e-08,11.7319,0.0,10,2,500
1e-07,12.4092,0.0,10,2,500
1.25893e-07,13.067,0.0,10,2,500
1.58489e-07,13.7009,0.0,10,2,500
1.99526e-07,14.3068,0.0,10,2,500
2.51189e-07,14.8811,0.0,10,2,500
3.16228e-07,15.4207,0.0,10,2,500
3.98107e-07,15.9232,0.0,10,2,500
5.01187e-07,16.3873,0.0,10,2,500
6.30957e-07,16.8124,0.0,10,2,500
7.94328e-07,17.1988,0.0,10,2,500
1e-06,17.5475,0.0,10,2,500
1.25893e-06,17.8605,0.0,10,2,500
1.58489e-06,18.1399,0.0,10,2,500
1.99526e-06,18.3881,0.0,10,2,500
2.51189e-06,18.6077,0.0,10,2,500
3.16228e-06,18.8009,0.0,10,2,500
3.98107e-06,18.97,0.0,10,2,500
5.01187e-06,19.117,0.0,10,2,500
6.30957e-06,19.2438,0.0,10,2,500
7.94328e-06,19.3523,0.0,10,2,500
1e-05,19.4444,0.0,10,2,500
1.25893e-05,19.5219,0.0,10,2,500
1.58489e-05,19.5866,0.0,10,2,500
1.99526e-05,19.6402,0.0,10,2,500
2.51189e-05,19.6843,0.0,10,2,500
3.16228e-05,19.7203,0.0,10,2,500
3.98107e-05,19.7496,0.0,10,2,500
5.01187e-05,19.7734,0.0,10,2,500
6.30957e-05,19.7926,0.0,10,2,500
7.94328e-05,19.808,0.0,10,2,500
0.0001,19.8204,0.0,10,2,500
1e-09,1.21768,0.0,10,5,300
1.25893e-09,1.46871,0.0,10,5,300
1.58489e-09,1.75983,0.0,10,5,300
1.99526e-09,2.09359,0.0,10,5,300
2.51189e-09,2.47154,0.0,10,5,300
3.16228e-09,2.89406,0.0,10,5,300
3.98107e-09,3.36012,0.0,10,5,300
5.01187e-09,3.86728,0.0,10,5,300
6.30957e-09,4.41175,0.0,10,5,300
7.94328e-09,4.98858,0.0,10,5,300
1e-08,5.59201,0.0,10,5,300
1.25893e-08,6.21575,0.0,10,5,300
1.58489e-08,6.85338,0.0,10,5,300
1.99526e-08,7.49858,0.0,10,5,300
2.51189e-08,8.14536,0.0,10,5,300
3.16228e-08,8.78818,0.0,10,5,300
3.98107e-08,9.42197,0.0,10,5,300
5.01187e-08,10.0422,0.0,10,5,300
6.30957e-08,10.6447,0.0,10,5,300
7.94328e-08,11.2262,0.0,10,5,300
1e-07,11.7836,0.0,10,5,300
1.25893e-07,12.3146,0.0,10,5,300
1.58489e-07,12.8178,0.0,10,5,300
1.99526e-07,13.2921,0.0,10,5,300
2.51189e-07,13.7374,0.0,10,5,300
3.16228e-07,14.154,0.0,10,5,300
3.98107e-07,14.5427,0.0,10,5,300
5.01187e-07,14.9048,0.0,10,5,300
6.30957e-07,15.2417,0.0,10,5,300
7.94328e-07,15.5545,0.0,10,5,300
1e-06,15.8446,0.0,10,5,300
1.25893e-06,16.1129,0.0,10,5,300
1.58489e-06,16.36,0.0,10,5,300
1.99526e-06,16.5865,0.0,10,5,300
2.51189e-06,16.7925,0.0,10,5,300
3.16228e-06,16.9784,0.0,10,5,300
3.98107e-06,17.1444,0.0,10,5,300
5.01187e-06,17.2911,0.0,10,5,300
6.30957e-06,17.4192,0.0,10,5,300
7.94328e-06,17.5299,0.0,10,5,300
1e-05,17.6244,0.0,10,5,300
1.25893e-05,17.7043,0.0,10,5,300
1.58489e-05,17.7712,0.0,10,5,300
1.99526e-05,17.8268,0.0,10,5,300
2.51189e-05,17.8725,0.0,10,5,300
3.16228e-05,17.91,0.0,10,5,300
3.98107e-05,17.9405,0.0,10,5,300
5.01187e-05,17.9652,0.0,10,5,300
6.30957e-05,17.9852,0.0,10,5,300
7.94328e-05,18.0012,0.0,10,5,300
0.0001,18.0141,0.0,10,5,300
1e-09,1.21768,0.0,10,5,400
1.25893e-09,1.46871,0.0,10,5,400
1.58489e-09,1.75983,0.0,10,5,400
1.99526e-09,2.09359,0.0,10,5,400
2.51189e-09,2.47154,0.0,10,5,400
3.16228e-09,2.89406,0.0,10,5,400
3.98107e-09,3.36012,0.0,10,5,400
5.01187e-09,3.86728,0.0,10,5,400
6.30957e-09,4.41175,0.0,10,5,400
7.94328e-09,4.98858,0.0,10,5,400
1e-08,5.59201,0.0,10,5,400
1.25893e-08,6.21575,0.0,10,5,400
1.58489e-08,6.85338,0.0,10,5,400
1.99526e-08,7.49858,0.0,10,5,400
2.51189e-08,8.14536,0.0,10,5,400
3.16228e-08,8.78818,0.0,10,5,400
3.98107e-08,9.42197,0.0,10,5,400
5.01187e-08,10.0422,0.0,10,5,400
6.30957e-08,10.6447,0.0,10,5,400
7.94328e-08,11.2262,0.0,10,5,400
1e-07,11.7836,0.0,10,5,400
1.25893e-07,12.3146,0.0,10,5,400
1.58489e-07,12.8178,0.0,10,5,400
1.99526e-07,13.2921,0.0,10,5,400
2.51189e-07,13.7374,0.0,10,5,400
3.16228e-07,14.154,0.0,10,5,400
3.98107e-07,14.5427,0.0,10,5,400
5.01187e-07,14.9048,0.0,10,5,400
6.30957e-07,15.2417,0.0,10,5,400
7.94328e-07,15.5545,0.0,10,5,400
1e-06,15.8446,0.0,10,5,400
1.25893e-06,16.1129,0.0,10,5,400
1.58489e-06,16.36,0.0,10,5,400
1.99526e-06,16.5865,0.0,10,5,400
2.51189e-06,16.7925,0.0,10,5,400
3.16228e-06,16.9784,0.0,10,5,400
3.98107e-06,17.1444,0.0,10,5,400
5.01187e-06,17.2911,0.0,10,5,400
6.30957e-06,17.4192,0.0,10,5,400
7.94328e-06,17.5299,0.0,10,5,400
1e-05,17.6244,0.0,10,5,400
1.25893e-05,17.7043,0.0,10,5,400
1.58489e-05,17.7712,0.0,10,5,400
1.99526e-05,17.8268,0.0,10,5,400
2.51189e-05,17.8725,0.0,10,5,400
3.16228e-05,17.91,0.0,10,5,400
3.98107e-05,17.9405,0.0,10,5,400
5.01187e-05,17.9652,0.0,10,5,400
6.30957e-05,17.9852,0.0,10,5,400
7.94328e-05,18.0012,0.0,10,5,400
0.0001,18.0141,0.0,10,5,400
1e-09,1.21768,0.0,10,5,500
1.25893e-09,1.46871,0.0,10,5,500
1.58489e-09,1.75983,0.0,10,5,500
1.99526e-09,2.09359,0.0,10,5,500
2.51189e-09,2.47154,0.0,10,5,500
3.16228e-09,2.89406,0.0,10,5,500
3.98107e-09,3.36012,0.0,10,5,500
5.01187e-09,3.86728,0.0,10,5,500
6.30957e-09,4.41175,0.0,10,5,500
7.94328e-09,4.98858,0.0,10,5,500
1e-08,5.59201,0.0,10,5,500
1.25893e-08,6.21575,0.0,10,5,500
1.58489e-08,6.85338,0.0,10,5,500
1.99526e-08,7.49858,0.0,10,5,500
2.51189e-08,8.14536,0.0,10,5,500
3.16228e-08,8.78818,0.0,10,5,500
3.98107e-08,9.42197,0.0,10,5,500
5.01187e-08,10.0422,0.0,10,5,500
6.30957e-08,10.6447,0.0,10,5,500
7.94328e-08,11.2262,0.0,10,5,500
1e-07,11.7836,0.0,10,5,500
1.25893e-07,12.3146,0.0,10,5,500
1.58489e-07,12.8178,0.0,10,5,500
1.99526e-07,13.2921,0.0,10,5,500
2.51189e-07,13.7374,0.0,10,5,500
3.16228e-07,14.154,0.0,10,5,500
3.98107e-07,14.5427,0.0,10,5,500
5.01187e-07,14.9048,0.0,10,5,500
6.30957e-07,15.2417,0.0,10,5,500
7.94328e-07,15.5545,0.0,10,5,500
1e-06,15.8446,0.0,10,5,500
1.25893e-06,16.1129,0.0,10,5,500
1.58489e-06,16.36,0.0,10,5,500
1.99526e-06,16.5865,0.0,10,5,500
2.51189e-06,16.7925,0.0,10,5,500
3.16228e-06,16.9784,0.0,10,5,500
3.98107e-06,17.1444,0.0,10,5,500
5.01187e-06,17.2911,0.0,10,5,500
6.30957e-06,17.4192,0.0,10,5,500
7.94328e-06,17.5299,0.0,10,5,500
1e-05,17.6244,0.0,10,5,500
1.25893e-05,17.7043,0.0,10,5,500
1.58489e-05,17.7712,0.0,10,5,500
1.99526e-05,17.8268,0.0,10,5,500
2.51189e-05,17.8725,0.0,10,5,500
3.16228e-05,17.91,0.0,10,5,500
3.98107e-05,17.9405,0.0,10,5,500
5.01187e-05,17.9652,0.0,10,5,500
6.30957e-05,17.9852,0.0,10,5,500
7.94328e-05,18.0012,0.0,10,5,500
0.0001,18.0141,0.0,10,5,500
1e-09,1.32453,0.0,10,10,300
1.25893e-09,1.60196,0.0,10,10,300
1.58489e-09,1.92525,0.0,10,10,300
1.99526e-09,2.29774,0.0,10,10,300
2.51189e-09,2.7217,0.0,10,10,300
3.16228e-09,3.19796,0.0,10,10,300
3.98107e-09,3.72558,0.0,10,10,300
5.01187e-09,4.30164,0.0,10,10,300
6.30957e-09,4.92123,0.0,10,10,300
7.94328e-09,5.57758,0.0,10,10,300
1e-08,6.26238,0.0,10,10,300
1.25893e-08,6.96625,0.0,10,10,300
1.58489e-08,7.67937,0.0,10,10,300
1.99526e-08,8.39202,0.0,10,10,300
2.51189e-08,9.09509,0.0,10,10,300
3.16228e-08,9.78051,0.0,10,10,300
3.98107e-08,10.4415,0.0,10,10,300
5.01187e-08,11.0728,0.0,10,10,300
6.30957e-08,11.6706,0.0,10,10,300
7.94328e-08,12.2325,0.0,10,10,300
1e-07,12.7574,0.0,10,10,300
1.25893e-07,13.2454,0.0,10,10,300
1.58489e-07,13.6973,0.0,10,10,300
1.99526e-07,14.1145,0.0,10,10,300
2.51189e-07,14.4989,0.0,10,10,300
3.16228e-07,14.8522,0.0,10,10,300
3.98107e-07,15.1763,0.0,10,10,300
5.01187e-07,15.4726,0.0,10,10,300
6.30957e-07,15.7424,0.0,10,10,300
7.94328e-07,15.9865,0.0,10,10,300
1e-06,16.2057,0.0,10,10,300
1.25893e-06,16.401,0.0,10,10,300
1.58489e-06,16.5731,0.0,10,10,300
1.99526e-06,16.7234,0.0,10,10,300
2.51189e-06,16.853,0.0,10,10,300
3.16228e-06,16.9638,0.0,10,10,300
3.98107e-06,17.0574,0.0,10,10,300
5.01187e-06,17.1359,0.0,10,10,300
6.30957e-06,17.201,0.0,10,10,300
7.94328e-06,17.2548,0.0,10,10,300
1e-05,17.2988,0.0,10,10,300
1.25893e-05,17.3346,0.0,10,10,300
1.58489e-05,17.3637,0.0,10,10,300
1.99526e-05,17.3872,0.0,10,10,300
2.51189e-05,17.4061,0.0,10,10,300
3.16228e-05,17.4212,0.0,10,10,300
3.98107e-05,17.4334,0.0,10,10,300
5.01187e-05,17.4431,0.0,10,10,300
6.30957e-05,17.4509,0.0,10,10,300
7.94328e-05,17.4571,0.0,10,10,300
0.0001,17.462,0.0,10,10,300
1e-09,1.32453,0.0,10,10,400
1.25893e-09,1.60196,0.0,10,10,400
1.58489e-09,1.92525,0.0,10,10,400
1.99526e-09,2.29774,0.0,10,10,400
2.51189e-09,2.7217,0.0,10,10,400
3.16228e-09,3.19796,0.0,10,10,400
3.98107e-09,3.72558,0.0,10,10,400
5.01187e-09,4.30164,0.0,10,10,400
6.30957e-09,4.92123,0.0,10,10,400
7.94328e-09,5.57758,0.0,10,10,400
1e-08,6.26238,0.0,10,10,400
1.25893e-08,6.96625,0.0,10,10,400
1.58489e-08,7.67937,0.0,10,10,400
1.99526e-08,8.39202,0.0,10,10,400
2.51189e-08,9.09509,0.0,10,10,400
3.16228e-08,9.78051,0.0,10,10,400
3.98107e-08,10.4415,0.0,10,10,400
5.01187e-08,11.0728,0.0,10,10,400
6.30957e-08,11.6706,0.0,10,10,400
7.94328e-08,12.2325,0.0,10,10,400
1e-07,12.7574,0.0,10,10,400
1.25893e-07,13.2454,0.0,10,10,400
1.58489e-07,13.6973,0.0,10,10,400
1.99526e-07,14.1145,0.0,10,10,400
2.51189e-07,14.4989,0.0,10,10,400
3.16228e-07,14.8522,0.0,10,10,400
3.98107e-07,15.1763,0.0,10,10,400
5.01187e-07,15.4726,0.0,10,10,400
6.30957e-07,15.7424,0.0,10,10,400
7.94328e-07,15.9865,0.0,10,10,400
1e-06,16.2057,0.0,10,10,400
1.25893e-06,16.401,0.0,10,10,400
1.58489e-06,16.5731,0.0,10,10,400
1.99526e-06,16.7234,0.0,10,10,400
2.51189e-06,16.853,0.0,10,10,400
3.16228e-06,16.9638,0.0,10,10,400
3.98107e-06,17.0574,0.0,10,10,400
5.01187e-06,17.1359,0.0,10,10,400
6.30957e-06,17.201,0.0,10,10,400
7.94328e-06,17.2548,0.0,10,10,400
1e-05,17.2988,0.0,10,10,400
1.25893e-05,17.3346,0.0,10,10,400
1.58489e-05,17.3637,0.0,10,10,400
1.99526e-05,17.3872,0.0,10,10,400
2.51189e-05,17.4061,0.0,10,10,400
3.16228e-05,17.4212,0.0,10,10,400
3.98107e-05,17.4334,0.0,10,10,400
5.01187e-05,17.4431,0.0,10,10,400
6.30957e-05,17.4509,0.0,10,10,400
7.94328e-05,17.4571,0.0,10,10,400
0.0001,17.462,0.0,10,10,400
1e-09,1.32453,0.0,10,10,500
1.25893e-09,1.60196,0.0,10,10,500
1.58489e-09,1.92525,0.0,10,10,500
1.99526e-09,2.29774,0.0,10,10,500
2.51189e-09,2.7217,0.0,10,10,500
3.16228e-09,3.19796,0.0,10,10,500
3.98107e-09,3.72558,0.0,10,10,500
5.01187e-09,4.30164,0.0,10,10,500
6.30957e-09,4.92123,0.0,10,10,500
7.94328e-09,5.57758,0.0,10,10,500
1e-08,6.26238,0.0,10,10,500
1.25893e-08,6.96625,0.0,10,10,500
1.58489e-08,7.67937,0.0,10,10,500
1.99526e-08,8.39202,0.0,10,10,500
2.51189e-08,9.09509,0.0,10,10,500
3.16228e-08,9.78051,0.0,10,10,500
3.98107e-08,10.4415,0.0,10,10,500
5.01187e-08,11.0728,0.0,10,10,500
6.30957e-08,11.6706,0.0,10,10,500
7.94328e-08,12.2325,0.0,10,10,500
1e-07,12.7574,0.0,10,10,500
1.25893e-07,13.2454,0.0,10,10,500
1.58489e-07,13.6973,0.0,10,10,500
1.99526e-07,14.1145,0.0,10,10,500
2.51189e-07,14.4989,0.0,10,10,500
3.16228e-07,14.8522,0.0,10,10,500
3.98107e-07,15.1763,0.0,10,10,500
5.01187e-07,15.4726,0.0,10,10,500
6.30957e-07,15.7424,0.0,10,10,500
7.94328e-07,15.9865,0.0,10,10,500
1e-06,16.2057,0.0,10,10,500
1.25893e-06,16.401,0.0,10,10,500
1.58489e-06,16.5731,0.0,10,10,500
1.99526e-06,16.7234,0.0,10,10,500
2.51189e-06,16.853,0.0,10,10,500
3.16228e-06,16.9638,0.0,10,10,500
3.98107e-06,17.0574,0.0,10,10,500
5.01187e-06,17.1359,0.0,10,10,500
6.30957e-06,17.201,0.0,10,10,500
7.94328e-06,17.2548,0.0,10,10,500
1e-05,17.2988,0.0,10,10,500
1.25893e-05,17.3346,0.0,10,10,500
1.58489e-05,17.3637,0.0,10,10,500
1.99526e-05,17.3872,0.0,10,10,500
2.51189e-05,17.4061,0.0,10,10,500
3.16228e-05,17.4212,0.0,10,10,500
3.98107e-05,17.4334,0.0,10,10,500
5.01187e-05,17.4431,0.0,10,10,500
6.30957e-05,17.4509,0.0,10,10,500
7.94328e-05,17.4571,0.0,10,10,500
0.0001,17.462,0.0,10,10,500
1e-09,1.49633,0.0,10,20,300
1.25893e-09,1.82383,0.0,10,20,300
1.58489e-09,2.21068,0.0,10,20,300
1.99526e-09,2.66295,0.0,10,20,300
2.51189e-09,3.18578,0.0,10,20,300
3.16228e-09,3.78269,0.0,10,20,300
3.98107e-09,4.45506,0.0,10,20,300
5.01187e-09,5.20156,0.0,10,20,300
6.30957e-09,6.01772,0.0,10,20,300
7.94328e-09,6.8958,0.0,10,20,300
1e-08,7.82492,0.0,10,20,300
1.25893e-08,8.79156,0.0,10,20,300
1.58489e-08,9.78037,0.0,10,20,300
1.99526e-08,10.7751,0.0,10,20,300
2.51189e-08,11.7598,0.0,10,20,300
3.16228e-08,12.7197,0.0,10,20,300
3.98107e-08,13.642,0.0,10,20,300
5.01187e-08,14.5165,0.0,10,20,300
6.30957e-08,15.336,0.0,10,20,300
7.94328e-08,16.0959,0.0,10,20,300
1e-07,16.7946,0.0,10,20,300
1.25893e-07,17.4327,0.0,10,20,300
1.58489e-07,18.0126,0.0,10,20,300
1.99526e-07,18.5383,0.0,10,20,300
2.51189e-07,19.0142,0.0,10,20,300
3.16228e-07,19.4454,0.0,10,20,300
3.98107e-07,19.8366,0.0,10,20,300
5.01187e-07,20.1921,0.0,10,20,300
6.30957e-07,20.5155,0.0,10,20,300
7.94328e-07,20.8096,0.0,10,20,300
1e-06,21.0766,0.0,10,20,300
1.25893e-06,21.3181,0.0,10,20,300
1.58489e-06,21.5352,0.0,10,20,300
1.99526e-06,21.729,0.0,10,20,300
2.51189e-06,21.9003,0.0,10,20,300
3.16228e-06,22.0503,0.0,10,20,300
3.98107e-06,22.1802,0.0,10,20,300
5.01187e-06,22.2914,0.0,10,20,300
6.30957e-06,22.3858,0.0,10,20,300
7.94328e-06,22.4651,0.0,10,20,300
1e-05,22.5312,0.0,10,20,300
1.25893e-05,22.5857,0.0,10,20,300
1.58489e-05,22.6304,0.0,10,20,300
1.99526e-05,22.667,0.0,10,20,300
2.51189e-05,22.6966,0.0,10,20,300
3.16228e-05,22.7206,0.0,10,20,300
3.98107e-05,22.7399,0.0,10,20,300
5.01187e-05,22.7554,0.0,10,20,300
6.30957e-05,22.7678,0.0,10,20,300
7.94328e-05,22.7778,0.0,10,20,300
0.0001,22.7857,0.0,10,20,300
1e-09,1.49633,0.0,10,20,400
1.25893e-09,1.82383,0.0,10,20,400
1.58489e-09,2.21068,0.0,10,20,400
1.99526e-09,2.66295,0.0,10,20,400
2.51189e-09,3.18578,0.0,10,20,400
3.16228e-09,3.78269,0.0,10,20,400
3.98107e-09,4.45506,0.0,10,20,400
5.01187e-09,5.20156,0.0,10,20,400
6.30957e-09,6.01772,0.0,10,20,400
7.94328e-09,6.8958,0.0,10,20,400
1e-08,7.82492,0.0,10,20,400
1.25893e-08,8.79156,0.0,10,20,400
1.58489e-08,9.78037,0.0,10,20,400
1.99526e-08,10.7751,0.0,10,20,400
2.51189e-08,11.7598,0.0,10,20,400
3.16228e-08,12.7197,0.0,10,20,400
3.98107e-08,13.642,0.0,10,20,400
5.01187e-08,14.5165,0.0,10,20,400
6.30957e-08,15.336,0.0,10,20,400
7.94328e-08,16.0959,0.0,10,20,400
1e-07,16.7946,0.0,10,20,400
1.25893e-07,17.4327,0.0,10,20,400
1.58489e-07,18.0126,0.0,10,20,400
1.99526e-07,18.5383,0.0,10,20,400
2.51189e-07,19.0142,0.0,10,20,400
3.16228e-07,19.4454,0.0,10,20,400
3.98107e-07,19.8366,0.0,10,20,400
5.01187e-07,20.1921,0.0,10,20,400
6.30957e-07,20.5155,0.0,10,20,400
7.94328e-07,20.8096,0.0,10,20,400
1e-06,21.0766,0.0,10,20,400
1.25893e-06,21.3181,0.0,10,20,400
1.58489e-06,21.5352,0.0,10,20,400
1.99526e-06,21.729,0.0,10,20,400
2.51189e-06,21.9003,0.0,10,20,400
3.16228e-06,22.0503,0.0,10,20,400
3.98107e-06,22.1802,0.0,10,20,400
5.01187e-06,22.2914,0.0,10,20,400
6.30957e-06,22.3858,0.0,10,20,400
7.94328e-06,22.4651,0.0,10,20,400
1e-05,22.5312,0.0,10,20,400
1.25893e-05,22.5857,0.0,10,20,400
1.58489e-05,22.6304,0.0,10,20,400
1.99526e-05,22.667,0.0,10,20,400
2.51189e-05,22.6966,0.0,10,20,400
3.16228e-05,22.7206,0.0,10,20,400
3.98107e-05,22.7399,0.0,10,20,400
5.01187e-05,22.7554,0.0,10,20,400
6.30957e-05,22.7678,0.0,10,20,400
7.94328e-05,22.7778,0.0,10,20,400
0.0001,22.7857,0.0,10,20,400
1e-09,1.49633,0.0,10,20,500
1.25893e-09,1.82383,0.0,10,20,500
1.58489e-09,2.21068,0.0,10,20,500
1.99526e-09,2.66295,0.0,10,20,500
2.51189e-09,3.18578,0.0,10,20,500
3.16228e-09,3.78269,0.0,10,20,500
3.98107e-09,4.45506,0.0,10,20,500
5.01187e-09,5.20156,0.0,10,20,500
6.30957e-09,6.01772,0.0,10,20,500
7.94328e-09,6.8958,0.0,10,20,500
1e-08,7.82492,0.0,10,20,500
1.25893e-08,8.79156,0.0,10,20,500
1.58489e-08,9.78037,0.0,10,20,500
1.99526e-08,10.7751,0.0,10,20,500
2.51189e-08,11.7598,0.0,10,20,500
3.16228e-08,12.7197,0.0,10,20,500
3.98107e-08,13.642,0.0,10,20,500
5.01187e-08,14.5165,0.0,10,20,500
6.30957e-08,15.336,0.0,10,20,500
7.94328e-08,16.0959,0.0,10,20,500
1e-07,16.7946,0.0,10,20,500
1.25893e-07,17.4327,0.0,10,20,500
1.58489e-07,18.0126,0.0,10,20,500
1.99526e-07,18.5383,0.0,10,20,500
2.51189e-07,19.0142,0.0,10,20,500
3.16228e-07,19.4454,0.0,10,20,500
3.98107e-07,19.8366,0.0,10,20,500
5.01187e-07,20.1921,0.0,10,20,500
6.30957e-07,20.5155,0.0,10,20,500
7.94328e-07,20.8096,0.0,10,20,500
1e-06,21.0766,0.0,10,20,500
1.25893e-06,21.3181,0.0,10,20,500
1.58489e-06,21.5352,0.0,10,20,500
1.99526e-06,21.729,0.0,10,20,500
2.51189e-06,21.9003,0.0,10,20,500
3.16228e-06,22.0503,0.0,10,20,500
3.98107e-06,22.1802,0.0,10,20,500
5.01187e-06,22.2914,0.0,10,20,500
6.30957e-06,22.3858,0.0,10,20,500
7.94328e-06,22.4651,0.0,10,20,500
1e-05,22.5312,0.0,10,20,500
1.25893e-05,22.5857,0.0,10,20,500
1.58489e-05,22.6304,0.0,10,20,500
1.99526e-05,22.667,0.0,10,20,500
2.51189e-05,22.6966,0.0,10,20,500
3.16228e-05,22.7206,0.0,10,20,500
3.98107e-05,22.7399,0.0,10,20,500
5.01187e-05,22.7554,0.0,10,20,500
6.30957e-05,22.7678,0.0,10,20,500
7.94328e-05,22.7778,0.0,10,20,500
0.0001,22.7857,0.0,10,20,500
1e-09,1.21348,0.0,20,2,300
1.25893e-09,1.4852,0.0,20,2,300
1.58489e-09,1.80872,0.0,20,2,300
1.99526e-09,2.19045,0.0,20,2,300
2.51189e-09,2.63635,0.0,20,2,300
3.16228e-09,3.15158,0.0,20,2,300
3.98107e-09,3.74005,0.0,20,2,300
5.01187e-09,4.404,0.0,20,2,300
6.30957e-09,5.14372,0.0,20,2,300
7.94328e-09,5.95738,0.0,20,2,300
1e-08,6.8411,0.0,20,2,300
1.25893e-08,7.78915,0.0,20,2,300
1.58489e-08,8.79432,0.0,20,2,300
1.99526e-08,9.84835,0.0,20,2,300
2.51189e-08,10.9424,0.0,20,2,300
3.16228e-08,12.0674,0.0,20,2,300
3.98107e-08,13.2143,0.0,20,2,300
5.01187e-08,14.3741,0.0,20,2,300
6.30957e-08,15.5382,0.0,20,2,300
7.94328e-08,16.6979,0.0,20,2,300
1e-07,17.845,0.0,20,2,300
1.25893e-07,18.9714,0.0,20,2,300
1.58489e-07,20.0693,0.0,20,2,300
1.99526e-07,21.1315,0.0,20,2,300
2.51189e-07,22.1512,0.0,20,2,300
3.16228e-07,23.1226,0.0,20,2,300
3.98107e-07,24.0402,0.0,20,2,300
5.01187e-07,24.8995,0.0,20,2,300
6.30957e-07,25.6972,0.0,20,2,300
7.94328e-07,26.4305,0.0,20,2,300
1e-06,27.098,0.0,20,2,300
1.25893e-06,27.6994,0.0,20,2,300
1.58489e-06,28.2358,0.0,20,2,300
1.99526e-06,28.7091,0.0,20,2,300
2.51189e-06,29.1226,0.0,20,2,300
3.16228e-06,29.4801,0.0,20,2,300
3.98107e-06,29.7863,0.0,20,2,300
5.01187e-06,30.0461,0.0,20,2,300
6.30957e-06,30.2646,0.0,20,2,300
7.94328e-06,30.4469,0.0,20,2,300
1e-05,30.5978,0.0,20,2,300
1.25893e-05,30.722,0.0,20,2,300
1.58489e-05,30.8235,0.0,20,2,300
1.99526e-05,30.9061,0.0,20,2,300
2.51189e-05,30.9731,0.0,20,2,300
3.16228e-05,31.0272,0.0,20,2,300
3.98107e-05,31.0707,0.0,20,2,300
5.01187e-05,31.1056,0.0,20,2,300
6.30957e-05,31.1336,0.0,20,2,300
7.94328e-05,31.1559,0.0,20,2,300
0.0001,31.1738,0.0,20,2,300
1e-09,1.21348,0.0,20,2,400
1.25893e-09,1.4852,0.0,20,2,400
1.58489e-09,1.80872,0.0,20,2,400
1.99526e-09,2.19045,0.0,20,2,400
2.51189e-09,2.63635,0.0,20,2,400
3.16228e-09,3.15158,0.0,20,2,400
3.98107e-09,3.74005,0.0,20,2,400
5.01187e-09,4.404,0.0,20,2,400
6.30957e-09,5.14372,0.0,20,2,400
7.94328e-09,5.95738,0.0,20,2,400
1e-08,6.8411,0.0,20,2,400
1.25893e-08,7.78915,0.0,20,2,400
1.58489e-08,8.79432,0.0,20,2,400
1.99526e-08,9.84835,0.0,20,2,400
2.51189e-08,10.9424,0.0,20,2,400
3.16228e-08,12.0674,0.0,20,2,400
3.98107e-08,13.2143,0.0,20,2,400
5.01187e-08,14.3741,0.0,20,2,400
6.30957e-08,15.5382,0.0,20,2,400
7.94328e-08,16.6979,0.0,20,2,400
1e-07,17.845,0.0,20,2,400
1.25893e-07,18.9714,0.0,20,2,400
1.58489e-07,20.0693,0.0,20,2,400
1.99526e-07,21.1315,0.0,20,2,400
2.51189e-07,22.1512,0.0,20,2,400
3.16228e-07,23.1226,0.0,20,2,400
3.98107e-07,24.0402,0.0,20,2,400
5.01187e-07,24.8995,0.0,20,2,400
6.30957e-07,25.6972,0.0,20,2,400
7.94328e-07,26.4305,0.0,20,2,400
1e-06,27.098,0.0,20,2,400
1.25893e-06,27.6994,0.0,20,2,400
1.58489e-06,28.2358,0.0,20,2,400
1.99526e-06,28.7091,0.0,20,2,400
2.51189e-06,29.1226,0.0,20,2,400
3.16228e-06,29.4801,0.0,20,2,400
3.98107e-06,29.7863,0.0,20,2,400
5.01187e-06,30.0461,0.0,20,2,400
6.30957e-06,30.2646,0.0,20,2,400
7.94328e-06,30.4469,0.0,20,2,400
1e-05,30.5978,0.0,20,2,400
1.25893e-05,30.722,0.0,20,2,400
1.58489e-05,30.8235,0.0,20,2,400
1.99526e-05,30.9061,0.0,20,2,400
2.51189e-05,30.9731,0.0,20,2,400
3.16228e-05,31.0272,0.0,20,2,400
3.98107e-05,31.0707,0.0,20,2,400
5.01187e-05,31.1056,0.0,20,2,400
6.30957e-05,31.1336,0.0,20,2,400
7.94328e-05,31.1559,0.0,20,2,400
0.0001,31.1738,0.0,20,2,400
1e-09,1.21348,0.0,20,2,500
1.25893e-09,1.4852,0.0,20,2,500
1.58489e-09,1.80872,0.0,20,2,500
1.99526e-09,2.19045,0.0,20,2,500
2.51189e-09,2.63635,0.0,20,2,500
3.16228e-09,3.15158,0.0,20,2,500
3.98107e-09,3.74005,0.0,20,2,500
5.01187e-09,4.404,0.0,20,2,500
6.30957e-09,5.14372,0.0,20,2,500
7.94328e-09,5.95738,0.0,20,2,500
1e-08,6.8411,0.0,20,2,500
1.25893e-08,7.78915,0.0,20,2,500
1.58489e-08,8.79432,0.0,20,2,500
1.99526e-08,9.84835,0.0,20,2,500
2.51189e-08,10.9424,0.0,20,2,500
3.16228e-08,12.0674,0.0,20,2,500
3.98107e-08,13.2143,0.0,20,2,500
5.01187e-08,14.3741,0.0,20,2,500
6.30957e-08,15.5382,0.0,20,2,500
7.94328e-08,16.6979,0.0,20,2,500
1e-07,17.845,0.0,20,2,500
1.25893e-07,18.9714,0.0,20,2,500
1.58489e-07,20.0693,0.0,20,2,500
1.99526e-07,21.1315,0.0,20,2,500
2.51189e-07,22.1512,0.0,20,2,500
3.16228e-07,23.1226,0.0,20,2,500
3.98107e-07,24.0402,0.0,20,2,500
5.01187e-07,24.8995,0.0,20,2,500
6.30957e-07,25.6972,0.0,20,2,500
7.94328e-07,26.4305,0.0,20,2,500
1e-06,27.098,0.0,20,2,500
1.25893e-06,27.6994,0.0,20,2,500
1.58489e-06,28.2358,0.0,20,2,500
1.99526e-06,28.7091,0.0,20,2,500
2.51189e-06,29.1226,0.0,20,2,500
3.16228e-06,29.4801,0.0,20,2,500
3.98107e-06,29.7863,0.0,20,2,500
5.01187e-06,30.0461,0.0,20,2,500
6.30957e-06,30.2646,0.0,20,2,500
7.94328e-06,30.4469,0.0,20,2,500
1e-05,30.5978,0.0,20,2,500
1.25893e-05,30.722,0.0,20,2,500
1.58489e-05,30.8235,0.0,20,2,500
1.99526e-05,30.9061,0.0,20,2,500
2.51189e-05,30.9731,0.0,20,2,500
3.16228e-05,31.0272,0.0,20,2,500
3.98107e-05,31.0707,0.0,20,2,500
5.01187e-05,31.1056,0.0,20,2,500
6.30957e-05,31.1336,0.0,20,2,500
7.94328e-05,31.1559,0.0,20,2,500
0.0001,31.1738,0.0,20,2,500
1e-09,1.24099,0.0,20,5,300
1.25893e-09,1.51467,0.0,20,5,300
1.58489e-09,1.83903,0.0,20,5,300
1.99526e-09,2.21983,0.0,20,5,300
2.51189e-09,2.6623,0.0,20,5,300
3.16228e-09,3.17071,0.0,20,5,300
3.98107e-09,3.74798,0.0,20,5,300
5.01187e-09,4.39528,0.0,20,5,300
6.30957e-09,5.11174,0.0,20,5,300
7.94328e-09,5.89438,0.0,20,5,300
1e-08,6.73813,0.0,20,5,300
1.25893e-08,7.63607,0.0,20,5,300
1.58489e-08,8.57984,0.0,20,5,300
1.99526e-08,9.56004,0.0,20,5,300
2.51189e-08,10.5668,0.0,20,5,300
3.16228e-08,11.5899,0.0,20,5,300
3.98107e-08,12.6194,0.0,20,5,300
5.01187e-08,13.6456,0.0,20,5,300
6.30957e-08,14.6592,0.0,20,5,300
7.94328e-08,15.6516,0.0,20,5,300
1e-07,16.6148,0.0,20,5,300
1.25893e-07,17.5414,0.0,20,5,300
1.58489e-07,18.4253,0.0,20,5,300
1.99526e-07,19.2612,0.0,20,5,300
2.51189e-07,20.0454,0.0,20,5,300
3.16228e-07,20.775,0.0,20,5,300
3.98107e-07,21.4489,0.0,20,5,300
5.01187e-07,22.0666,0.0,20,5,300
6.30957e-07,22.6291,0.0,20,5,300
7.94328e-07,23.1381,0.0,20,5,300
1e-06,23.5957,0.0,20,5,300
1.25893e-06,24.0049,0.0,20,5,300
1.58489e-06,24.3685,0.0,20,5,300
1.99526e-06,24.6898,0.0,20,5,300
2.51189e-06,24.972,0.0,20,5,300
3.16228e-06,25.2181,0.0,20,5,300
3.98107e-06,25.4313,0.0,20,5,300
5.01187e-06,25.6145,0.0,20,5,300
6.30957e-06,25.7707,0.0,20,5,300
7.94328e-06,25.9029,0.0,20,5,300
1e-05,26.0137,0.0,20,5,300
1.25893e-05,26.1061,0.0,20,5,300
1.58489e-05,26.1824,0.0,20,5,300
1.99526e-05,26.2451,0.0,20,5,300
2.51189e-05,26.2963,0.0,20,5,300
3.16228e-05,26.3379,0.0,20,5,300
3.98107e-05,26.3716,0.0,20,5,300
5.01187e-05,26.3988,0.0,20,5,300
6.30957e-05,26.4206,0.0,20,5,300
7.94328e-05,26.4382,0.0,20,5,300
0.0001,26.4522,0.0,20,5,300
1e-09,1.24099,0.0,20,5,400
1.25893e-09,1.51467,0.0,20,5,400
1.58489e-09,1.83903,0.0,20,5,400
1.99526e-09,2.21983,0.0,20,5,400
2.51189e-09,2.6623,0.0,20,5,400
3.16228e-09,3.17071,0.0,20,5,400
3.98107e-09,3.74798,0.0,20,5,400
5.01187e-09,4.39528,0.0,20,5,400
6.30957e-09,5.11174,0.0,20,5,400
7.94328e-09,5.89438,0.0,20,5,400
1e-08,6.73813,0.0,20,5,400
1.25893e-08,7.63607,0.0,20,5,400
1.58489e-08,8.57984,0.0,20,5,400
1.99526e-08,9.56004,0.0,20,5,400
2.51189e-08,10.5668,0.0,20,5,400
3.16228e-08,11.5899,0.0,20,5,400
3.98107e-08,12.6194,0.0,20,5,400
5.01187e-08,13.6456,0.0,20,5,400
6.30957e-08,14.6592,0.0,20,5,400
7.94328e-08,15.6516,0.0,20,5,400
1e-07,16.6148,0.0,20,5,400
1.25893e-07,17.5414,0.0,20,5,400
1.58489e-07,18.4253,0.0,20,5,400
1.99526e-07,19.2612,0.0,20,5,400
2.51189e-07,20.0454,0.0,20,5,400
3.16228e-07,20.775,0.0,20,5,400
3.98107e-07,21.4489,0.0,20,5,400
5.01187e-07,22.0666,0.0,20,5,400
6.30957e-07,22.6291,0.0,20,5,400
7.94328e-07,23.1381,0.0,20,5,400
1e-06,23.5957,0.0,20,5,400
1.25893e-06,24.0049,0.0,20,5,400
1.58489e-06,24.3685,0.0,20,5,400
1.99526e-06,24.6898,0.0,20,5,400
2.51189e-06,24.972,0.0,20,5,400
3.16228e-06,25.2181,0.0,20,5,400
3.98107e-06,25.4313,0.0,20,5,400
5.01187e-06,25.6145,0.0,20,5,400
6.30957e-06,25.7707,0.0,20,5,400
7.94328e-06,25.9029,0.0,20,5,400
1e-05,26.0137,0.0,20,5,400
1.25893e-05,26.1061,0.0,20,5,400
1.58489e-05,26.1824,0.0,20,5,400
1.99526e-05,26.2451,0.0,20,5,400
2.51189e-05,26.2963,0.0,20,5,400
3.16228e-05,26.3379,0.0,20,5,400
3.98107e-05,26.3716,0.0,20,5,400
5.01187e-05,26.3988,0.0,20,5,400
6.30957e-05,26.4206,0.0,20,5,400
7.94328e-05,26.4382,0.0,20,5,400
0.0001,26.4522,0.0,20,5,400
1e-09,1.24099,0.0,20,5,500
1.25893e-09,1.51467,0.0,20,5,500
1.58489e-09,1.83903,0.0,20,5,500
1.99526e-09,2.21983,0.0,20,5,500
2.51189e-09,2.6623,0.0,20,5,500
3.16228e-09,3.17071,0.0,20,5,500
3.98107e-09,3.74798,0.0,20,5,500
5.01187e-09,4.39528,0.0,20,5,500
6.30957e-09,5.11174,0.0,20,5,500
7.94328e-09,5.89438,0.0,20,5,500
1e-08,6.73813,0.0,20,5,500
1.25893e-08,7.63607,0.0,20,5,500
1.58489e-08,8.57984,0.0,20,5,500
1.99526e-08,9.56004,0.0,20,5,500
2.51189e-08,10.5668,0.0,20,5,500
3.16228e-08,11.5899,0.0,20,5,500
3.98107e-08,12.6194,0.0,20,5,500
5.01187e-08,13.6456,0.0,20,5,500
6.30957e-08,14.6592,0.0,20,5,500
7.94328e-08,15.6516,0.0,20,5,500
1e-07,16.6148,0.0,20,5,500
1.25893e-07,17.5414,0.0,20,5,500
1.58489e-07,18.4253,0.0,20,5,500
1.99526e-07,19.2612,0.0,20,5,500
2.51189e-07,20.0454,0.0,20,5,500
3.16228e-07,20.775,0.0,20,5,500
3.98107e-07,21.4489,0.0,20,5,500
5.01187e-07,22.0666,0.0,20,5,500
6.30957e-07,22.6291,0.0,20,5,500
7.94328e-07,23.1381,0.0,20,5,500
1e-06,23.5957,0.0,20,5,500
1.25893e-06,24.0049,0.0,20,5,500
1.58489e-06,24.3685,0.0,20,5,500
1.99526e-06,24.6898,0.0,20,5,500
2.51189e-06,24.972,0.0,20,5,500
3.16228e-06,25.2181,0.0,20,5,500
3.98107e-06,25.4313,0.0,20,5,500
5.01187e-06,25.6145,0.0,20,5,500
6.30957e-06,25.7707,0.0,20,5,500
7.94328e-06,25.9029,0.0,20,5,500
1e-05,26.0137,0.0,20,5,500
1.25893e-05,26.1061,0.0,20,5,500
1.58489e-05,26.1824,0.0,20,5,500
1.99526e-05,26.2451,0.0,20,5,500
2.51189e-05,26.2963,0.0,20,5,500
3.16228e-05,26.3379,0.0,20,5,500
3.98107e-05,26.3716,0.0,20,5,500
5.01187e-05,26.3988,0.0,20,5,500
6.30957e-05,26.4206,0.0,20,5,500
7.94328e-05,26.4382,0.0,20,5,500
0.0001,26.4522,0.0,20,5,500
1e-09,1.29661,0.0,20,10,300
1.25893e-09,1.58101,0.0,20,10,300
1.58489e-09,1.91754,0.0,20,10,300
1.99526e-09,2.31198,0.0,20,10,300
2.51189e-09,2.76948,0.0,20,10,300
3.16228e-09,3.29414,0.0,20,10,300
3.98107e-09,3.88856,0.0,20,10,300
5.01187e-09,4.55335,0.0,20,10,300
6.30957e-09,5.28687,0.0,20,10,300
7.94328e-09,6.08496,0.0,20,10,300
1e-08,6.94102,0.0,20,10,300
1.25893e-08,7.84622,0.0,20,10,300
1.58489e-08,8.78998,0.0,20,10,300
1.99526e-08,9.76051,0.0,20,10,300
2.51189e-08,10.7455,0.0,20,10,300
3.16228e-08,11.7329,0.0,20,10,300
3.98107e-08,12.711,0.0,20,10,300
5.01187e-08,13.6693,0.0,20,10,300
6.30957e-08,14.5987,0.0,20,10,300
7.94328e-08,15.4914,0.0,20,10,300
1e-07,16.3411,0.0,20,10,300
1.25893e-07,17.1433,0.0,20,10,300
1.58489e-07,17.895,0.0,20,10,300
1.99526e-07,18.5945,0.0,20,10,300
2.51189e-07,19.2415,0.0,20,10,300
3.16228e-07,19.8367,0.0,20,10,300
3.98107e-07,20.3817,0.0,20,10,300
5.01187e-07,20.8785,0.0,20,10,300
6.30957e-07,21.3294,0.0,20,10,300
7.94328e-07,21.7366,0.0,20,10,300
1e-06,22.1025,0.0,20,10,300
1.25893e-06,22.4293,0.0,20,10,300
1.58489e-06,22.7192,0.0,20,10,300
1.99526e-06,22.9741,0.0,20,10,300
2.51189e-06,23.1964,0.0,20,10,300
3.16228e-06,23.3885,0.0,20,10,300
3.98107e-06,23.5529,0.0,20,10,300
5.01187e-06,23.6923,0.0,20,10,300
6.30957e-06,23.8094,0.0,20,10,300
7.94328e-06,23.9069,0.0,20,10,300
1e-05,23.9876,0.0,20,10,300
1.25893e-05,24.0538,0.0,20,10,300
1.58489e-05,24.1079,0.0,20,10,300
1.99526e-05,24.1519,0.0,20,10,300
2.51189e-05,24.1875,0.0,20,10,300
3.16228e-05,24.2162,0.0,20,10,300
3.98107e-05,24.2392,0.0,20,10,300
5.01187e-05,24.2577,0.0,20,10,300
6.30957e-05,24.2725,0.0,20,10,300
7.94328e-05,24.2844,0.0,20,10,300
0.0001,24.2938,0.0,20,10,300
1e-09,1.29661,0.0,20,10,400
1.25893e-09,1.58101,0.0,20,10,400
1.58489e-09,1.91754,0.0,20,10,400
1.99526e-09,2.31198,0.0,20,10,400
2.51189e-09,2.76948,0.0,20,10,400
3.16228e-09,3.29414,0.0,20,10,400
3.98107e-09,3.88856,0.0,20,10,400
5.01187e-09,4.55335,0.0,20,10,400
6.30957e-09,5.28687,0.0,20,10,400
7.94328e-09,6.08496,0.0,20,10,400
1e-08,6.94102,0.0,20,10,400
1.25893e-08,7.84622,0.0,20,10,400
1.58489e-08,8.78998,0.0,20,10,400
1.99526e-08,9.76051,0.0,20,10,400
2.51189e-08,10.7455,0.0,20,10,400
3.16228e-08,11.7329,0.0,20,10,400
3.98107e-08,12.711,0.0,20,10,400
5.01187e-08,13.6693,0.0,20,10,400
6.30957e-08,14.5987,0.0,20,10,400
7.94328e-08,15.4914,0.0,20,10,400
1e-07,16.3411,0.0,20,10,400
1.25893e-07,17.1433,0.0,20,10,400
1.58489e-07,17.895,0.0,20,10,400
1.99526e-07,18.5945,0.0,20,10,400
2.51189e-07,19.2415,0.0,20,10,400
3.16228e-07,19.8367,0.0,20,10,400
3.98107e-07,20.3817,0.0,20,10,400
5.01187e-07,20.8785,0.0,20,10,400
6.30957e-07,21.3294,0.0,20,10,400
7.94328e-07,21.7366,0.0,20,10,400
1e-06,22.1025,0.0,20,10,400
1.25893e-06,22.4293,0.0,20,10,400
1.58489e-06,22.7192,0.0,20,10,400
1.99526e-06,22.9741,0.0,20,10,400
2.51189e-06,23.1964,0.0,20,10,400
3.16228e-06,23.3885,0.0,20,10,400
3.98107e-06,23.5529,0.0,20,10,400
5.01187e-06,23.6923,0.0,20,10,400
6.30957e-06,23.8094,0.0,20,10,400
7.94328e-06,23.9069,0.0,20,10,400
1e-05,23.9876,0.0,20,10,400
1.25893e-05,24.0538,0.0,20,10,400
1.58489e-05,24.1079,0.0,20,10,400
1.99526e-05,24.1519,0.0,20,10,400
2.51189e-05,24.1875,0.0,20,10,400
3.16228e-05,24.2162,0.0,20,10,400
3.98107e-05,24.2392,0.0,20,10,400
5.01187e-05,24.2577,0.0,20,10,400
6.30957e-05,24.2725,0.0,20,10,400
7.94328e-05,24.2844,0.0,20,10,400
0.0001,24.2938,0.0,20,10,400
1e-09,1.29661,0.0,20,10,500
1.25893e-09,1.58101,0.0,20,10,500
1.58489e-09,1.91754,0.0,20,10,500
1.99526e-09,2.31198,0.0,20,10,500
2.51189e-09,2.76948,0.0,20,10,500
3.16228e-09,3.29414,0.0,20,10,500
3.98107e-09,3.88856,0.0,20,10,500
5.01187e-09,4.55335,0.0,20,10,500
6.30957e-09,5.28687,0.0,20,10,500
7.94328e-09,6.08496,0.0,20,10,500
1e-08,6.94102,0.0,20,10,500
1.25893e-08,7.84622,0.0,20,10,500
1.58489e-08,8.78998,0.0,20,10,500
1.99526e-08,9.76051,0.0,20,10,500
2.51189e-08,10.7455,0.0,20,10,500
3.16228e-08,11.7329,0.0,20,10,500
3.98107e-08,12.711,0.0,20,10,500
5.01187e-08,13.6693,0.0,20,10,500
6.30957e-08,14.5987,0.0,20,10,500
7.94328e-08,15.4914,0.0,20,10,500
1e-07,16.3411,0.0,20,10,500
1.25893e-07,17.1433,0.0,20,10,500
1.58489e-07,17.895,0.0,20,10,500
1.99526e-07,18.5945,0.0,20,10,500
2.51189e-07,19.2415,0.0,20,10,500
3.16228e-07,19.8367,0.0,20,10,500
3.98107e-07,20.3817,0.0,20,10,500
5.01187e-07,20.8785,0.0,20,10,500
6.30957e-07,21.3294,0.0,20,10,500
7.94328e-07,21.7366,0.0,20,10,500
1e-06,22.1025,0.0,20,10,500
1.25893e-06,22.4293,0.0,20,10,500
1.58489e-06,22.7192,0.0,20,10,500
1.99526e-06,22.9741,0.0,20,10,500
2.51189e-06,23.1964,0.0,20,10,500
3.16228e-06,23.3885,0.0,20,10,500
3.98107e-06,23.5529,0.0,20,10,500
5.01187e-06,23.6923,0.0,20,10,500
6.30957e-06,23.8094,0.0,20,10,500
7.94328e-06,23.9069,0.0,20,10,500
1e-05,23.9876,0.0,20,10,500
1.25893e-05,24.0538,0.0,20,10,500
1.58489e-05,24.1079,0.0,20,10,500
1.99526e-05,24.1519,0.0,20,10,500
2.51189e-05,24.1875,0.0,20,10,500
3.16228e-05,24.2162,0.0,20,10,500
3.98107e-05,24.2392,0.0,20,10,500
5.01187e-05,24.2577,0.0,20,10,500
6.30957e-05,24.2725,0.0,20,10,500
7.94328e-05,24.2844,0.0,20,10,500
0.0001,24.2938,0.0,20,10,500
1e-09,1.3975,0.0,20,20,300
1.25893e-09,1.70692,0.0,20,20,300
1.58489e-09,2.07439,0.0,20,20,300
1.99526e-09,2.50689,0.0,20,20,300
2.51189e-09,3.01088,0.0,20,20,300
3.16228e-09,3.5918,0.0,20,20,300
3.98107e-09,4.25346,0.0,20,20,300
5.01187e-09,4.99743,0.0,20,20,300
6.30957e-09,5.82246,0.0,20,20,300
7.94328e-09,6.72404,0.0,20,20,300
1e-08,7.69421,0.0,20,20,300
1.25893e-08,8.72167,0.0,20,20,300
1.58489e-08,9.79223,0.0,20,20,300
1.99526e-08,10.8896,0.0,20,20,300
2.51189e-08,11.9966,0.0,20,20,300
3.16228e-08,13.0959,0.0,20,20,300
3.98107e-08,14.1716,0.0,20,20,300
5.01187e-08,15.2095,0.0,20,20,300
6.30957e-08,16.1984,0.0,20,20,300
7.94328e-08,17.1297,0.0,20,20,300
1e-07,17.9979,0.0,20,20,300
1.25893e-07,18.8005,0.0,20,20,300
1.58489e-07,19.537,0.0,20,20,300
1.99526e-07,20.2092,0.0,20,20,300
2.51189e-07,20.8202,0.0,20,20,300
3.16228e-07,21.3743,0.0,20,20,300
3.98107e-07,21.876,0.0,20,20,300
5.01187e-07,22.3303,0.0,20,20,300
6.30957e-07,22.7417,0.0,20,20,300
7.94328e-07,23.1145,0.0,20,20,300
1e-06,23.4523,0.0,20,20,300
1.25893e-06,23.7583,0.0,20,20,300
1.58489e-06,24.0348,0.0,20,20,300
1.99526e-06,24.284,0.0,20,20,300
2.51189e-06,24.5072,0.0,20,20,300
3.16228e-06,24.706,0.0,20,20,300
3.98107e-06,24.8815,0.0,20,20,300
5.01187e-06,25.0351,0.0,20,20,300
6.30957e-06,25.1681,0.0,20,20,300
7.94328e-06,25.2821,0.0,20,20,300
1e-05,25.3789,0.0,20,20,300
1.25893e-05,25.4604,0.0,20,20,300
1.58489e-05,25.5283,0.0,20,20,300
1.99526e-05,25.5844,0.0,20,20,300
2.51189e-05,25.6305,0.0,20,20,300
3.16228e-05,25.6682,0.0,20,20,300
3.98107e-05,25.6988,0.0,20,20,300
5.01187e-05,25.7236,0.0,20,20,300
6.30957e-05,25.7435,0.0,20,20,300
7.94328e-05,25.7596,0.0,20,20,300
0.0001,25.7725,0.0,20,20,300
1e-09,1.3975,0.0,20,20,400
1.25893e-09,1.70692,0.0,20,20,400
1.58489e-09,2.07439,0.0,20,20,400
1.99526e-09,2.50689,0.0,20,20,400
2.51189e-09,3.01088,0.0,20,20,400
3.16228e-09,3.5918,0.0,20,20,400
3.98107e-09,4.25346,0.0,20,20,400
5.01187e-09,4.99743,0.0,20,20,400
6.30957e-09,5.82246,0.0,20,20,400
7.94328e-09,6.72404,0.0,20,20,400
1e-08,7.69421,0.0,20,20,400
1.25893e-08,8.72167,0.0,20,20,400
1.58489e-08,9.79223,0.0,20,20,400
1.99526e-08,10.8896,0.0,20,20,400
2.51189e-08,11.9966,0.0,20,20,400
3.16228e-08,13.0959,0.0,20,20,400
3.98107e-08,14.1716,0.0,20,20,400
5.01187e-08,15.2095,0.0,20,20,400
6.30957e-08,16.1984,0.0,20,20,400
7.94328e-08,17.1297,0.0,20,20,400
1e-07,17.9979,0.0,20,20,400
1.25893e-07,18.8005,0.0,20,20,400
1.58489e-07,19.537,0.0,20,20,400
1.99526e-07,20.2092,0.0,20,20,400
2.51189e-07,20.8202,0.0,20,20,400
3.16228e-07,21.3743,0.0,20,20,400
3.98107e-07,21.876,0.0,20,20,400
5.01187e-07,22.3303,0.0,20,20,400
6.30957e-07,22.7417,0.0,20,20,400
7.94328e-07,23.1145,0.0,20,20,400
1e-06,23.4523,0.0,20,20,400
1.25893e-06,23.7583,0.0,20,20,400
1.58489e-06,24.0348,0.0,20,20,400
1.99526e-06,24.284,0.0,20,20,400
2.51189e-06,24.5072,0.0,20,20,400
3.16228e-06,24.706,0.0,20,20,400
3.98107e-06,24.8815,0.0,20,20,400
5.01187e-06,25.0351,0.0,20,20,400
6.30957e-06,25.1681,0.0,20,20,400
7.94328e-06,25.2821,0.0,20,20,400
1e-05,25.3789,0.0,20,20,400
1.25893e-05,25.4604,0.0,20,20,400
1.58489e-05,25.5283,0.0,20,20,400
1.99526e-05,25.5844,0.0,20,20,400
2.51189e-05,25.6305,0.0,20,20,400
3.16228e-05,25.6682,0.0,20,20,400
3.98107e-05,25.6988,0.0,20,20,400
5.01187e-05,25.7236,0.0,20,20,400
6.30957e-05,25.7435,0.0,20,20,400
7.94328e-05,25.7596,0.0,20,20,400
0.0001,25.7725,0.0,20,20,400
1e-09,1.3975,0.0,20,20,500
1.25893e-09,1.70692,0.0,20,20,500
1.58489e-09,2.07439,0.0,20,20,500
1.99526e-09,2.50689,0.0,20,20,500
2.51189e-09,3.01088,0.0,20,20,500
3.16228e-09,3.5918,0.0,20,20,500
3.98107e-09,4.25346,0.0,20,20,500
5.01187e-09,4.99743,0.0,20,20,500
6.30957e-09,5.82246,0.0,20,20,500
7.94328e-09,6.72404,0.0,20,20,500
1e-08,7.69421,0.0,20,20,500
1.25893e-08,8.72167,0.0,20,20,500
1.58489e-08,9.79223,0.0,20,20,500
1.99526e-08,10.8896,0.0,20,20,500
2.51189e-08,11.9966,0.0,20,20,500
3.16228e-08,13.0959,0.0,20,20,500
3.98107e-08,14.1716,0.0,20,20,500
5.01187e-08,15.2095,0.0,20,20,500
6.30957e-08,16.1984,0.0,20,20,500
7.94328e-08,17.1297,0.0,20,20,500
1e-07,17.9979,0.0,20,20,500
1.25893e-07,18.8005,0.0,20,20,500
1.58489e-07,19.537,0.0,20,20,500
1.99526e-07,20.2092,0.0,20,20,500
2.51189e-07,20.8202,0.0,20,20,500
3.16228e-07,21.3743,0.0,20,20,500
3.98107e-07,21.876,0.0,20,20,500
5.01187e-07,22.3303,0.0,20,20,500
6.30957e-07,22.7417,0.0,20,20,500
7.94328e-07,23.1145,0.0,20,20,500
1e-06,23.4523,0.0,20,20,500
1.25893e-06,23.7583,0.0,20,20,500
1.58489e-06,24.0348,0.0,20,20,500
1.99526e-06,24.284,0.0,20,20,500
2.51189e-06,24.5072,0.0,20,20,500
3.16228e-06,24.706,0.0,20,20,500
3.98107e-06,24.8815,0.0,20,20,500
5.01187e-06,25.0351,0.0,20,20,500
6.30957e-06,25.1681,0.0,20,20,500
7.94328e-06,25.2821,0.0,20,20,500
1e-05,25.3789,0.0,20,20,500
1.25893e-05,25.4604,0.0,20,20,500
1.58489e-05,25.5283,0.0,20,20,500
1.99526e-05,25.5844,0.0,20,20,500
2.51189e-05,25.6305,0.0,20,20,500
3.16228e-05,25.6682,0.0,20,20,500
3.98107e-05,25.6988,0.0,20,20,500
5.01187e-05,25.7236,0.0,20,20,500
6.30957e-05,25.7435,0.0,20,20,500
7.94328e-05,25.7596,0.0,20,20,500
0.0001,25.7725,0.0,20,20,500
1e-09,0.77815,0.1,2,2,300
1.25893e-09,0.883007,0.1,2,2,300
1.58489e-09,0.993208,0.1,2,2,300
1.99526e-09,1.10762,0.1,2,2,300
2.51189e-09,1.22509,0.1,2,2,300
3.16228e-09,1.34447,0.1,2,2,300
3.98107e-09,1.46473,0.1,2,2,300
5.01187e-09,1.58496,0.1,2,2,300
6.30957e-09,1.7044,0.1,2,2,300
7.94328e-09,1.82245,0.1,2,2,300
1e-08,1.93869,0.1,2,2,300
1.25893e-08,2.05287,0.1,2,2,300
1.58489e-08,2.16489,0.1,2,2,300
1.99526e-08,2.27482,0.1,2,2,300
2.51189e-08,2.38285,0.1,2,2,300
3.16228e-08,2.48929,0.1,2,2,300
3.98107e-08,2.59449,0.1,2,2,300
5.01187e-08,2.69886,0.1,2,2,300
6.30957e-08,2.80275,0.1,2,2,300
7.94328e-08,2.90643,0.1,2,2,300
1e-07,3.0101,0.1,2,2,300
1.25893e-07,3.11378,0.1,2,2,300
1.58489e-07,3.21737,0.1,2,2,300
1.99526e-07,3.32063,0.1,2,2,300
2.51189e-07,3.4232,0.1,2,2,300
3.16228e-07,3.52462,0.1,2,2,300
3.98107e-07,3.62434,0.1,2,2,300
5.01187e-07,3.72173,0.1,2,2,300
6.30957e-07,3.81611,0.1,2,2,300
7.94328e-07,3.90672,0.1,2,2,300
1e-06,3.99279,0.1,2,2,300
1.25893e-06,4.07354,0.1,2,2,300
1.58489e-06,4.14829,0.1,2,2,300
1.99526e-06,4.21648,0.1,2,2,300
2.51189e-06,4.27777,0.1,2,2,300
3.16228e-06,4.33204,0.1,2,2,300
3.98107e-06,4.3794,0.1,2,2,300
5.01187e-06,4.42018,0.1,2,2,300
6.30957e-06,4.45485,0.1,2,2,300
7.94328e-06,4.484,0.1,2,2,300
1e-05,4.50828,0.1,2,2,300
1.25893e-05,4.52833,0.1,2,2,300
1.58489e-05,4.54477,0.1,2,2,300
1.99526e-05,4.55818,0.1,2,2,300
2.51189e-05,4.56905,0.1,2,2,300
3.16228e-05,4.57783,0.1,2,2,300
3.98107e-05,4.5849,0.1,2,2,300
5.01187e-05,4.59058,0.1,2,2,300
6.30957e-05,4.59513,0.1,2,2,300
7.94328e-05,4.59877,0.1,2,2,300
0.0001,4.60168,0.1,2,2,300
1e-09,0.77815,0.1,2,2,400
1.25893e-09,0.883007,0.1,2,2,400
1.58489e-09,0.993208,0.1,2,2,400
1.99526e-09,1.10762,0.1,2,2,400
2.51189e-09,1.22509,0.1,2,2,400
3.16228e-09,1.34447,0.1,2,2,400
3.98107e-09,1.46473,0.1,2,2,400
5.01187e-09,1.58496,0.1,2,2,400
6.30957e-09,1.7044,0.1,2,2,400
7.94328e-09,1.82245,0.1,2,2,400
1e-08,1.93869,0.1,2,2,400
1.25893e-08,2.05287,0.1,2,2,400
1.58489e-08,2.16489,0.1,2,2,400
1.99526e-08,2.27482,0.1,2,2,400
2.51189e-08,2.38285,0.1,2,2,400
3.16228e-08,2.48929,0.1,2,2,400
3.98107e-08,2.59449,0.1,2,2,400
5.01187e-08,2.69886,0.1,2,2,400
6.30957e-08,2.80275,0.1,2,2,400
7.94328e-08,2.90643,0.1,2,2,400
1e-07,3.0101,0.1,2,2,400
1.25893e-07,3.11378,0.1,2,2,400
1.58489e-07,3.21737,0.1,2,2,400
1.99526e-07,3.32063,0.1,2,2,400
2.51189e-07,3.4232,0.1,2,2,400
3.16228e-07,3.52462,0.1,2,2,400
3.98107e-07,3.62434,0.1,2,2,400
5.01187e-07,3.72173,0.1,2,2,400
6.30957e-07,3.81611,0.1,2,2,400
7.94328e-07,3.90672,0.1,2,2,400
1e-06,3.99279,0.1,2,2,400
1.25893e-06,4.07354,0.1,2,2,400
1.58489e-06,4.14829,0.1,2,2,400
1.99526e-06,4.21648,0.1,2,2,400
2.51189e-06,4.27777,0.1,2,2,400
3.16228e-06,4.33204,0.1,2,2,400
3.98107e-06,4.3794,0.1,2,2,400
5.01187e-06,4.42018,0.1,2,2,400
6.30957e-06,4.45485,0.1,2,2,400
7.94328e-06,4.484,0.1,2,2,400
1e-05,4.50828,0.1,2,2,400
1.25893e-05,4.52833,0.1,2,2,400
1.58489e-05,4.54477,0.1,2,2,400
1.99526e-05,4.55818,0.1,2,2,400
2.51189e-05,4.56905,0.1,2,2,400
3.16228e-05,4.57783,0.1,2,2,400
3.98107e-05,4.5849,0.1,2,2,400
5.01187e-05,4.59058,0.1,2,2,400
6.30957e-05,4.59513,0.1,2,2,400
7.94328e-05,4.59877,0.1,2,2,400
0.0001,4.60168,0.1,2,2,400
1e-09,0.77815,0.1,2,2,500
1.25893e-09,0.883007,0.1,2,2,500
1.58489e-09,0.993208,0.1,2,2,500
1.99526e-09,1.10762,0.1,2,2,500
2.51189e-09,1.22509,0.1,2,2,500
3.16228e-09,1.34447,0.1,2,2,500
3.98107e-09,1.46473,0.1,2,2,500
5.01187e-09,1.58496,0.1,2,2,500
6.30957e-09,1.7044,0.1,2,2,500
7.94328e-09,1.82245,0.1,2,2,500
1e-08,1.93869,0.1,2,2,500
1.25893e-08,2.05287,0.1,2,2,500
1.58489e-08,2.16489,0.1,2,2,500
1.99526e-08,2.27482,0.1,2,2,500
2.51189e-08,2.38285,0.1,2,2,500
3.16228e-08,2.48929,0.1,2,2,500
3.98107e-08,2.59449,0.1,2,2,500
5.01187e-08,2.69886,0.1,2,2,500
6.30957e-08,2.80275,0.1,2,2,500
7.94328e-08,2.90643,0.1,2,2,500
1e-07,3.0101,0.1,2,2,500
1.25893e-07,3.11378,0.1,2,2,500
1.58489e-07,3.21737,0.1,2,2,500
1.99526e-07,3.32063,0.1,2,2,500
2.51189e-07,3.4232,0.1,2,2,500
3.16228e-07,3.52462,0.1,2,2,500
3.98107e-07,3.62434,0.1,2,2,500
5.01187e-07,3.72173,0.1,2,2,500
6.30957e-07,3.81611,0.1,2,2,500
7.94328e-07,3.90672,0.1,2,2,500
1e-06,3.99279,0.1,2,2,500
1.25893e-06,4.07354,0.1,2,2,500
1.58489e-06,4.14829,0.1,2,2,500
1.99526e-06,4.21648,0.1,2,2,500
2.51189e-06,4.27777,0.1,2,2,500
3.16228e-06,4.33204,0.1,2,2,500
3.98107e-06,4.3794,0.1,2,2,500
5.01187e-06,4.42018,0.1,2,2,500
6.30957e-06,4.45485,0.1,2,2,500
7.94328e-06,4.484,0.1,2,2,500
1e-05,4.50828,0.1,2,2,500
1.25893e-05,4.52833,0.1,2,2,500
1.58489e-05,4.54477,0.1,2,2,500
1.99526e-05,4.55818,0.1,2,2,500
2.51189e-05,4.56905,0.1,2,2,500
3.16228e-05,4.57783,0.1,2,2,500
3.98107e-05,4.5849,0.1,2,2,500
5.01187e-05,4.59058,0.1,2,2,500
6.30957e-05,4.59513,0.1,2,2,500
7.94328e-05,4.59877,0.1,2,2,500
0.0001,4.60168,0.1,2,2,500
1e-09,1.02595,0.1,2,5,300
1.25893e-09,1.18299,0.1,2,5,300
1.58489e-09,1.35125,0.1,2,5,300
1.99526e-09,1.52872,0.1,2,5,300
2.51189e-09,1.71302,0.1,2,5,300
3.16228e-09,1.90155,0.1,2,5,300
3.98107e-09,2.09163,0.1,2,5,300
5.01187e-09,2.2807,0.1,2,5,300
6.30957e-09,2.4664,0.1,2,5,300
7.94328e-09,2.64672,0.1,2,5,300
1e-08,2.82005,0.1,2,5,300
1.25893e-08,2.98519,0.1,2,5,300
1.58489e-08,3.14138,0.1,2,5,300
1.99526e-08,3.28826,0.1,2,5,300
2.51189e-08,3.42582,0.1,2,5,300
3.16228e-08,3.55437,0.1,2,5,300
3.98107e-08,3.67445,0.1,2,5,300
5.01187e-08,3.78677,0.1,2,5,300
6.30957e-08,3.89209,0.1,2,5,300
7.94328e-08,3.99119,0.1,2,5,300
1e-07,4.08475,0.1,2,5,300
1.25893e-07,4.17329,0.1,2,5,300
1.58489e-07,4.25717,0.1,2,5,300
1.99526e-07,4.3365,0.1,2,5,300
2.51189e-07,4.41122,0.1,2,5,300
3.16228e-07,4.48113,0.1,2,5,300
3.98107e-07,4.54594,0.1,2,5,300
5.01187e-07,4.60535,0.1,2,5,300
6.30957e-07,4.65914,0.1,2,5,300
7.94328e-07,4.70719,0.1,2,5,300
1e-06,4.74954,0.1,2,5,300
1.25893e-06,4.78639,0.1,2,5,300
1.58489e-06,4.81803,0.1,2,5,300
1.99526e-06,4.8449,0.1,2,5,300
2.51189e-06,4.86748,0.1,2,5,300
3.16228e-06,4.88627,0.1,2,5,300
3.98107e-06,4.90179,0.1,2,5,300
5.01187e-06,4.91452,0.1,2,5,300
6.30957e-06,4.92489,0.1,2,5,300
7.94328e-06,4.93331,0.1,2,5,300
1e-05,4.94011,0.1,2,5,300
1.25893e-05,4.94559,0.1,2,5,300
1.58489e-05,4.94999,0.1,2,5,300
1.99526e-05,4.95352,0.1,2,5,300
2.51189e-05,4.95634,0.1,2,5,300
3.16228e-05,4.95859,0.1,2,5,300
3.98107e-05,4.96039,0.1,2,5,300
5.01187e-05,4.96182,0.1,2,5,300
6.30957e-05,4.96297,0.1,2,5,300
7.94328e-05,4.96388,0.1,2,5,300
0.0001,4.9646,0.1,2,5,300
1e-09,1.02595,0.1,2,5,400
1.25893e-09,1.18299,0.1,2,5,400
1.58489e-09,1.35125,0.1,2,5,400
1.99526e-09,1.52872,0.1,2,5,400
2.51189e-09,1.71302,0.1,2,5,400
3.16228e-09,1.90155,0.1,2,5,400
3.98107e-09,2.09163,0.1,2,5,400
5.01187e-09,2.2807,0.1,2,5,400
6.30957e-09,2.4664,0.1,2,5,400
7.94328e-09,2.64672,0.1,2,5,400
1e-08,2.82005,0.1,2,5,400
1.25893e-08,2.98519,0.1,2,5,400
1.58489e-08,3.14138,0.1,2,5,400
1.99526e-08,3.28826,0.1,2,5,400
2.51189e-08,3.42582,0.1,2,5,400
3.16228e-08,3.55437,0.1,2,5,400
3.98107e-08,3.67445,0.1,2,5,400
5.01187e-08,3.78677,0.1,2,5,400
6.30957e-08,3.89209,0.1,2,5,400
7.94328e-08,3.99119,0.1,2,5,400
1e-07,4.08475,0.1,2,5,400
1.25893e-07,4.17329,0.1,2,5,400
1.58489e-07,4.25717,0.1,2,5,400
1.99526e-07,4.3365,0.1,2,5,400
2.51189e-07,4.41122,0.1,2,5,400
3.16228e-07,4.48113,0.1,2,5,400
3.98107e-07,4.54594,0.1,2,5,400
5.01187e-07,4.60535,0.1,2,5,400
6.30957e-07,4.65914,0.1,2,5,400
7.94328e-07,4.70719,0.1,2,5,400
1e-06,4.74954,0.1,2,5,400
1.25893e-06,4.78639,0.1,2,5,400
1.58489e-06,4.81803,0.1,2,5,400
1.99526e-06,4.8449,0.1,2,5,400
2.51189e-06,4.86748,0.1,2,5,400
3.16228e-06,4.88627,0.1,2,5,400
3.98107e-06,4.90179,0.1,2,5,400
5.01187e-06,4.91452,0.1,2,5,400
6.30957e-06,4.92489,0.1,2,5,400
7.94328e-06,4.93331,0.1,2,5,400
1e-05,4.94011,0.1,2,5,400
1.25893e-05,4.94559,0.1,2,5,400
1.58489e-05,4.94999,0.1,2,5,400
1.99526e-05,4.95352,0.1,2,5,400
2.51189e-05,4.95634,0.1,2,5,400
3.16228e-05,4.95859,0.1,2,5,400
3.98107e-05,4.96039,0.1,2,5,400
5.01187e-05,4.96182,0.1,2,5,400
6.30957e-05,4.96297,0.1,2,5,400
7.94328e-05,4.96388,0.1,2,5,400
0.0001,4.9646,0.1,2,5,400
1e-09,1.02595,0.1,2,5,500
1.25893e-09,1.18299,0.1,2,5,500
1.58489e-09,1.35125,0.1,2,5,500
1.99526e-09,1.52872,0.1,2,5,500
2.51189e-09,1.71302,0.1,2,5,500
3.16228e-09,1.90155,0.1,2,5,500
3.98107e-09,2.09163,0.1,2,5,500
5.01187e-09,2.2807,0.1,2,5,500
6.30957e-09,2.4664,0.1,2,5,500
7.94328e-09,2.64672,0.1,2,5,500
1e-08,2.82005,0.1,2,5,500
1.25893e-08,2.98519,0.1,2,5,500
1.58489e-08,3.14138,0.1,2,5,500
1.99526e-08,3.28826,0.1,2,5,500
2.51189e-08,3.42582,0.1,2,5,500
3.16228e-08,3.55437,0.1,2,5,500
3.98107e-08,3.67445,0.1,2,5,500
5.01187e-08,3.78677,0.1,2,5,500
6.30957e-08,3.89209,0.1,2,5,500
7.94328e-08,3.99119,0.1,2,5,500
1e-07,4.08475,0.1,2,5,500
1.25893e-07,4.17329,0.1,2,5,500
1.58489e-07,4.25717,0.1,2,5,500
1.99526e-07,4.3365,0.1,2,5,500
2.51189e-07,4.41122,0.1,2,5,500
3.16228e-07,4.48113,0.1,2,5,500
3.98107e-07,4.54594,0.1,2,5,500
5.01187e-07,4.60535,0.1,2,5,500
6.30957e-07,4.65914,0.1,2,5,500
7.94328e-07,4.70719,0.1,2,5,500
1e-06,4.74954,0.1,2,5,500
1.25893e-06,4.78639,0.1,2,5,500
1.58489e-06,4.81803,0.1,2,5,500
1.99526e-06,4.8449,0.1,2,5,500
2.51189e-06,4.86748,0.1,2,5,500
3.16228e-06,4.88627,0.1,2,5,500
3.98107e-06,4.90179,0.1,2,5,500
5.01187e-06,4.91452,0.1,2,5,500
6.30957e-06,4.92489,0.1,2,5,500
7.94328e-06,4.93331,0.1,2,5,500
1e-05,4.94011,0.1,2,5,500
1.25893e-05,4.94559,0.1,2,5,500
1.58489e-05,4.94999,0.1,2,5,500
1.99526e-05,4.95352,0.1,2,5,500
2.51189e-05,4.95634,0.1,2,5,500
3.16228e-05,4.95859,0.1,2,5,500
3.98107e-05,4.96039,0.1,2,5,500
5.01187e-05,4.96182,0.1,2,5,500
6.30957e-05,4.96297,0.1,2,5,500
7.94328e-05,4.96388,0.1,2,5,500
0.0001,4.9646,0.1,2,5,500
1e-09,1.27614,0.1,2,10,300
1.25893e-09,1.49927,0.1,2,10,300
1.58489e-09,1.74575,0.1,2,10,300
1.99526e-09,2.01376,0.1,2,10,300
2.51189e-09,2.30041,0.1,2,10,300
3.16228e-09,2.60188,0.1,2,10,300
3.98107e-09,2.91363,0.1,2,10,300
5.01187e-09,3.23071,0.1,2,10,300
6.30957e-09,3.54805,0.1,2,10,300
7.94328e-09,3.86085,0.1,2,10,300
1e-08,4.16479,0.1,2,10,300
1.25893e-08,4.45632,0.1,2,10,300
1.58489e-08,4.73272,0.1,2,10,300
1.99526e-08,4.99216,0.1,2,10,300
2.51189e-08,5.23368,0.1,2,10,300
3.16228e-08,5.4571,0.1,2,10,300
3.98107e-08,5.66288,0.1,2,10,300
5.01187e-08,5.85201,0.1,2,10,300
6.30957e-08,6.02587,0.1,2,10,300
7.94328e-08,6.18604,0.1,2,10,300
1e-07,6.33423,0.1,2,10,300
1.25893e-07,6.47211,0.1,2,10,300
1.58489e-07,6.60123,0.1,2,10,300
1.99526e-07,6.72296,0.1,2,10,300
2.51189e-07,6.83837,0.1,2,10,300
3.16228e-07,6.94822,0.1,2,10,300
3.98107e-07,7.05294,0.1,2,10,300
5.01187e-07,7.15262,0.1,2,10,300
6.30957e-07,7.24704,0.1,2,10,300
7.94328e-07,7.33579,0.1,2,10,300
1e-06,7.41833,0.1,2,10,300
1.25893e-06,7.49415,0.1,2,10,300
1.58489e-06,7.56282,0.1,2,10,300
1.99526e-06,7.62412,0.1,2,10,300
2.51189e-06,7.67805,0.1,2,10,300
3.16228e-06,7.72483,0.1,2,10,300
3.98107e-06,7.76489,0.1,2,10,300
5.01187e-06,7.79878,0.1,2,10,300
6.30957e-06,7.82716,0.1,2,10,300
7.94328e-06,7.85071,0.1,2,10,300
1e-05,7.87009,0.1,2,10,300
1.25893e-05,7.88594,0.1,2,10,300
1.58489e-05,7.89883,0.1,2,10,300
1.99526e-05,7.90927,0.1,2,10,300
2.51189e-05,7.91769,0.1,2,10,300
3.16228e-05,7.92447,0.1,2,10,300
3.98107e-05,7.9299,0.1,2,10,300
5.01187e-05,7.93425,0.1,2,10,300
6.30957e-05,7.93773,0.1,2,10,300
7.94328e-05,7.9405,0.1,2,10,300
0.0001,7.94272,0.1,2,10,300
1e-09,1.27614,0.1,2,10,400
1.25893e-09,1.49927,0.1,2,10,400
1.58489e-09,1.74575,0.1,2,10,400
1.99526e-09,2.01376,0.1,2,10,400
2.51189e-09,2.30041,0.1,2,10,400
3.16228e-09,2.60188,0.1,2,10,400
3.98107e-09,2.91363,0.1,2,10,400
5.01187e-09,3.23071,0.1,2,10,400
6.30957e-09,3.54805,0.1,2,10,400
7.94328e-09,3.86085,0.1,2,10,400
1e-08,4.16479,0.1,2,10,400
1.25893e-08,4.45632,0.1,2,10,400
1.58489e-08,4.73272,0.1,2,10,400
1.99526e-08,4.99216,0.1,2,10,400
2.51189e-08,5.23368,0.1,2,10,400
3.16228e-08,5.4571,0.1,2,10,400
3.98107e-08,5.66288,0.1,2,10,400
5.01187e-08,5.85201,0.1,2,10,400
6.30957e-08,6.02587,0.1,2,10,400
7.94328e-08,6.18604,0.1,2,10,400
1e-07,6.33423,0.1,2,10,400
1.25893e-07,6.47211,0.1,2,10,400
1.58489e-07,6.60123,0.1,2,10,400
1.99526e-07,6.72296,0.1,2,10,400
2.51189e-07,6.83837,0.1,2,10,400
3.16228e-07,6.94822,0.1,2,10,400
3.98107e-07,7.05294,0.1,2,10,400
5.01187e-07,7.15262,0.1,2,10,400
6.30957e-07,7.24704,0.1,2,10,400
7.94328e-07,7.33579,0.1,2,10,400
1e-06,7.41833,0.1,2,10,400
1.25893e-06,7.49415,0.1,2,10,400
1.58489e-06,7.56282,0.1,2,10,400
1.99526e-06,7.62412,0.1,2,10,400
2.51189e-06,7.67805,0.1,2,10,400
3.16228e-06,7.72483,0.1,2,10,400
3.98107e-06,7.76489,0.1,2,10,400
5.01187e-06,7.79878,0.1,2,10,400
6.30957e-06,7.82716,0.1,2,10,400
7.94328e-06,7.85071,0.1,2,10,400
1e-05,7.87009,0.1,2,10,400
1.25893e-05,7.88594,0.1,2,10,400
1.58489e-05,7.89883,0.1,2,10,400
1.99526e-05,7.90927,0.1,2,10,400
2.51189e-05,7.91769,0.1,2,10,400
3.16228e-05,7.92447,0.1,2,10,400
3.98107e-05,7.9299,0.1,2,10,400
5.01187e-05,7.93425,0.1,2,10,400
6.30957e-05,7.93773,0.1,2,10,400
7.94328e-05,7.9405,0.1,2,10,400
0.0001,7.94272,0.1,2,10,400
1e-09,1.27614,0.1,2,10,500
1.25893e-09,1.49927,0.1,2,10,500
1.58489e-09,1.74575,0.1,2,10,500
1.99526e-09,2.01376,0.1,2,10,500
2.51189e-09,2.30041,0.1,2,10,500
3.16228e-09,2.60188,0.1,2,10,500
3.98107e-09,2.91363,0.1,2,10,500
5.01187e-09,3.23071,0.1,2,10,500
6.30957e-09,3.54805,0.1,2,10,500
7.94328e-09,3.86085,0.1,2,10,500
1e-08,4.16479,0.1,2,10,500
1.25893e-08,4.45632,0.1,2,10,500
1.58489e-08,4.73272,0.1,2,10,500
1.99526e-08,4.99216,0.1,2,10,500
2.51189e-08,5.23368,0.1,2,10,500
3.16228e-08,5.4571,0.1,2,10,500
3.98107e-08,5.66288,0.1,2,10,500
5.01187e-08,5.85201,0.1,2,10,500
6.30957e-08,6.02587,0.1,2,10,500
7.94328e-08,6.18604,0.1,2,10,500
1e-07,6.33423,0.1,2,10,500
1.25893e-07,6.47211,0.1,2,10,500
1.58489e-07,6.60123,0.1,2,10,500
1.99526e-07,6.72296,0.1,2,10,500
2.51189e-07,6.83837,0.1,2,10,500
3.16228e-07,6.94822,0.1,2,10,500
3.98107e-07,7.05294,0.1,2,10,500
5.01187e-07,7.15262,0.1,2,10,500
6.30957e-07,7.24704,0.1,2,10,500
7.94328e-07,7.33579,0.1,2,10,500
1e-06,7.41833,0.1,2,10,500
1.25893e-06,7.49415,0.1,2,10,500
1.58489e-06,7.56282,0.1,2,10,500
1.99526e-06,7.62412,0.1,2,10,500
2.51189e-06,7.67805,0.1,2,10,500
3.16228e-06,7.72483,0.1,2,10,500
3.98107e-06,7.76489,0.1,2,10,500
5.01187e-06,7.79878,0.1,2,10,500
6.30957e-06,7.82716,0.1,2,10,500
7.94328e-06,7.85071,0.1,2,10,500
1e-05,7.87009,0.1,2,10,500
1.25893e-05,7.88594,0.1,2,10,500
1.58489e-05,7.89883,0.1,2,10,500
1.99526e-05,7.90927,0.1,2,10,500
2.51189e-05,7.91769,0.1,2,10,500
3.16228e-05,7.92447,0.1,2,10,500
3.98107e-05,7.9299,0.1,2,10,500
5.01187e-05,7.93425,0.1,2,10,500
6.30957e-05,7.93773,0.1,2,10,500
7.94328e-05,7.9405,0.1,2,10,500
0.0001,7.94272,0.1,2,10,500
1e-09,1.525,0.1,2,20,300
1.25893e-09,1.82679,0.1,2,20,300
1.58489e-09,2.17199,0.1,2,20,300
1.99526e-09,2.56143,0.1,2,20,300
2.51189e-09,2.99423,0.1,2,20,300
3.16228e-09,3.46755,0.1,2,20,300
3.98107e-09,3.97653,0.1,2,20,300
5.01187e-09,4.51436,0.1,2,20,300
6.30957e-09,5.07267,0.1,2,20,300
7.94328e-09,5.64205,0.1,2,20,300
1e-08,6.21272,0.1,2,20,300
1.25893e-08,6.7752,0.1,2,20,300
1.58489e-08,7.32094,0.1,2,20,300
1.99526e-08,7.84274,0.1,2,20,300
2.51189e-08,8.33512,0.1,2,20,300
3.16228e-08,8.79432,0.1,2,20,300
3.98107e-08,9.21834,0.1,2,20,300
5.01187e-08,9.60669,0.1,2,20,300
6.30957e-08,9.96019,0.1,2,20,300
7.94328e-08,10.2806,0.1,2,20,300
1e-07,10.5706,0.1,2,20,300
1.25893e-07,10.8328,0.1,2,20,300
1.58489e-07,11.0705,0.1,2,20,300
1.99526e-07,11.2864,0.1,2,20,300
2.51189e-07,11.4834,0.1,2,20,300
3.16228e-07,11.6637,0.1,2,20,300
3.98107e-07,11.8292,0.1,2,20,300
5.01187e-07,11.9813,0.1,2,20,300
6.30957e-07,12.1208,0.1,2,20,300
7.94328e-07,12.2485,0.1,2,20,300
1e-06,12.3647,0.1,2,20,300
1.25893e-06,12.4696,0.1,2,20,300
1.58489e-06,12.5634,0.1,2,20,300
1.99526e-06,12.6464,0.1,2,20,300
2.51189e-06,12.719,0.1,2,20,300
3.16228e-06,12.7819,0.1,2,20,300
3.98107e-06,12.8356,0.1,2,20,300
5.01187e-06,12.8811,0.1,2,20,300
6.30957e-06,12.9192,0.1,2,20,300
7.94328e-06,12.9509,0.1,2,20,300
1e-05,12.977,0.1,2,20,300
1.25893e-05,12.9984,0.1,2,20,300
1.58489e-05,13.0158,0.1,2,20,300
1.99526e-05,13.0299,0.1,2,20,300
2.51189e-05,13.0413,0.1,2,20,300
3.16228e-05,13.0505,0.1,2,20,300
3.98107e-05,13.0579,0.1,2,20,300
5.01187e-05,13.0638,0.1,2,20,300
6.30957e-05,13.0685,0.1,2,20,300
7.94328e-05,13.0723,0.1,2,20,300
0.0001,13.0753,0.1,2,20,300
1e-09,1.525,0.1,2,20,400
1.25893e-09,1.82679,0.1,2,20,400
1.58489e-09,2.17199,0.1,2,20,400
1.99526e-09,2.56143,0.1,2,20,400
2.51189e-09,2.99423,0.1,2,20,400
3.16228e-09,3.46755,0.1,2,20,400
3.98107e-09,3.97653,0.1,2,20,400
5.01187e-09,4.51436,0.1,2,20,400
6.30957e-09,5.07267,0.1,2,20,400
7.94328e-09,5.64205,0.1,2,20,400
1e-08,6.21272,0.1,2,20,400
1.25893e-08,6.7752,0.1,2,20,400
1.58489e-08,7.32094,0.1,2,20,400
1.99526e-08,7.84274,0.1,2,20,400
2.51189e-08,8.33512,0.1,2,20,400
3.16228e-08,8.79432,0.1,2,20,400
3.98107e-08,9.21834,0.1,2,20,400
5.01187e-08,9.60669,0.1,2,20,400
6.30957e-08,9.96019,0.1,2,20,400
7.94328e-08,10.2806,0.1,2,20,400
1e-07,10.5706,0.1,2,20,400
1.25893e-07,10.8328,0.1,2,20,400
1.58489e-07,11.0705,0.1,2,20,400
1.99526e-07,11.2864,0.1,2,20,400
2.51189e-07,11.4834,0.1,2,20,400
3.16228e-07,11.6637,0.1,2,20,400
3.98107e-07,11.8292,0.1,2,20,400
5.01187e-07,11.9813,0.1,2,20,400
6.30957e-07,12.1208,0.1,2,20,400
7.94328e-07,12.2485,0.1,2,20,400
1e-06,12.3647,0.1,2,20,400
1.25893e-06,12.4696,0.1,2,20,400
1.58489e-06,12.5634,0.1,2,20,400
1.99526e-06,12.6464,0.1,2,20,400
2.51189e-06,12.719,0.1,2,20,400
3.16228e-06,12.7819,0.1,2,20,400
3.98107e-06,12.8356,0.1,2,20,400
5.01187e-06,12.8811,0.1,2,20,400
6.30957e-06,12.9192,0.1,2,20,400
7.94328e-06,12.9509,0.1,2,20,400
1e-05,12.977,0.1,2,20,400
1.25893e-05,12.9984,0.1,2,20,400
1.58489e-05,13.0158,0.1,2,20,400
1.99526e-05,13.0299,0.1,2,20,400
2.51189e-05,13.0413,0.1,2,20,400
3.16228e-05,13.0505,0.1,2,20,400
3.98107e-05,13.0579,0.1,2,20,400
5.01187e-05,13.0638,0.1,2,20,400
6.30957e-05,13.0685,0.1,2,20,400
7.94328e-05,13.0723,0.1,2,20,400
0.0001,13.0753,0.1,2,20,400
1e-09,1.525,0.1,2,20,500
1.25893e-09,1.82679,0.1,2,20,500
1.58489e-09,2.17199,0.1,2,20,500
1.99526e-09,2.56143,0.1,2,20,500
2.51189e-09,2.99423,0.1,2,20,500
3.16228e-09,3.46755,0.1,2,20,500
3.98107e-09,3.97653,0.1,2,20,500
5.01187e-09,4.51436,0.1,2,20,500
6.30957e-09,5.07267,0.1,2,20,500
7.94328e-09,5.64205,0.1,2,20,500
1e-08,6.21272,0.1,2,20,500
1.25893e-08,6.7752,0.1,2,20,500
1.58489e-08,7.32094,0.1,2,20,500
1.99526e-08,7.84274,0.1,2,20,500
2.51189e-08,8.33512,0.1,2,20,500
3.16228e-08,8.79432,0.1,2,20,500
3.98107e-08,9.21834,0.1,2,20,500
5.01187e-08,9.60669,0.1,2,20,500
6.30957e-08,9.96019,0.1,2,20,500
7.94328e-08,10.2806,0.1,2,20,500
1e-07,10.5706,0.1,2,20,500
1.25893e-07,10.8328,0.1,2,20,500
1.58489e-07,11.0705,0.1,2,20,500
1.99526e-07,11.2864,0.1,2,20,500
2.51189e-07,11.4834,0.1,2,20,500
3.16228e-07,11.6637,0.1,2,20,500
3.98107e-07,11.8292,0.1,2,20,500
5.01187e-07,11.9813,0.1,2,20,500
6.30957e-07,12.1208,0.1,2,20,500
7.94328e-07,12.2485,0.1,2,20,500
1e-06,12.3647,0.1,2,20,500
1.25893e-06,12.4696,0.1,2,20,500
1.58489e-06,12.5634,0.1,2,20,500
1.99526e-06,12.6464,0.1,2,20,500
2.51189e-06,12.719,0.1,2,20,500
3.16228e-06,12.7819,0.1,2,20,500
3.98107e-06,12.8356,0.1,2,20,500
5.01187e-06,12.8811,0.1,2,20,500
6.30957e-06,12.9192,0.1,2,20,500
7.94328e-06,12.9509,0.1,2,20,500
1e-05,12.977,0.1,2,20,500
1.25893e-05,12.9984,0.1,2,20,500
1.58489e-05,13.0158,0.1,2,20,500
1.99526e-05,13.0299,0.1,2,20,500
2.51189e-05,13.0413,0.1,2,20,500
3.16228e-05,13.0505,0.1,2,20,500
3.98107e-05,13.0579,0.1,2,20,500
5.01187e-05,13.0638,0.1,2,20,500
6.30957e-05,13.0685,0.1,2,20,500
7.94328e-05,13.0723,0.1,2,20,500
0.0001,13.0753,0.1,2,20,500
1e-09,0.880183,0.1,5,2,300
1.25893e-09,1.02007,0.1,5,2,300
1.58489e-09,1.17178,0.1,5,2,300
1.99526e-09,1.33406,0.1,5,2,300
2.51189e-09,1.50534,0.1,5,2,300
3.16228e-09,1.6838,0.1,5,2,300
3.98107e-09,1.86751,0.1,5,2,300
5.01187e-09,2.05453,0.1,5,2,300
6.30957e-09,2.24303,0.1,5,2,300
7.94328e-09,2.43132,0.1,5,2,300
1e-08,2.61795,0.1,5,2,300
1.25893e-08,2.80164,0.1,5,2,300
1.58489e-08,2.98135,0.1,5,2,300
1.99526e-08,3.15623,0.1,5,2,300
2.51189e-08,3.32559,0.1,5,2,300
3.16228e-08,3.48892,0.1,5,2,300
3.98107e-08,3.64583,0.1,5,2,300
5.01187e-08,3.7961,0.1,5,2,300
6.30957e-08,3.93965,0.1,5,2,300
7.94328e-08,4.07652,0.1,5,2,300
1e-07,4.20687,0.1,5,2,300
1.25893e-07,4.33088,0.1,5,2,300
1.58489e-07,4.44876,0.1,5,2,300
1.99526e-07,4.56063,0.1,5,2,300
2.51189e-07,4.66651,0.1,5,2,300
3.16228e-07,4.76626,0.1,5,2,300
3.98107e-07,4.85962,0.1,5,2,300
5.01187e-07,4.94625,0.1,5,2,300
6.30957e-07,5.02579,0.1,5,2,300
7.94328e-07,5.09792,0.1,5,2,300
1e-06,5.16249,0.1,5,2,300
1.25893e-06,5.21952,0.1,5,2,300
1.58489e-06,5.26921,0.1,5,2,300
1.99526e-06,5.31196,0.1,5,2,300
2.51189e-06,5.3483,0.1,5,2,300
3.16228e-06,5.37888,0.1,5,2,300
3.98107e-06,5.40434,0.1,5,2,300
5.01187e-06,5.42539,0.1,5,2,300
6.30957e-06,5.44266,0.1,5,2,300
7.94328e-06,5.45674,0.1,5,2,300
1e-05,5.46817,0.1,5,2,300
1.25893e-05,5.47741,0.1,5,2,300
1.58489e-05,5.48485,0.1,5,2,300
1.99526e-05,5.49082,0.1,5,2,300
2.51189e-05,5.49561,0.1,5,2,300
3.16228e-05,5.49945,0.1,5,2,300
3.98107e-05,5.50251,0.1,5,2,300
5.01187e-05,5.50495,0.1,5,2,300
6.30957e-05,5.5069,0.1,5,2,300
7.94328e-05,5.50845,0.1,5,2,300
0.0001,5.50969,0.1,5,2,300
1e-09,0.880183,0.1,5,2,400
1.25893e-09,1.02007,0.1,5,2,400
1.58489e-09,1.17178,0.1,5,2,400
1.99526e-09,1.33406,0.1,5,2,400
2.51189e-09,1.50534,0.1,5,2,400
3.16228e-09,1.6838,0.1,5,2,400
3.98107e-09,1.86751,0.1,5,2,400
5.01187e-09,2.05453,0.1,5,2,400
6.30957e-09,2.24303,0.1,5,2,400
7.94328e-09,2.43132,0.1,5,2,400
1e-08,2.61795,0.1,5,2,400
1.25893e-08,2.80164,0.1,5,2,400
1.58489e-08,2.98135,0.1,5,2,400
1.99526e-08,3.15623,0.1,5,2,400
2.51189e-08,3.32559,0.1,5,2,400
3.16228e-08,3.48892,0.1,5,2,400
3.98107e-08,3.64583,0.1,5,2,400
5.01187e-08,3.7961,0.1,5,2,400
6.30957e-08,3.93965,0.1,5,2,400
7.94328e-08,4.07652,0.1,5,2,400
1e-07,4.20687,0.1,5,2,400
1.25893e-07,4.33088,0.1,5,2,400
1.58489e-07,4.44876,0.1,5,2,400
1.99526e-07,4.56063,0.1,5,2,400
2.51189e-07,4.66651,0.1,5,2,400
3.16228e-07,4.76626,0.1,5,2,400
3.98107e-07,4.85962,0.1,5,2,400
5.01187e-07,4.94625,0.1,5,2,400
6.30957e-07,5.02579,0.1,5,2,400
7.94328e-07,5.09792,0.1,5,2,400
1e-06,5.16249,0.1,5,2,400
1.25893e-06,5.21952,0.1,5,2,400
1.58489e-06,5.26921,0.1,5,2,400
1.99526e-06,5.31196,0.1,5,2,400
2.51189e-06,5.3483,0.1,5,2,400
3.16228e-06,5.37888,0.1,5,2,400
3.98107e-06,5.40434,0.1,5,2,400
5.01187e-06,5.42539,0.1,5,2,400
6.30957e-06,5.44266,0.1,5,2,400
7.94328e-06,5.45674,0.1,5,2,400
1e-05,5.46817,0.1,5,2,400
1.25893e-05,5.47741,0.1,5,2,400
1.58489e-05,5.48485,0.1,5,2,400
1.99526e-05,5.49082,0.1,5,2,400
2.51189e-05,5.49561,0.1,5,2,400
3.16228e-05,5.49945,0.1,5,2,400
3.98107e-05,5.50251,0.1,5,2,400
5.01187e-05,5.50495,0.1,5,2,400
6.30957e-05,5.5069,0.1,5,2,400
7.94328e-05,5.50845,0.1,5,2,400
0.0001,5.50969,0.1,5,2,400
1e-09,0.880183,0.1,5,2,500
1.25893e-09,1.02007,0.1,5,2,500
1.58489e-09,1.17178,0.1,5,2,500
1.99526e-09,1.33406,0.1,5,2,500
2.51189e-09,1.50534,0.1,5,2,500
3.16228e-09,1.6838,0.1,5,2,500
3.98107e-09,1.86751,0.1,5,2,500
5.01187e-09,2.05453,0.1,5,2,500
6.30957e-09,2.24303,0.1,5,2,500
7.94328e-09,2.43132,0.1,5,2,500
1e-08,2.61795,0.1,5,2,500
1.25893e-08,2.80164,0.1,5,2,500
1.58489e-08,2.98135,0.1,5,2,500
1.99526e-08,3.15623,0.1,5,2,500
2.51189e-08,3.32559,0.1,5,2,500
3.16228e-08,3.48892,0.1,5,2,500
3.98107e-08,3.64583,0.1,5,2,500
5.01187e-08,3.7961,0.1,5,2,500
6.30957e-08,3.93965,0.1,5,2,500
7.94328e-08,4.07652,0.1,5,2,500
1e-07,4.20687,0.1,5,2,500
1.25893e-07,4.33088,0.1,5,2,500
1.58489e-07,4.44876,0.1,5,2,500
1.99526e-07,4.56063,0.1,5,2,500
2.51189e-07,4.66651,0.1,5,2,500
3.16228e-07,4.76626,0.1,5,2,500
3.98107e-07,4.85962,0.1,5,2,500
5.01187e-07,4.94625,0.1,5,2,500
6.30957e-07,5.02579,0.1,5,2,500
7.94328e-07,5.09792,0.1,5,2,500
1e-06,5.16249,0.1,5,2,500
1.25893e-06,5.21952,0.1,5,2,500
1.58489e-06,5.26921,0.1,5,2,500
1.99526e-06,5.31196,0.1,5,2,500
2.51189e-06,5.3483,0.1,5,2,500
3.16228e-06,5.37888,0.1,5,2,500
3.98107e-06,5.40434,0.1,5,2,500
5.01187e-06,5.42539,0.1,5,2,500
6.30957e-06,5.44266,0.1,5,2,500
7.94328e-06,5.45674,0.1,5,2,500
1e-05,5.46817,0.1,5,2,500
1.25893e-05,5.47741,0.1,5,2,500
1.58489e-05,5.48485,0.1,5,2,500
1.99526e-05,5.49082,0.1,5,2,500
2.51189e-05,5.49561,0.1,5,2,500
3.16228e-05,5.49945,0.1,5,2,500
3.98107e-05,5.50251,0.1,5,2,500
5.01187e-05,5.50495,0.1,5,2,500
6.30957e-05,5.5069,0.1,5,2,500
7.94328e-05,5.50845,0.1,5,2,500
0.0001,5.50969,0.1,5,2,500
1e-09,1.01727,0.1,5,5,300
1.25893e-09,1.18512,0.1,5,5,300
1.58489e-09,1.36807,0.1,5,5,300
1.99526e-09,1.56441,0.1,5,5,300
2.51189e-09,1.77181,0.1,5,5,300
3.16228e-09,1.98747,0.1,5,5,300
3.98107e-09,2.2083,0.1,5,5,300
5.01187e-09,2.43109,0.1,5,5,300
6.30957e-09,2.65276,0.1,5,5,300
7.94328e-09,2.87048,0.1,5,5,300
1e-08,3.08185,0.1,5,5,300
1.25893e-08,3.28492,0.1,5,5,300
1.58489e-08,3.47823,0.1,5,5,300
1.99526e-08,3.66079,0.1,5,5,300
2.51189e-08,3.83208,0.1,5,5,300
3.16228e-08,3.99191,0.1,5,5,300
3.98107e-08,4.14041,0.1,5,5,300
5.01187e-08,4.27796,0.1,5,5,300
6.30957e-08,4.40509,0.1,5,5,300
7.94328e-08,4.52245,0.1,5,5,300
1e-07,4.63073,0.1,5,5,300
1.25893e-07,4.73061,0.1,5,5,300
1.58489e-07,4.8227,0.1,5,5,300
1.99526e-07,4.90749,0.1,5,5,300
2.51189e-07,4.98537,0.1,5,5,300
3.16228e-07,5.05659,0.1,5,5,300
3.98107e-07,5.12131,0.1,5,5,300
5.01187e-07,5.17966,0.1,5,5,300
6.30957e-07,5.23175,0.1,5,5,300
7.94328e-07,5.27775,0.1,5,5,300
1e-06,5.3179,0.1,5,5,300
1.25893e-06,5.35253,0.1,5,5,300
1.58489e-06,5.38208,0.1,5,5,300
1.99526e-06,5.40702,0.1,5,5,300
2.51189e-06,5.42787,0.1,5,5,300
3.16228e-06,5.44515,0.1,5,5,300
3.98107e-06,5.45937,0.1,5,5,300
5.01187e-06,5.471,0.1,5,5,300
6.30957e-06,5.48046,0.1,5,5,300
7.94328e-06,5.48811,0.1,5,5,300
1e-05,5.49429,0.1,5,5,300
1.25893e-05,5.49926,0.1,5,5,300
1.58489e-05,5.50324,0.1,5,5,300
1.99526e-05,5.50643,0.1,5,5,300
2.51189e-05,5.50898,0.1,5,5,300
3.16228e-05,5.51102,0.1,5,5,300
3.98107e-05,5.51264,0.1,5,5,300
5.01187e-05,5.51394,0.1,5,5,300
6.30957e-05,5.51497,0.1,5,5,300
7.94328e-05,5.51579,0.1,5,5,300
0.0001,5.51644,0.1,5,5,300
1e-09,1.01727,0.1,5,5,400
1.25893e-09,1.18512,0.1,5,5,400
1.58489e-09,1.36807,0.1,5,5,400
1.99526e-09,1.56441,0.1,5,5,400
2.51189e-09,1.77181,0.1,5,5,400
3.16228e-09,1.98747,0.1,5,5,400
3.98107e-09,2.2083,0.1,5,5,400
5.01187e-09,2.43109,0.1,5,5,400
6.30957e-09,2.65276,0.1,5,5,400
7.94328e-09,2.87048,0.1,5,5,400
1e-08,3.08185,0.1,5,5,400
1.25893e-08,3.28492,0.1,5,5,400
1.58489e-08,3.47823,0.1,5,5,400
1.99526e-08,3.66079,0.1,5,5,400
2.51189e-08,3.83208,0.1,5,5,400
3.16228e-08,3.99191,0.1,5,5,400
3.98107e-08,4.14041,0.1,5,5,400
5.01187e-08,4.27796,0.1,5,5,400
6.30957e-08,4.40509,0.1,5,5,400
7.94328e-08,4.52245,0.1,5,5,400
1e-07,4.63073,0.1,5,5,400
1.25893e-07,4.73061,0.1,5,5,400
1.58489e-07,4.8227,0.1,5,5,400
1.99526e-07,4.90749,0.1,5,5,400
2.51189e-07,4.98537,0.1,5,5,400
3.16228e-07,5.05659,0.1,5,5,400
3.98107e-07,5.12131,0.1,5,5,400
5.01187e-07,5.17966,0.1,5,5,400
6.30957e-07,5.23175,0.1,5,5,400
7.94328e-07,5.27775,0.1,5,5,400
1e-06,5.3179,0.1,5,5,400
1.25893e-06,5.35253,0.1,5,5,400
1.58489e-06,5.38208,0.1,5,5,400
1.99526e-06,5.40702,0.1,5,5,400
2.51189e-06,5.42787,0.1,5,5,400
3.16228e-06,5.44515,0.1,5,5,400
3.98107e-06,5.45937,0.1,5,5,400
5.01187e-06,5.471,0.1,5,5,400
6.30957e-06,5.48046,0.1,5,5,400
7.94328e-06,5.48811,0.1,5,5,400
1e-05,5.49429,0.1,5,5,400
1.25893e-05,5.49926,0.1,5,5,400
1.58489e-05,5.50324,0.1,5,5,400
1.99526e-05,5.50643,0.1,5,5,400
2.51189e-05,5.50898,0.1,5,5,400
3.16228e-05,5.51102,0.1,5,5,400
3.98107e-05,5.51264,0.1,5,5,400
5.01187e-05,5.51394,0.1,5,5,400
6.30957e-05,5.51497,0.1,5,5,400
7.94328e-05,5.51579,0.1,5,5,400
0.0001,5.51644,0.1,5,5,400
1e-09,1.01727,0.1,5,5,500
1.25893e-09,1.18512,0.1,5,5,500
1.58489e-09,1.36807,0.1,5,5,500
1.99526e-09,1.56441,0.1,5,5,500
2.51189e-09,1.77181,0.1,5,5,500
3.16228e-09,1.98747,0.1,5,5,500
3.98107e-09,2.2083,0.1,5,5,500
5.01187e-09,2.43109,0.1,5,5,500
6.30957e-09,2.65276,0.1,5,5,500
7.94328e-09,2.87048,0.1,5,5,500
1e-08,3.08185,0.1,5,5,500
1.25893e-08,3.28492,0.1,5,5,500
1.58489e-08,3.47823,0.1,5,5,500
1.99526e-08,3.66079,0.1,5,5,500
2.51189e-08,3.83208,0.1,5,5,500
3.16228e-08,3.99191,0.1,5,5,500
3.98107e-08,4.14041,0.1,5,5,500
5.01187e-08,4.27796,0.1,5,5,500
6.30957e-08,4.40509,0.1,5,5,500
7.94328e-08,4.52245,0.1,5,5,500
1e-07,4.63073,0.1,5,5,500
1.25893e-07,4.73061,0.1,5,5,500
1.58489e-07,4.8227,0.1,5,5,500
1.99526e-07,4.90749,0.1,5,5,500
2.51189e-07,4.98537,0.1,5,5,500
3.16228e-07,5.05659,0.1,5,5,500
3.98107e-07,5.12131,0.1,5,5,500
5.01187e-07,5.17966,0.1,5,5,500
6.30957e-07,5.23175,0.1,5,5,500
7.94328e-07,5.27775,0.1,5,5,500
1e-06,5.3179,0.1,5,5,500
1.25893e-06,5.35253,0.1,5,5,500
1.58489e-06,5.38208,0.1,5,5,500
1.99526e-06,5.40702,0.1,5,5,500
2.51189e-06,5.42787,0.1,5,5,500
3.16228e-06,5.44515,0.1,5,5,500
3.98107e-06,5.45937,0.1,5,5,500
5.01187e-06,5.471,0.1,5,5,500
6.30957e-06,5.48046,0.1,5,5,500
7.94328e-06,5.48811,0.1,5,5,500
1e-05,5.49429,0.1,5,5,500
1.25893e-05,5.49926,0.1,5,5,500
1.58489e-05,5.50324,0.1,5,5,500
1.99526e-05,5.50643,0.1,5,5,500
2.51189e-05,5.50898,0.1,5,5,500
3.16228e-05,5.51102,0.1,5,5,500
3.98107e-05,5.51264,0.1,5,5,500
5.01187e-05,5.51394,0.1,5,5,500
6.30957e-05,5.51497,0.1,5,5,500
7.94328e-05,5.51579,0.1,5,5,500
0.0001,5.51644,0.1,5,5,500
1e-09,1.21263,0.1,5,10,300
1.25893e-09,1.43044,0.1,5,10,300
1.58489e-09,1.6727,0.1,5,10,300
1.99526e-09,1.93796,0.1,5,10,300
2.51189e-09,2.22366,0.1,5,10,300
3.16228e-09,2.52616,0.1,5,10,300
3.98107e-09,2.84091,0.1,5,10,300
5.01187e-09,3.16274,0.1,5,10,300
6.30957e-09,3.48618,0.1,5,10,300
7.94328e-09,3.80588,0.1,5,10,300
1e-08,4.11693,0.1,5,10,300
1.25893e-08,4.41515,0.1,5,10,300
1.58489e-08,4.69728,0.1,5,10,300
1.99526e-08,4.96108,0.1,5,10,300
2.51189e-08,5.20528,0.1,5,10,300
3.16228e-08,5.42955,0.1,5,10,300
3.98107e-08,5.63431,0.1,5,10,300
5.01187e-08,5.82061,0.1,5,10,300
6.30957e-08,5.98999,0.1,5,10,300
7.94328e-08,6.14423,0.1,5,10,300
1e-07,6.28531,0.1,5,10,300
1.25893e-07,6.4152,0.1,5,10,300
1.58489e-07,6.5358,0.1,5,10,300
1.99526e-07,6.64881,0.1,5,10,300
2.51189e-07,6.75564,0.1,5,10,300
3.16228e-07,6.8574,0.1,5,10,300
3.98107e-07,6.95481,0.1,5,10,300
5.01187e-07,7.04819,0.1,5,10,300
6.30957e-07,7.13753,0.1,5,10,300
7.94328e-07,7.22251,0.1,5,10,300
1e-06,7.30258,0.1,5,10,300
1.25893e-06,7.37715,0.1,5,10,300
1.58489e-06,7.44563,0.1,5,10,300
1.99526e-06,7.50758,0.1,5,10,300
2.51189e-06,7.56277,0.1,5,10,300
3.16228e-06,7.6112,0.1,5,10,300
3.98107e-06,7.65309,0.1,5,10,300
5.01187e-06,7.68885,0.1,5,10,300
6.30957e-06,7.71902,0.1,5,10,300
7.94328e-06,7.74422,0.1,5,10,300
1e-05,7.76508,0.1,5,10,300
1.25893e-05,7.78222,0.1,5,10,300
1.58489e-05,7.79621,0.1,5,10,300
1.99526e-05,7.80758,0.1,5,10,300
2.51189e-05,7.81677,0.1,5,10,300
3.16228e-05,7.82417,0.1,5,10,300
3.98107e-05,7.83012,0.1,5,10,300
5.01187e-05,7.83489,0.1,5,10,300
6.30957e-05,7.83871,0.1,5,10,300
7.94328e-05,7.84176,0.1,5,10,300
0.0001,7.8442,0.1,5,10,300
1e-09,1.21263,0.1,5,10,400
1.25893e-09,1.43044,0.1,5,10,400
1.58489e-09,1.6727,0.1,5,10,400
1.99526e-09,1.93796,0.1,5,10,400
2.51189e-09,2.22366,0.1,5,10,400
3.16228e-09,2.52616,0.1,5,10,400
3.98107e-09,2.84091,0.1,5,10,400
5.01187e-09,3.16274,0.1,5,10,400
6.30957e-09,3.48618,0.1,5,10,400
7.94328e-09,3.80588,0.1,5,10,400
1e-08,4.11693,0.1,5,10,400
1.25893e-08,4.41515,0.1,5,10,400
1.58489e-08,4.69728,0.1,5,10,400
1.99526e-08,4.96108,0.1,5,10,400
2.51189e-08,5.20528,0.1,5,10,400
3.16228e-08,5.42955,0.1,5,10,400
3.98107e-08,5.63431,0.1,5,10,400
5.01187e-08,5.82061,0.1,5,10,400
6.30957e-08,5.98999,0.1,5,10,400
7.94328e-08,6.14423,0.1,5,10,400
1e-07,6.28531,0.1,5,10,400
1.25893e-07,6.4152,0.1,5,10,400
1.58489e-07,6.5358,0.1,5,10,400
1.99526e-07,6.64881,0.1,5,10,400
2.51189e-07,6.75564,0.1,5,10,400
3.16228e-07,6.8574,0.1,5,10,400
3.98107e-07,6.95481,0.1,5,10,400
5.01187e-07,7.04819,0.1,5,10,400
6.30957e-07,7.13753,0.1,5,10,400
7.94328e-07,7.22251,0.1,5,10,400
1e-06,7.30258,0.1,5,10,400
1.25893e-06,7.37715,0.1,5,10,400
1.58489e-06,7.44563,0.1,5,10,400
1.99526e-06,7.50758,0.1,5,10,400
2.51189e-06,7.56277,0.1,5,10,400
3.16228e-06,7.6112,0.1,5,10,400
3.98107e-06,7.65309,0.1,5,10,400
5.01187e-06,7.68885,0.1,5,10,400
6.30957e-06,7.71902,0.1,5,10,400
7.94328e-06,7.74422,0.1,5,10,400
1e-05,7.76508,0.1,5,10,400
1.25893e-05,7.78222,0.1,5,10,400
1.58489e-05,7.79621,0.1,5,10,400
1.99526e-05,7.80758,0.1,5,10,400
2.51189e-05,7.81677,0.1,5,10,400
3.16228e-05,7.82417,0.1,5,10,400
3.98107e-05,7.83012,0.1,5,10,400
5.01187e-05,7.83489,0.1,5,10,400
6.30957e-05,7.83871,0.1,5,10,400
7.94328e-05,7.84176,0.1,5,10,400
0.0001,7.8442,0.1,5,10,400
1e-09,1.21263,0.1,5,10,500
1.25893e-09,1.43044,0.1,5,10,500
1.58489e-09,1.6727,0.1,5,10,500
1.99526e-09,1.93796,0.1,5,10,500
2.51189e-09,2.22366,0.1,5,10,500
3.16228e-09,2.52616,0.1,5,10,500
3.98107e-09,2.84091,0.1,5,10,500
5.01187e-09,3.16274,0.1,5,10,500
6.30957e-09,3.48618,0.1,5,10,500
7.94328e-09,3.80588,0.1,5,10,500
1e-08,4.11693,0.1,5,10,500
1.25893e-08,4.41515,0.1,5,10,500
1.58489e-08,4.69728,0.1,5,10,500
1.99526e-08,4.96108,0.1,5,10,500
2.51189e-08,5.20528,0.1,5,10,500
3.16228e-08,5.42955,0.1,5,10,500
3.98107e-08,5.63431,0.1,5,10,500
5.01187e-08,5.82061,0.1,5,10,500
6.30957e-08,5.98999,0.1,5,10,500
7.94328e-08,6.14423,0.1,5,10,500
1e-07,6.28531,0.1,5,10,500
1.25893e-07,6.4152,0.1,5,10,500
1.58489e-07,6.5358,0.1,5,10,500
1.99526e-07,6.64881,0.1,5,10,500
2.51189e-07,6.75564,0.1,5,10,500
3.16228e-07,6.8574,0.1,5,10,500
3.98107e-07,6.95481,0.1,5,10,500
5.01187e-07,7.04819,0.1,5,10,500
6.30957e-07,7.13753,0.1,5,10,500
7.94328e-07,7.22251,0.1,5,10,500
1e-06,7.30258,0.1,5,10,500
1.25893e-06,7.37715,0.1,5,10,500
1.58489e-06,7.44563,0.1,5,10,500
1.99526e-06,7.50758,0.1,5,10,500
2.51189e-06,7.56277,0.1,5,10,500
3.16228e-06,7.6112,0.1,5,10,500
3.98107e-06,7.65309,0.1,5,10,500
5.01187e-06,7.68885,0.1,5,10,500
6.30957e-06,7.71902,0.1,5,10,500
7.94328e-06,7.74422,0.1,5,10,500
1e-05,7.76508,0.1,5,10,500
1.25893e-05,7.78222,0.1,5,10,500
1.58489e-05,7.79621,0.1,5,10,500
1.99526e-05,7.80758,0.1,5,10,500
2.51189e-05,7.81677,0.1,5,10,500
3.16228e-05,7.82417,0.1,5,10,500
3.98107e-05,7.83012,0.1,5,10,500
5.01187e-05,7.83489,0.1,5,10,500
6.30957e-05,7.83871,0.1,5,10,500
7.94328e-05,7.84176,0.1,5,10,500
0.0001,7.8442,0.1,5,10,500
1e-09,1.44246,0.1,5,20,300
1.25893e-09,1.72865,0.1,5,20,300
1.58489e-09,2.05614,0.1,5,20,300
1.99526e-09,2.42573,0.1,5,20,300
2.51189e-09,2.83656,0.1,5,20,300
3.16228e-09,3.28588,0.1,5,20,300
3.98107e-09,3.76885,0.1,5,20,300
5.01187e-09,4.27868,0.1,5,20,300
6.30957e-09,4.80691,0.1,5,20,300
7.94328e-09,5.34394,0.1,5,20,300
1e-08,5.87974,0.1,5,20,300
1.25893e-08,6.40458,0.1,5,20,300
1.58489e-08,6.90974,0.1,5,20,300
1.99526e-08,7.38809,0.1,5,20,300
2.51189e-08,7.83439,0.1,5,20,300
3.16228e-08,8.24541,0.1,5,20,300
3.98107e-08,8.61987,0.1,5,20,300
5.01187e-08,8.95812,0.1,5,20,300
6.30957e-08,9.26185,0.1,5,20,300
7.94328e-08,9.53369,0.1,5,20,300
1e-07,9.77685,0.1,5,20,300
1.25893e-07,9.99475,0.1,5,20,300
1.58489e-07,10.1908,0.1,5,20,300
1.99526e-07,10.3681,0.1,5,20,300
2.51189e-07,10.5294,0.1,5,20,300
3.16228e-07,10.6769,0.1,5,20,300
3.98107e-07,10.8121,0.1,5,20,300
5.01187e-07,10.9361,0.1,5,20,300
6.30957e-07,11.0497,0.1,5,20,300
7.94328e-07,11.1531,0.1,5,20,300
1e-06,11.2465,0.1,5,20,300
1.25893e-06,11.33,0.1,5,20,300
1.58489e-06,11.4038,0.1,5,20,300
1.99526e-06,11.4683,0.1,5,20,300
2.51189e-06,11.5239,0.1,5,20,300
3.16228e-06,11.5714,0.1,5,20,300
3.98107e-06,11.6114,0.1,5,20,300
5.01187e-06,11.6448,0.1,5,20,300
6.30957e-06,11.6725,0.1,5,20,300
7.94328e-06,11.6953,0.1,5,20,300
1e-05,11.7139,0.1,5,20,300
1.25893e-05,11.729,0.1,5,20,300
1.58489e-05,11.7412,0.1,5,20,300
1.99526e-05,11.7511,0.1,5,20,300
2.51189e-05,11.759,0.1,5,20,300
3.16228e-05,11.7653,0.1,5,20,300
3.98107e-05,11.7704,0.1,5,20,300
5.01187e-05,11.7745,0.1,5,20,300
6.30957e-05,11.7777,0.1,5,20,300
7.94328e-05,11.7803,0.1,5,20,300
0.0001,11.7824,0.1,5,20,300
1e-09,1.44246,0.1,5,20,400
1.25893e-09,1.72865,0.1,5,20,400
1.58489e-09,2.05614,0.1,5,20,400
1.99526e-09,2.42573,0.1,5,20,400
2.51189e-09,2.83656,0.1,5,20,400
3.16228e-09,3.28588,0.1,5,20,400
3.98107e-09,3.76885,0.1,5,20,400
5.01187e-09,4.27868,0.1,5,20,400
6.30957e-09,4.80691,0.1,5,20,400
7.94328e-09,5.34394,0.1,5,20,400
1e-08,5.87974,0.1,5,20,400
1.25893e-08,6.40458,0.1,5,20,400
1.58489e-08,6.90974,0.1,5,20,400
1.99526e-08,7.38809,0.1,5,20,400
2.51189e-08,7.83439,0.1,5,20,400
3.16228e-08,8.24541,0.1,5,20,400
3.98107e-08,8.61987,0.1,5,20,400
5.01187e-08,8.95812,0.1,5,20,400
6.30957e-08,9.26185,0.1,5,20,400
7.94328e-08,9.53369,0.1,5,20,400
1e-07,9.77685,0.1,5,20,400
1.25893e-07,9.99475,0.1,5,20,400
1.58489e-07,10.1908,0.1,5,20,400
1.99526e-07,10.3681,0.1,5,20,400
2.51189e-07,10.5294,0.1,5,20,400
3.16228e-07,10.6769,0.1,5,20,400
3.98107e-07,10.8121,0.1,5,20,400
5.01187e-07,10.9361,0.1,5,20,400
6.30957e-07,11.0497,0.1,5,20,400
7.94328e-07,11.1531,0.1,5,20,400
1e-06,11.2465,0.1,5,20,400
1.25893e-06,11.33,0.1,5,20,400
1.58489e-06,11.4038,0.1,5,20,400
1.99526e-06,11.4683,0.1,5,20,400
2.51189e-06,11.5239,0.1,5,20,400
3.16228e-06,11.5714,0.1,5,20,400
3.98107e-06,11.6114,0.1,5,20,400
5.01187e-06,11.6448,0.1,5,20,400
6.30957e-06,11.6725,0.1,5,20,400
7.94328e-06,11.6953,0.1,5,20,400
1e-05,11.7139,0.1,5,20,400
1.25893e-05,11.729,0.1,5,20,400
1.58489e-05,11.7412,0.1,5,20,400
1.99526e-05,11.7511,0.1,5,20,400
2.51189e-05,11.759,0.1,5,20,400
3.16228e-05,11.7653,0.1,5,20,400
3.98107e-05,11.7704,0.1,5,20,400
5.01187e-05,11.7745,0.1,5,20,400
6.30957e-05,11.7777,0.1,5,20,400
7.94328e-05,11.7803,0.1,5,20,400
0.0001,11.7824,0.1,5,20,400
1e-09,1.44246,0.1,5,20,500
1.25893e-09,1.72865,0.1,5,20,500
1.58489e-09,2.05614,0.1,5,20,500
1.99526e-09,2.42573,0.1,5,20,500
2.51189e-09,2.83656,0.1,5,20,500
3.16228e-09,3.28588,0.1,5,20,500
3.98107e-09,3.76885,0.1,5,20,500
5.01187e-09,4.27868,0.1,5,20,500
6.30957e-09,4.80691,0.1,5,20,500
7.94328e-09,5.34394,0.1,5,20,500
1e-08,5.87974,0.1,5,20,500
1.25893e-08,6.40458,0.1,5,20,500
1.58489e-08,6.90974,0.1,5,20,500
1.99526e-08,7.38809,0.1,5,20,500
2.51189e-08,7.83439,0.1,5,20,500
3.16228e-08,8.24541,0.1,5,20,500
3.98107e-08,8.61987,0.1,5,20,500
5.01187e-08,8.95812,0.1,5,20,500
6.30957e-08,9.26185,0.1,5,20,500
7.94328e-08,9.53369,0.1,5,20,500
1e-07,9.77685,0.1,5,20,500
1.25893e-07,9.99475,0.1,5,20,500
1.58489e-07,10.1908,0.1,5,20,500
1.99526e-07,10.3681,0.1,5,20,500
2.51189e-07,10.5294,0.1,5,20,500
3.16228e-07,10.6769,0.1,5,20,500
3.98107e-07,10.8121,0.1,5,20,500
5.01187e-07,10.9361,0.1,5,20,500
6.30957e-07,11.0497,0.1,5,20,500
7.94328e-07,11.1531,0.1,5,20,500
1e-06,11.2465,0.1,5,20,500
1.25893e-06,11.33,0.1,5,20,500
1.58489e-06,11.4038,0.1,5,20,500
1.99526e-06,11.4683,0.1,5,20,500
2.51189e-06,11.5239,0.1,5,20,500
3.16228e-06,11.5714,0.1,5,20,500
3.98107e-06,11.6114,0.1,5,20,500
5.01187e-06,11.6448,0.1,5,20,500
6.30957e-06,11.6725,0.1,5,20,500
7.94328e-06,11.6953,0.1,5,20,500
1e-05,11.7139,0.1,5,20,500
1.25893e-05,11.729,0.1,5,20,500
1.58489e-05,11.7412,0.1,5,20,500
1.99526e-05,11.7511,0.1,5,20,500
2.51189e-05,11.759,0.1,5,20,500
3.16228e-05,11.7653,0.1,5,20,500
3.98107e-05,11.7704,0.1,5,20,500
5.01187e-05,11.7745,0.1,5,20,500
6.30957e-05,11.7777,0.1,5,20,500
7.94328e-05,11.7803,0.1,5,20,500
0.0001,11.7824,0.1,5,20,500
1e-09,0.986786,0.1,10,2,300
1.25893e-09,1.16622,0.1,10,2,300
1.58489e-09,1.36724,0.1,10,2,300
1.99526e-09,1.58945,0.1,10,2,300
2.51189e-09,1.83173,0.1,10,2,300
3.16228e-09,2.09227,0.1,10,2,300
3.98107e-09,2.36866,0.1,10,2,300
5.01187e-09,2.65801,0.1,10,2,300
6.30957e-09,2.95713,0.1,10,2,300
7.94328e-09,3.26275,0.1,10,2,300
1e-08,3.57167,0.1,10,2,300
1.25893e-08,3.88091,0.1,10,2,300
1.58489e-08,4.18777,0.1,10,2,300
1.99526e-08,4.48993,0.1,10,2,300
2.51189e-08,4.7854,0.1,10,2,300
3.16228e-08,5.07254,0.1,10,2,300
3.98107e-08,5.34995,0.1,10,2,300
5.01187e-08,5.61649,0.1,10,2,300
6.30957e-08,5.87119,0.1,10,2,300
7.94328e-08,6.11327,0.1,10,2,300
1e-07,6.3421,0.1,10,2,300
1.25893e-07,6.55715,0.1,10,2,300
1.58489e-07,6.75806,0.1,10,2,300
1.99526e-07,6.94453,0.1,10,2,300
2.51189e-07,7.11638,0.1,10,2,300
3.16228e-07,7.2735,0.1,10,2,300
3.98107e-07,7.4159,0.1,10,2,300
5.01187e-07,7.54372,0.1,10,2,300
6.30957e-07,7.65725,0.1,10,2,300
7.94328e-07,7.75701,0.1,10,2,300
1e-06,7.84367,0.1,10,2,300
1.25893e-06,7.91815,0.1,10,2,300
1.58489e-06,7.98147,0.1,10,2,300
1.99526e-06,8.03478,0.1,10,2,300
2.51189e-06,8.07925,0.1,10,2,300
3.16228e-06,8.11607,0.1,10,2,300
3.98107e-06,8.14632,0.1,10,2,300
5.01187e-06,8.17103,0.1,10,2,300
6.30957e-06,8.19112,0.1,10,2,300
7.94328e-06,8.20738,0.1,10,2,300
1e-05,8.22049,0.1,10,2,300
1.25893e-05,8.23103,0.1,10,2,300
1.58489e-05,8.23948,0.1,10,2,300
1.99526e-05,8.24625,0.1,10,2,300
2.51189e-05,8.25166,0.1,10,2,300
3.16228e-05,8.25598,0.1,10,2,300
3.98107e-05,8.25943,0.1,10,2,300
5.01187e-05,8.26217,0.1,10,2,300
6.30957e-05,8.26436,0.1,10,2,300
7.94328e-05,8.2661,0.1,10,2,300
0.0001,8.26748,0.1,10,2,300
1e-09,0.986786,0.1,10,2,400
1.25893e-09,1.16622,0.1,10,2,400
1.58489e-09,1.36724,0.1,10,2,400
1.99526e-09,1.58945,0.1,10,2,400
2.51189e-09,1.83173,0.1,10,2,400
3.16228e-09,2.09227,0.1,10,2,400
3.98107e-09,2.36866,0.1,10,2,400
5.01187e-09,2.65801,0.1,10,2,400
6.30957e-09,2.95713,0.1,10,2,400
7.94328e-09,3.26275,0.1,10,2,400
1e-08,3.57167,0.1,10,2,400
1.25893e-08,3.88091,0.1,10,2,400
1.58489e-08,4.18777,0.1,10,2,400
1.99526e-08,4.48993,0.1,10,2,400
2.51189e-08,4.7854,0.1,10,2,400
3.16228e-08,5.07254,0.1,10,2,400
3.98107e-08,5.34995,0.1,10,2,400
5.01187e-08,5.61649,0.1,10,2,400
6.30957e-08,5.87119,0.1,10,2,400
7.94328e-08,6.11327,0.1,10,2,400
1e-07,6.3421,0.1,10,2,400
1.25893e-07,6.55715,0.1,10,2,400
1.58489e-07,6.75806,0.1,10,2,400
1.99526e-07,6.94453,0.1,10,2,400
2.51189e-07,7.11638,0.1,10,2,400
3.16228e-07,7.2735,0.1,10,2,400
3.98107e-07,7.4159,0.1,10,2,400
5.01187e-07,7.54372,0.1,10,2,400
6.30957e-07,7.65725,0.1,10,2,400
7.94328e-07,7.75701,0.1,10,2,400
1e-06,7.84367,0.1,10,2,400
1.25893e-06,7.91815,0.1,10,2,400
1.58489e-06,7.98147,0.1,10,2,400
1.99526e-06,8.03478,0.1,10,2,400
2.51189e-06,8.07925,0.1,10,2,400
3.16228e-06,8.11607,0.1,10,2,400
3.98107e-06,8.14632,0.1,10,2,400
5.01187e-06,8.17103,0.1,10,2,400
6.30957e-06,8.19112,0.1,10,2,400
7.94328e-06,8.20738,0.1,10,2,400
1e-05,8.22049,0.1,10,2,400
1.25893e-05,8.23103,0.1,10,2,400
1.58489e-05,8.23948,0.1,10,2,400
1.99526e-05,8.24625,0.1,10,2,400
2.51189e-05,8.25166,0.1,10,2,400
3.16228e-05,8.25598,0.1,10,2,400
3.98107e-05,8.25943,0.1,10,2,400
5.01187e-05,8.26217,0.1,10,2,400
6.30957e-05,8.26436,0.1,10,2,400
7.94328e-05,8.2661,0.1,10,2,400
0.0001,8.26748,0.1,10,2,400
1e-09,0.986786,0.1,10,2,500
1.25893e-09,1.16622,0.1,10,2,500
1.58489e-09,1.36724,0.1,10,2,500
1.99526e-09,1.58945,0.1,10,2,500
2.51189e-09,1.83173,0.1,10,2,500
3.16228e-09,2.09227,0.1,10,2,500
3.98107e-09,2.36866,0.1,10,2,500
5.01187e-09,2.65801,0.1,10,2,500
6.30957e-09,2.95713,0.1,10,2,500
7.94328e-09,3.26275,0.1,10,2,500
1e-08,3.57167,0.1,10,2,500
1.25893e-08,3.88091,0.1,10,2,500
1.58489e-08,4.18777,0.1,10,2,500
1.99526e-08,4.48993,0.1,10,2,500
2.51189e-08,4.7854,0.1,10,2,500
3.16228e-08,5.07254,0.1,10,2,500
3.98107e-08,5.34995,0.1,10,2,500
5.01187e-08,5.61649,0.1,10,2,500
6.30957e-08,5.87119,0.1,10,2,500
7.94328e-08,6.11327,0.1,10,2,500
1e-07,6.3421,0.1,10,2,500
1.25893e-07,6.55715,0.1,10,2,500
1.58489e-07,6.75806,0.1,10,2,500
1.99526e-07,6.94453,0.1,10,2,500
2.51189e-07,7.11638,0.1,10,2,500
3.16228e-07,7.2735,0.1,10,2,500
3.98107e-07,7.4159,0.1,10,2,500
5.01187e-07,7.54372,0.1,10,2,500
6.30957e-07,7.65725,0.1,10,2,500
7.94328e-07,7.75701,0.1,10,2,500
1e-06,7.84367,0.1,10,2,500
1.25893e-06,7.91815,0.1,10,2,500
1.58489e-06,7.98147,0.1,10,2,500
1.99526e-06,8.03478,0.1,10,2,500
2.51189e-06,8.07925,0.1,10,2,500
3.16228e-06,8.11607,0.1,10,2,500
3.98107e-06,8.14632,0.1,10,2,500
5.01187e-06,8.17103,0.1,10,2,500
6.30957e-06,8.19112,0.1,10,2,500
7.94328e-06,8.20738,0.1,10,2,500
1e-05,8.22049,0.1,10,2,500
1.25893e-05,8.23103,0.1,10,2,500
1.58489e-05,8.23948,0.1,10,2,500
1.99526e-05,8.24625,0.1,10,2,500
2.51189e-05,8.25166,0.1,10,2,500
3.16228e-05,8.25598,0.1,10,2,500
3.98107e-05,8.25943,0.1,10,2,500
5.01187e-05,8.26217,0.1,10,2,500
6.30957e-05,8.26436,0.1,10,2,500
7.94328e-05,8.2661,0.1,10,2,500
0.0001,8.26748,0.1,10,2,500
1e-09,1.0576,0.1,10,5,300
1.25893e-09,1.24963,0.1,10,5,300
1.58489e-09,1.46428,0.1,10,5,300
1.99526e-09,1.70081,0.1,10,5,300
2.51189e-09,1.95763,0.1,10,5,300
3.16228e-09,2.23231,0.1,10,5,300
3.98107e-09,2.52173,0.1,10,5,300
5.01187e-09,2.82225,0.1,10,5,300
6.30957e-09,3.12997,0.1,10,5,300
7.94328e-09,3.44095,0.1,10,5,300
1e-08,3.75151,0.1,10,5,300
1.25893e-08,4.05831,0.1,10,5,300
1.58489e-08,4.35855,0.1,10,5,300
1.99526e-08,4.64994,0.1,10,5,300
2.51189e-08,4.9307,0.1,10,5,300
3.16228e-08,5.19952,0.1,10,5,300
3.98107e-08,5.45549,0.1,10,5,300
5.01187e-08,5.69803,0.1,10,5,300
6.30957e-08,5.92679,0.1,10,5,300
7.94328e-08,6.14166,0.1,10,5,300
1e-07,6.34268,0.1,10,5,300
1.25893e-07,6.53002,0.1,10,5,300
1.58489e-07,6.70397,0.1,10,5,300
1.99526e-07,6.8649,0.1,10,5,300
2.51189e-07,7.0132,0.1,10,5,300
3.16228e-07,7.14931,0.1,10,5,300
3.98107e-07,7.27361,0.1,10,5,300
5.01187e-07,7.3865,0.1,10,5,300
6.30957e-07,7.48835,0.1,10,5,300
7.94328e-07,7.57952,0.1,10,5,300
1e-06,7.66042,0.1,10,5,300
1.25893e-06,7.73154,0.1,10,5,300
1.58489e-06,7.79342,0.1,10,5,300
1.99526e-06,7.84673,0.1,10,5,300
2.51189e-06,7.89218,0.1,10,5,300
3.16228e-06,7.93057,0.1,10,5,300
3.98107e-06,7.96269,0.1,10,5,300
5.01187e-06,7.98936,0.1,10,5,300
6.30957e-06,8.01134,0.1,10,5,300
7.94328e-06,8.02934,0.1,10,5,300
1e-05,8.044,0.1,10,5,300
1.25893e-05,8.05589,0.1,10,5,300
1.58489e-05,8.06549,0.1,10,5,300
1.99526e-05,8.07322,0.1,10,5,300
2.51189e-05,8.07943,0.1,10,5,300
3.16228e-05,8.0844,0.1,10,5,300
3.98107e-05,8.08838,0.1,10,5,300
5.01187e-05,8.09156,0.1,10,5,300
6.30957e-05,8.09409,0.1,10,5,300
7.94328e-05,8.09611,0.1,10,5,300
0.0001,8.09772,0.1,10,5,300
1e-09,1.0576,0.1,10,5,400
1.25893e-09,1.24963,0.1,10,5,400
1.58489e-09,1.46428,0.1,10,5,400
1.99526e-09,1.70081,0.1,10,5,400
2.51189e-09,1.95763,0.1,10,5,400
3.16228e-09,2.23231,0.1,10,5,400
3.98107e-09,2.52173,0.1,10,5,400
5.01187e-09,2.82225,0.1,10,5,400
6.30957e-09,3.12997,0.1,10,5,400
7.94328e-09,3.44095,0.1,10,5,400
1e-08,3.75151,0.1,10,5,400
1.25893e-08,4.05831,0.1,10,5,400
1.58489e-08,4.35855,0.1,10,5,400
1.99526e-08,4.64994,0.1,10,5,400
2.51189e-08,4.9307,0.1,10,5,400
3.16228e-08,5.19952,0.1,10,5,400
3.98107e-08,5.45549,0.1,10,5,400
5.01187e-08,5.69803,0.1,10,5,400
6.30957e-08,5.92679,0.1,10,5,400
7.94328e-08,6.14166,0.1,10,5,400
1e-07,6.34268,0.1,10,5,400
1.25893e-07,6.53002,0.1,10,5,400
1.58489e-07,6.70397,0.1,10,5,400
1.99526e-07,6.8649,0.1,10,5,400
2.51189e-07,7.0132,0.1,10,5,400
3.16228e-07,7.14931,0.1,10,5,400
3.98107e-07,7.27361,0.1,10,5,400
5.01187e-07,7.3865,0.1,10,5,400
6.30957e-07,7.48835,0.1,10,5,400
7.94328e-07,7.57952,0.1,10,5,400
1e-06,7.66042,0.1,10,5,400
1.25893e-06,7.73154,0.1,10,5,400
1.58489e-06,7.79342,0.1,10,5,400
1.99526e-06,7.84673,0.1,10,5,400
2.51189e-06,7.89218,0.1,10,5,400
3.16228e-06,7.93057,0.1,10,5,400
3.98107e-06,7.96269,0.1,10,5,400
5.01187e-06,7.98936,0.1,10,5,400
6.30957e-06,8.01134,0.1,10,5,400
7.94328e-06,8.02934,0.1,10,5,400
1e-05,8.044,0.1,10,5,400
1.25893e-05,8.05589,0.1,10,5,400
1.58489e-05,8.06549,0.1,10,5,400
1.99526e-05,8.07322,0.1,10,5,400
2.51189e-05,8.07943,0.1,10,5,400
3.16228e-05,8.0844,0.1,10,5,400
3.98107e-05,8.08838,0.1,10,5,400
5.01187e-05,8.09156,0.1,10,5,400
6.30957e-05,8.09409,0.1,10,5,400
7.94328e-05,8.09611,0.1,10,5,400
0.0001,8.09772,0.1,10,5,400
1e-09,1.0576,0.1,10,5,500
1.25893e-09,1.24963,0.1,10,5,500
1.58489e-09,1.46428,0.1,10,5,500
1.99526e-09,1.70081,0.1,10,5,500
2.51189e-09,1.95763,0.1,10,5,500
3.16228e-09,2.23231,0.1,10,5,500
3.98107e-09,2.52173,0.1,10,5,500
5.01187e-09,2.82225,0.1,10,5,500
6.30957e-09,3.12997,0.1,10,5,500
7.94328e-09,3.44095,0.1,10,5,500
1e-08,3.75151,0.1,10,5,500
1.25893e-08,4.05831,0.1,10,5,500
1.58489e-08,4.35855,0.1,10,5,500
1.99526e-08,4.64994,0.1,10,5,500
2.51189e-08,4.9307,0.1,10,5,500
3.16228e-08,5.19952,0.1,10,5,500
3.98107e-08,5.45549,0.1,10,5,500
5.01187e-08,5.69803,0.1,10,5,500
6.30957e-08,5.92679,0.1,10,5,500
7.94328e-08,6.14166,0.1,10,5,500
1e-07,6.34268,0.1,10,5,500
1.25893e-07,6.53002,0.1,10,5,500
1.58489e-07,6.70397,0.1,10,5,500
1.99526e-07,6.8649,0.1,10,5,500
2.51189e-07,7.0132,0.1,10,5,500
3.16228e-07,7.14931,0.1,10,5,500
3.98107e-07,7.27361,0.1,10,5,500
5.01187e-07,7.3865,0.1,10,5,500
6.30957e-07,7.48835,0.1,10,5,500
7.94328e-07,7.57952,0.1,10,5,500
1e-06,7.66042,0.1,10,5,500
1.25893e-06,7.73154,0.1,10,5,500
1.58489e-06,7.79342,0.1,10,5,500
1.99526e-06,7.84673,0.1,10,5,500
2.51189e-06,7.89218,0.1,10,5,500
3.16228e-06,7.93057,0.1,10,5,500
3.98107e-06,7.96269,0.1,10,5,500
5.01187e-06,7.98936,0.1,10,5,500
6.30957e-06,8.01134,0.1,10,5,500
7.94328e-06,8.02934,0.1,10,5,500
1e-05,8.044,0.1,10,5,500
1.25893e-05,8.05589,0.1,10,5,500
1.58489e-05,8.06549,0.1,10,5,500
1.99526e-05,8.07322,0.1,10,5,500
2.51189e-05,8.07943,0.1,10,5,500
3.16228e-05,8.0844,0.1,10,5,500
3.98107e-05,8.08838,0.1,10,5,500
5.01187e-05,8.09156,0.1,10,5,500
6.30957e-05,8.09409,0.1,10,5,500
7.94328e-05,8.09611,0.1,10,5,500
0.0001,8.09772,0.1,10,5,500
1e-09,1.18342,0.1,10,10,300
1.25893e-09,1.40689,0.1,10,10,300
1.58489e-09,1.65925,0.1,10,10,300
1.99526e-09,1.94025,0.1,10,10,300
2.51189e-09,2.24845,0.1,10,10,300
3.16228e-09,2.58122,0.1,10,10,300
3.98107e-09,2.93472,0.1,10,10,300
5.01187e-09,3.30411,0.1,10,10,300
6.30957e-09,3.6838,0.1,10,10,300
7.94328e-09,4.06783,0.1,10,10,300
1e-08,4.45031,0.1,10,10,300
1.25893e-08,4.82572,0.1,10,10,300
1.58489e-08,5.18927,0.1,10,10,300
1.99526e-08,5.53711,0.1,10,10,300
2.51189e-08,5.86636,0.1,10,10,300
3.16228e-08,6.17515,0.1,10,10,300
3.98107e-08,6.46254,0.1,10,10,300
5.01187e-08,6.72838,0.1,10,10,300
6.30957e-08,6.97316,0.1,10,10,300
7.94328e-08,7.19786,0.1,10,10,300
1e-07,7.40382,0.1,10,10,300
1.25893e-07,7.59259,0.1,10,10,300
1.58489e-07,7.76579,0.1,10,10,300
1.99526e-07,7.92502,0.1,10,10,300
2.51189e-07,8.07174,0.1,10,10,300
3.16228e-07,8.20718,0.1,10,10,300
3.98107e-07,8.33232,0.1,10,10,300
5.01187e-07,8.44781,0.1,10,10,300
6.30957e-07,8.55405,0.1,10,10,300
7.94328e-07,8.65123,0.1,10,10,300
1e-06,8.73938,0.1,10,10,300
1.25893e-06,8.81856,0.1,10,10,300
1.58489e-06,8.88886,0.1,10,10,300
1.99526e-06,8.95052,0.1,10,10,300
2.51189e-06,9.00394,0.1,10,10,300
3.16228e-06,9.04967,0.1,10,10,300
3.98107e-06,9.08839,0.1,10,10,300
5.01187e-06,9.12084,0.1,10,10,300
6.30957e-06,9.14779,0.1,10,10,300
7.94328e-06,9.17001,0.1,10,10,300
1e-05,9.1882,0.1,10,10,300
1.25893e-05,9.20301,0.1,10,10,300
1.58489e-05,9.21501,0.1,10,10,300
1.99526e-05,9.22469,0.1,10,10,300
2.51189e-05,9.23249,0.1,10,10,300
3.16228e-05,9.23875,0.1,10,10,300
3.98107e-05,9.24376,0.1,10,10,300
5.01187e-05,9.24777,0.1,10,10,300
6.30957e-05,9.25097,0.1,10,10,300
7.94328e-05,9.25352,0.1,10,10,300
0.0001,9.25556,0.1,10,10,300
1e-09,1.18342,0.1,10,10,400
1.25893e-09,1.40689,0.1,10,10,400
1.58489e-09,1.65925,0.1,10,10,400
1.99526e-09,1.94025,0.1,10,10,400
2.51189e-09,2.24845,0.1,10,10,400
3.16228e-09,2.58122,0.1,10,10,400
3.98107e-09,2.93472,0.1,10,10,400
5.01187e-09,3.30411,0.1,10,10,400
6.30957e-09,3.6838,0.1,10,10,400
7.94328e-09,4.06783,0.1,10,10,400
1e-08,4.45031,0.1,10,10,400
1.25893e-08,4.82572,0.1,10,10,400
1.58489e-08,5.18927,0.1,10,10,400
1.99526e-08,5.53711,0.1,10,10,400
2.51189e-08,5.86636,0.1,10,10,400
3.16228e-08,6.17515,0.1,10,10,400
3.98107e-08,6.46254,0.1,10,10,400
5.01187e-08,6.72838,0.1,10,10,400
6.30957e-08,6.97316,0.1,10,10,400
7.94328e-08,7.19786,0.1,10,10,400
1e-07,7.40382,0.1,10,10,400
1.25893e-07,7.59259,0.1,10,10,400
1.58489e-07,7.76579,0.1,10,10,400
1.99526e-07,7.92502,0.1,10,10,400
2.51189e-07,8.07174,0.1,10,10,400
3.16228e-07,8.20718,0.1,10,10,400
3.98107e-07,8.33232,0.1,10,10,400
5.01187e-07,8.44781,0.1,10,10,400
6.30957e-07,8.55405,0.1,10,10,400
7.94328e-07,8.65123,0.1,10,10,400
1e-06,8.73938,0.1,10,10,400
1.25893e-06,8.81856,0.1,10,10,400
1.58489e-06,8.88886,0.1,10,10,400
1.99526e-06,8.95052,0.1,10,10,400
2.51189e-06,9.00394,0.1,10,10,400
3.16228e-06,9.04967,0.1,10,10,400
3.98107e-06,9.08839,0.1,10,10,400
5.01187e-06,9.12084,0.1,10,10,400
6.30957e-06,9.14779,0.1,10,10,400
7.94328e-06,9.17001,0.1,10,10,400
1e-05,9.1882,0.1,10,10,400
1.25893e-05,9.20301,0.1,10,10,400
1.58489e-05,9.21501,0.1,10,10,400
1.99526e-05,9.22469,0.1,10,10,400
2.51189e-05,9.23249,0.1,10,10,400
3.16228e-05,9.23875,0.1,10,10,400
3.98107e-05,9.24376,0.1,10,10,400
5.01187e-05,9.24777,0.1,10,10,400
6.30957e-05,9.25097,0.1,10,10,400
7.94328e-05,9.25352,0.1,10,10,400
0.0001,9.25556,0.1,10,10,400
1e-09,1.18342,0.1,10,10,500
1.25893e-09,1.40689,0.1,10,10,500
1.58489e-09,1.65925,0.1,10,10,500
1.99526e-09,1.94025,0.1,10,10,500
2.51189e-09,2.24845,0.1,10,10,500
3.16228e-09,2.58122,0.1,10,10,500
3.98107e-09,2.93472,0.1,10,10,500
5.01187e-09,3.30411,0.1,10,10,500
6.30957e-09,3.6838,0.1,10,10,500
7.94328e-09,4.06783,0.1,10,10,500
1e-08,4.45031,0.1,10,10,500
1.25893e-08,4.82572,0.1,10,10,500
1.58489e-08,5.18927,0.1,10,10,500
1.99526e-08,5.53711,0.1,10,10,500
2.51189e-08,5.86636,0.1,10,10,500
3.16228e-08,6.17515,0.1,10,10,500
3.98107e-08,6.46254,0.1,10,10,500
5.01187e-08,6.72838,0.1,10,10,500
6.30957e-08,6.97316,0.1,10,10,500
7.94328e-08,7.19786,0.1,10,10,500
1e-07,7.40382,0.1,10,10,500
1.25893e-07,7.59259,0.1,10,10,500
1.58489e-07,7.76579,0.1,10,10,500
1.99526e-07,7.92502,0.1,10,10,500
2.51189e-07,8.07174,0.1,10,10,500
3.16228e-07,8.20718,0.1,10,10,500
3.98107e-07,8.33232,0.1,10,10,500
5.01187e-07,8.44781,0.1,10,10,500
6.30957e-07,8.55405,0.1,10,10,500
7.94328e-07,8.65123,0.1,10,10,500
1e-06,8.73938,0.1,10,10,500
1.25893e-06,8.81856,0.1,10,10,500
1.58489e-06,8.88886,0.1,10,10,500
1.99526e-06,8.95052,0.1,10,10,500
2.51189e-06,9.00394,0.1,10,10,500
3.16228e-06,9.04967,0.1,10,10,500
3.98107e-06,9.08839,0.1,10,10,500
5.01187e-06,9.12084,0.1,10,10,500
6.30957e-06,9.14779,0.1,10,10,500
7.94328e-06,9.17001,0.1,10,10,500
1e-05,9.1882,0.1,10,10,500
1.25893e-05,9.20301,0.1,10,10,500
1.58489e-05,9.21501,0.1,10,10,500
1.99526e-05,9.22469,0.1,10,10,500
2.51189e-05,9.23249,0.1,10,10,500
3.16228e-05,9.23875,0.1,10,10,500
3.98107e-05,9.24376,0.1,10,10,500
5.01187e-05,9.24777,0.1,10,10,500
6.30957e-05,9.25097,0.1,10,10,500
7.94328e-05,9.25352,0.1,10,10,500
0.0001,9.25556,0.1,10,10,500
1e-09,1.37352,0.1,10,20,300
1.25893e-09,1.65074,0.1,10,20,300
1.58489e-09,1.96978,0.1,10,20,300
1.99526e-09,2.33219,0.1,10,20,300
2.51189e-09,2.73804,0.1,10,20,300
3.16228e-09,3.18565,0.1,10,20,300
3.98107e-09,3.67133,0.1,10,20,300
5.01187e-09,4.1894,0.1,10,20,300
6.30957e-09,4.73232,0.1,10,20,300
7.94328e-09,5.2911,0.1,10,20,300
1e-08,5.85592,0.1,10,20,300
1.25893e-08,6.41679,0.1,10,20,300
1.58489e-08,6.96426,0.1,10,20,300
1.99526e-08,7.49006,0.1,10,20,300
2.51189e-08,7.98757,0.1,10,20,300
3.16228e-08,8.45199,0.1,10,20,300
3.98107e-08,8.88049,0.1,10,20,300
5.01187e-08,9.27199,0.1,10,20,300
6.30957e-08,9.62697,0.1,10,20,300
7.94328e-08,9.94714,0.1,10,20,300
1e-07,10.2351,0.1,10,20,300
1.25893e-07,10.494,0.1,10,20,300
1.58489e-07,10.7274,0.1,10,20,300
1.99526e-07,10.9386,0.1,10,20,300
2.51189e-07,11.1308,0.1,10,20,300
3.16228e-07,11.3069,0.1,10,20,300
3.98107e-07,11.4693,0.1,10,20,300
5.01187e-07,11.6197,0.1,10,20,300
6.30957e-07,11.7592,0.1,10,20,300
7.94328e-07,11.8887,0.1,10,20,300
1e-06,12.0083,0.1,10,20,300
1.25893e-06,12.1181,0.1,10,20,300
1.58489e-06,12.2179,0.1,10,20,300
1.99526e-06,12.3076,0.1,10,20,300
2.51189e-06,12.3873,0.1,10,20,300
3.16228e-06,12.4572,0.1,10,20,300
3.98107e-06,12.5177,0.1,10,20,300
5.01187e-06,12.5695,0.1,10,20,300
6.30957e-06,12.6133,0.1,10,20,300
7.94328e-06,12.6499,0.1,10,20,300
1e-05,12.6803,0.1,10,20,300
1.25893e-05,12.7054,0.1,10,20,300
1.58489e-05,12.7259,0.1,10,20,300
1.99526e-05,12.7426,0.1,10,20,300
2.51189e-05,12.7561,0.1,10,20,300
3.16228e-05,12.767,0.1,10,20,300
3.98107e-05,12.7758,0.1,10,20,300
5.01187e-05,12.7828,0.1,10,20,300
6.30957e-05,12.7885,0.1,10,20,300
7.94328e-05,12.793,0.1,10,20,300
0.0001,12.7966,0.1,10,20,300
1e-09,1.37352,0.1,10,20,400
1.25893e-09,1.65074,0.1,10,20,400
1.58489e-09,1.96978,0.1,10,20,400
1.99526e-09,2.33219,0.1,10,20,400
2.51189e-09,2.73804,0.1,10,20,400
3.16228e-09,3.18565,0.1,10,20,400
3.98107e-09,3.67133,0.1,10,20,400
5.01187e-09,4.1894,0.1,10,20,400
6.30957e-09,4.73232,0.1,10,20,400
7.94328e-09,5.2911,0.1,10,20,400
1e-08,5.85592,0.1,10,20,400
1.25893e-08,6.41679,0.1,10,20,400
1.58489e-08,6.96426,0.1,10,20,400
1.99526e-08,7.49006,0.1,10,20,400
2.51189e-08,7.98757,0.1,10,20,400
3.16228e-08,8.45199,0.1,10,20,400
3.98107e-08,8.88049,0.1,10,20,400
5.01187e-08,9.27199,0.1,10,20,400
6.30957e-08,9.62697,0.1,10,20,400
7.94328e-08,9.94714,0.1,10,20,400
1e-07,10.2351,0.1,10,20,400
1.25893e-07,10.494,0.1,10,20,400
1.58489e-07,10.7274,0.1,10,20,400
1.99526e-07,10.9386,0.1,10,20,400
2.51189e-07,11.1308,0.1,10,20,400
3.16228e-07,11.3069,0.1,10,20,400
3.98107e-07,11.4693,0.1,10,20,400
5.01187e-07,11.6197,0.1,10,20,400
6.30957e-07,11.7592,0.1,10,20,400
7.94328e-07,11.8887,0.1,10,20,400
1e-06,12.0083,0.1,10,20,400
1.25893e-06,12.1181,0.1,10,20,400
1.58489e-06,12.2179,0.1,10,20,400
1.99526e-06,12.3076,0.1,10,20,400
2.51189e-06,12.3873,0.1,10,20,400
3.16228e-06,12.4572,0.1,10,20,400
3.98107e-06,12.5177,0.1,10,20,400
5.01187e-06,12.5695,0.1,10,20,400
6.30957e-06,12.6133,0.1,10,20,400
7.94328e-06,12.6499,0.1,10,20,400
1e-05,12.6803,0.1,10,20,400
1.25893e-05,12.7054,0.1,10,20,400
1.58489e-05,12.7259,0.1,10,20,400
1.99526e-05,12.7426,0.1,10,20,400
2.51189e-05,12.7561,0.1,10,20,400
3.16228e-05,12.767,0.1,10,20,400
3.98107e-05,12.7758,0.1,10,20,400
5.01187e-05,12.7828,0.1,10,20,400
6.30957e-05,12.7885,0.1,10,20,400
7.94328e-05,12.793,0.1,10,20,400
0.0001,12.7966,0.1,10,20,400
1e-09,1.37352,0.1,10,20,500
1.25893e-09,1.65074,0.1,10,20,500
1.58489e-09,1.96978,0.1,10,20,500
1.99526e-09,2.33219,0.1,10,20,500
2.51189e-09,2.73804,0.1,10,20,500
3.16228e-09,3.18565,0.1,10,20,500
3.98107e-09,3.67133,0.1,10,20,500
5.01187e-09,4.1894,0.1,10,20,500
6.30957e-09,4.73232,0.1,10,20,500
7.94328e-09,5.2911,0.1,10,20,500
1e-08,5.85592,0.1,10,20,500
1.25893e-08,6.41679,0.1,10,20,500
1.58489e-08,6.96426,0.1,10,20,500
1.99526e-08,7.49006,0.1,10,20,500
2.51189e-08,7.98757,0.1,10,20,500
3.16228e-08,8.45199,0.1,10,20,500
3.98107e-08,8.88049,0.1,10,20,500
5.01187e-08,9.27199,0.1,10,20,500
6.30957e-08,9.62697,0.1,10,20,500
7.94328e-08,9.94714,0.1,10,20,500
1e-07,10.2351,0.1,10,20,500
1.25893e-07,10.494,0.1,10,20,500
1.58489e-07,10.7274,0.1,10,20,500
1.99526e-07,10.9386,0.1,10,20,500
2.51189e-07,11.1308,0.1,10,20,500
3.16228e-07,11.3069,0.1,10,20,500
3.98107e-07,11.4693,0.1,10,20,500
5.01187e-07,11.6197,0.1,10,20,500
6.30957e-07,11.7592,0.1,10,20,500
7.94328e-07,11.8887,0.1,10,20,500
1e-06,12.0083,0.1,10,20,500
1.25893e-06,12.1181,0.1,10,20,500
1.58489e-06,12.2179,0.1,10,20,500
1.99526e-06,12.3076,0.1,10,20,500
2.51189e-06,12.3873,0.1,10,20,500
3.16228e-06,12.4572,0.1,10,20,500
3.98107e-06,12.5177,0.1,10,20,500
5.01187e-06,12.5695,0.1,10,20,500
6.30957e-06,12.6133,0.1,10,20,500
7.94328e-06,12.6499,0.1,10,20,500
1e-05,12.6803,0.1,10,20,500
1.25893e-05,12.7054,0.1,10,20,500
1.58489e-05,12.7259,0.1,10,20,500
1.99526e-05,12.7426,0.1,10,20,500
2.51189e-05,12.7561,0.1,10,20,500
3.16228e-05,12.767,0.1,10,20,500
3.98107e-05,12.7758,0.1,10,20,500
5.01187e-05,12.7828,0.1,10,20,500
6.30957e-05,12.7885,0.1,10,20,500
7.94328e-05,12.793,0.1,10,20,500
0.0001,12.7966,0.1,10,20,500
1e-09,1.08684,0.1,20,2,300
1.25893e-09,1.30705,0.1,20,2,300
1.58489e-09,1.56119,0.1,20,2,300
1.99526e-09,1.851,0.1,20,2,300
2.51189e-09,2.17728,0.1,20,2,300
3.16228e-09,2.53966,0.1,20,2,300
3.98107e-09,2.93654,0.1,20,2,300
5.01187e-09,3.36505,0.1,20,2,300
6.30957e-09,3.82119,0.1,20,2,300
7.94328e-09,4.30005,0.1,20,2,300
1e-08,4.79619,0.1,20,2,300
1.25893e-08,5.30397,0.1,20,2,300
1.58489e-08,5.81793,0.1,20,2,300
1.99526e-08,6.33306,0.1,20,2,300
2.51189e-08,6.84493,0.1,20,2,300
3.16228e-08,7.34977,0.1,20,2,300
3.98107e-08,7.8444,0.1,20,2,300
5.01187e-08,8.32612,0.1,20,2,300
6.30957e-08,8.79257,0.1,20,2,300
7.94328e-08,9.24165,0.1,20,2,300
1e-07,9.67146,0.1,20,2,300
1.25893e-07,10.0803,0.1,20,2,300
1.58489e-07,10.4668,0.1,20,2,300
1.99526e-07,10.8297,0.1,20,2,300
2.51189e-07,11.1684,0.1,20,2,300
3.16228e-07,11.4824,0.1,20,2,300
3.98107e-07,11.7718,0.1,20,2,300
5.01187e-07,12.037,0.1,20,2,300
6.30957e-07,12.2784,0.1,20,2,300
7.94328e-07,12.4969,0.1,20,2,300
1e-06,12.6933,0.1,20,2,300
1.25893e-06,12.8686,0.1,20,2,300
1.58489e-06,13.0237,0.1,20,2,300
1.99526e-06,13.16,0.1,20,2,300
2.51189e-06,13.2785,0.1,20,2,300
3.16228e-06,13.3808,0.1,20,2,300
3.98107e-06,13.4681,0.1,20,2,300
5.01187e-06,13.5422,0.1,20,2,300
6.30957e-06,13.6043,0.1,20,2,300
7.94328e-06,13.6561,0.1,20,2,300
1e-05,13.699,0.1,20,2,300
1.25893e-05,13.7342,0.1,20,2,300
1.58489e-05,13.763,0.1,20,2,300
1.99526e-05,13.7864,0.1,20,2,300
2.51189e-05,13.8054,0.1,20,2,300
3.16228e-05,13.8207,0.1,20,2,300
3.98107e-05,13.833,0.1,20,2,300
5.01187e-05,13.8429,0.1,20,2,300
6.30957e-05,13.8508,0.1,20,2,300
7.94328e-05,13.8571,0.1,20,2,300
0.0001,13.8622,0.1,20,2,300
1e-09,1.08684,0.1,20,2,400
1.25893e-09,1.30705,0.1,20,2,400
1.58489e-09,1.56119,0.1,20,2,400
1.99526e-09,1.851,0.1,20,2,400
2.51189e-09,2.17728,0.1,20,2,400
3.16228e-09,2.53966,0.1,20,2,400
3.98107e-09,2.93654,0.1,20,2,400
5.01187e-09,3.36505,0.1,20,2,400
6.30957e-09,3.82119,0.1,20,2,400
7.94328e-09,4.30005,0.1,20,2,400
1e-08,4.79619,0.1,20,2,400
1.25893e-08,5.30397,0.1,20,2,400
1.58489e-08,5.81793,0.1,20,2,400
1.99526e-08,6.33306,0.1,20,2,400
2.51189e-08,6.84493,0.1,20,2,400
3.16228e-08,7.34977,0.1,20,2,400
3.98107e-08,7.8444,0.1,20,2,400
5.01187e-08,8.32612,0.1,20,2,400
6.30957e-08,8.79257,0.1,20,2,400
7.94328e-08,9.24165,0.1,20,2,400
1e-07,9.67146,0.1,20,2,400
1.25893e-07,10.0803,0.1,20,2,400
1.58489e-07,10.4668,0.1,20,2,400
1.99526e-07,10.8297,0.1,20,2,400
2.51189e-07,11.1684,0.1,20,2,400
3.16228e-07,11.4824,0.1,20,2,400
3.98107e-07,11.7718,0.1,20,2,400
5.01187e-07,12.037,0.1,20,2,400
6.30957e-07,12.2784,0.1,20,2,400
7.94328e-07,12.4969,0.1,20,2,400
1e-06,12.6933,0.1,20,2,400
1.25893e-06,12.8686,0.1,20,2,400
1.58489e-06,13.0237,0.1,20,2,400
1.99526e-06,13.16,0.1,20,2,400
2.51189e-06,13.2785,0.1,20,2,400
3.16228e-06,13.3808,0.1,20,2,400
3.98107e-06,13.4681,0.1,20,2,400
5.01187e-06,13.5422,0.1,20,2,400
6.30957e-06,13.6043,0.1,20,2,400
7.94328e-06,13.6561,0.1,20,2,400
1e-05,13.699,0.1,20,2,400
1.25893e-05,13.7342,0.1,20,2,400
1.58489e-05,13.763,0.1,20,2,400
1.99526e-05,13.7864,0.1,20,2,400
2.51189e-05,13.8054,0.1,20,2,400
3.16228e-05,13.8207,0.1,20,2,400
3.98107e-05,13.833,0.1,20,2,400
5.01187e-05,13.8429,0.1,20,2,400
6.30957e-05,13.8508,0.1,20,2,400
7.94328e-05,13.8571,0.1,20,2,400
0.0001,13.8622,0.1,20,2,400
1e-09,1.08684,0.1,20,2,500
1.25893e-09,1.30705,0.1,20,2,500
1.58489e-09,1.56119,0.1,20,2,500
1.99526e-09,1.851,0.1,20,2,500
2.51189e-09,2.17728,0.1,20,2,500
3.16228e-09,2.53966,0.1,20,2,500
3.98107e-09,2.93654,0.1,20,2,500
5.01187e-09,3.36505,0.1,20,2,500
6.30957e-09,3.82119,0.1,20,2,500
7.94328e-09,4.30005,0.1,20,2,500
1e-08,4.79619,0.1,20,2,500
1.25893e-08,5.30397,0.1,20,2,500
1.58489e-08,5.81793,0.1,20,2,500
1.99526e-08,6.33306,0.1,20,2,500
2.51189e-08,6.84493,0.1,20,2,500
3.16228e-08,7.34977,0.1,20,2,500
3.98107e-08,7.8444,0.1,20,2,500
5.01187e-08,8.32612,0.1,20,2,500
6.30957e-08,8.79257,0.1,20,2,500
7.94328e-08,9.24165,0.1,20,2,500
1e-07,9.67146,0.1,20,2,500
1.25893e-07,10.0803,0.1,20,2,500
1.58489e-07,10.4668,0.1,20,2,500
1.99526e-07,10.8297,0.1,20,2,500
2.51189e-07,11.1684,0.1,20,2,500
3.16228e-07,11.4824,0.1,20,2,500
3.98107e-07,11.7718,0.1,20,2,500
5.01187e-07,12.037,0.1,20,2,500
6.30957e-07,12.2784,0.1,20,2,500
7.94328e-07,12.4969,0.1,20,2,500
1e-06,12.6933,0.1,20,2,500
1.25893e-06,12.8686,0.1,20,2,500
1.58489e-06,13.0237,0.1,20,2,500
1.99526e-06,13.16,0.1,20,2,500
2.51189e-06,13.2785,0.1,20,2,500
3.16228e-06,13.3808,0.1,20,2,500
3.98107e-06,13.4681,0.1,20,2,500
5.01187e-06,13.5422,0.1,20,2,500
6.30957e-06,13.6043,0.1,20,2,500
7.94328e-06,13.6561,0.1,20,2,500
1e-05,13.699,0.1,20,2,500
1.25893e-05,13.7342,0.1,20,2,500
1.58489e-05,13.763,0.1,20,2,500
1.99526e-05,13.7864,0.1,20,2,500
2.51189e-05,13.8054,0.1,20,2,500
3.16228e-05,13.8207,0.1,20,2,500
3.98107e-05,13.833,0.1,20,2,500
5.01187e-05,13.8429,0.1,20,2,500
6.30957e-05,13.8508,0.1,20,2,500
7.94328e-05,13.8571,0.1,20,2,500
0.0001,13.8622,0.1,20,2,500
1e-09,1.12105,0.1,20,5,300
1.25893e-09,1.34584,0.1,20,5,300
1.58489e-09,1.60431,0.1,20,5,300
1.99526e-09,1.89781,0.1,20,5,300
2.51189e-09,2.22664,0.1,20,5,300
3.16228e-09,2.58991,0.1,20,5,300
3.98107e-09,2.98537,0.1,20,5,300
5.01187e-09,3.40951,0.1,20,5,300
6.30957e-09,3.85771,0.1,20,5,300
7.94328e-09,4.32449,0.1,20,5,300
1e-08,4.80392,0.1,20,5,300
1.25893e-08,5.29004,0.1,20,5,300
1.58489e-08,5.77716,0.1,20,5,300
1.99526e-08,6.26019,0.1,20,5,300
2.51189e-08,6.73475,0.1,20,5,300
3.16228e-08,7.19725,0.1,20,5,300
3.98107e-08,7.64483,0.1,20,5,300
5.01187e-08,8.07523,0.1,20,5,300
6.30957e-08,8.48672,0.1,20,5,300
7.94328e-08,8.878,0.1,20,5,300
1e-07,9.24809,0.1,20,5,300
1.25893e-07,9.59635,0.1,20,5,300
1.58489e-07,9.92237,0.1,20,5,300
1.99526e-07,10.226,0.1,20,5,300
2.51189e-07,10.5074,0.1,20,5,300
3.16228e-07,10.7667,0.1,20,5,300
3.98107e-07,11.0042,0.1,20,5,300
5.01187e-07,11.2205,0.1,20,5,300
6.30957e-07,11.4159,0.1,20,5,300
7.94328e-07,11.5911,0.1,20,5,300
1e-06,11.7466,0.1,20,5,300
1.25893e-06,11.8835,0.1,20,5,300
1.58489e-06,12.0026,0.1,20,5,300
1.99526e-06,12.1052,0.1,20,5,300
2.51189e-06,12.1926,0.1,20,5,300
3.16228e-06,12.2664,0.1,20,5,300
3.98107e-06,12.3281,0.1,20,5,300
5.01187e-06,12.3793,0.1,20,5,300
6.30957e-06,12.4215,0.1,20,5,300
7.94328e-06,12.456,0.1,20,5,300
1e-05,12.484,0.1,20,5,300
1.25893e-05,12.5068,0.1,20,5,300
1.58489e-05,12.5252,0.1,20,5,300
1.99526e-05,12.5399,0.1,20,5,300
2.51189e-05,12.5518,0.1,20,5,300
3.16228e-05,12.5613,0.1,20,5,300
3.98107e-05,12.5689,0.1,20,5,300
5.01187e-05,12.575,0.1,20,5,300
6.30957e-05,12.5798,0.1,20,5,300
7.94328e-05,12.5837,0.1,20,5,300
0.0001,12.5867,0.1,20,5,300
1e-09,1.12105,0.1,20,5,400
1.25893e-09,1.34584,0.1,20,5,400
1.58489e-09,1.60431,0.1,20,5,400
1.99526e-09,1.89781,0.1,20,5,400
2.51189e-09,2.22664,0.1,20,5,400
3.16228e-09,2.58991,0.1,20,5,400
3.98107e-09,2.98537,0.1,20,5,400
5.01187e-09,3.40951,0.1,20,5,400
6.30957e-09,3.85771,0.1,20,5,400
7.94328e-09,4.32449,0.1,20,5,400
1e-08,4.80392,0.1,20,5,400
1.25893e-08,5.29004,0.1,20,5,400
1.58489e-08,5.77716,0.1,20,5,400
1.99526e-08,6.26019,0.1,20,5,400
2.51189e-08,6.73475,0.1,20,5,400
3.16228e-08,7.19725,0.1,20,5,400
3.98107e-08,7.64483,0.1,20,5,400
5.01187e-08,8.07523,0.1,20,5,400
6.30957e-08,8.48672,0.1,20,5,400
7.94328e-08,8.878,0.1,20,5,400
1e-07,9.24809,0.1,20,5,400
1.25893e-07,9.59635,0.1,20,5,400
1.58489e-07,9.92237,0.1,20,5,400
1.99526e-07,10.226,0.1,20,5,400
2.51189e-07,10.5074,0.1,20,5,400
3.16228e-07,10.7667,0.1,20,5,400
3.98107e-07,11.0042,0.1,20,5,400
5.01187e-07,11.2205,0.1,20,5,400
6.30957e-07,11.4159,0.1,20,5,400
7.94328e-07,11.5911,0.1,20,5,400
1e-06,11.7466,0.1,20,5,400
1.25893e-06,11.8835,0.1,20,5,400
1.58489e-06,12.0026,0.1,20,5,400
1.99526e-06,12.1052,0.1,20,5,400
2.51189e-06,12.1926,0.1,20,5,400
3.16228e-06,12.2664,0.1,20,5,400
3.98107e-06,12.3281,0.1,20,5,400
5.01187e-06,12.3793,0.1,20,5,400
6.30957e-06,12.4215,0.1,20,5,400
7.94328e-06,12.456,0.1,20,5,400
1e-05,12.484,0.1,20,5,400
1.25893e-05,12.5068,0.1,20,5,400
1.58489e-05,12.5252,0.1,20,5,400
1.99526e-05,12.5399,0.1,20,5,400
2.51189e-05,12.5518,0.1,20,5,400
3.16228e-05,12.5613,0.1,20,5,400
3.98107e-05,12.5689,0.1,20,5,400
5.01187e-05,12.575,0.1,20,5,400
6.30957e-05,12.5798,0.1,20,5,400
7.94328e-05,12.5837,0.1,20,5,400
0.0001,12.5867,0.1,20,5,400
1e-09,1.12105,0.1,20,5,500
1.25893e-09,1.34584,0.1,20,5,500
1.58489e-09,1.60431,0.1,20,5,500
1.99526e-09,1.89781,0.1,20,5,500
2.51189e-09,2.22664,0.1,20,5,500
3.16228e-09,2.58991,0.1,20,5,500
3.98107e-09,2.98537,0.1,20,5,500
5.01187e-09,3.40951,0.1,20,5,500
6.30957e-09,3.85771,0.1,20,5,500
7.94328e-09,4.32449,0.1,20,5,500
1e-08,4.80392,0.1,20,5,500
1.25893e-08,5.29004,0.1,20,5,500
1.58489e-08,5.77716,0.1,20,5,500
1.99526e-08,6.26019,0.1,20,5,500
2.51189e-08,6.73475,0.1,20,5,500
3.16228e-08,7.19725,0.1,20,5,500
3.98107e-08,7.64483,0.1,20,5,500
5.01187e-08,8.07523,0.1,20,5,500
6.30957e-08,8.48672,0.1,20,5,500
7.94328e-08,8.878,0.1,20,5,500
1e-07,9.24809,0.1,20,5,500
1.25893e-07,9.59635,0.1,20,5,500
1.58489e-07,9.92237,0.1,20,5,500
1.99526e-07,10.226,0.1,20,5,500
2.51189e-07,10.5074,0.1,20,5,500
3.16228e-07,10.7667,0.1,20,5,500
3.98107e-07,11.0042,0.1,20,5,500
5.01187e-07,11.2205,0.1,20,5,500
6.30957e-07,11.4159,0.1,20,5,500
7.94328e-07,11.5911,0.1,20,5,500
1e-06,11.7466,0.1,20,5,500
1.25893e-06,11.8835,0.1,20,5,500
1.58489e-06,12.0026,0.1,20,5,500
1.99526e-06,12.1052,0.1,20,5,500
2.51189e-06,12.1926,0.1,20,5,500
3.16228e-06,12.2664,0.1,20,5,500
3.98107e-06,12.3281,0.1,20,5,500
5.01187e-06,12.3793,0.1,20,5,500
6.30957e-06,12.4215,0.1,20,5,500
7.94328e-06,12.456,0.1,20,5,500
1e-05,12.484,0.1,20,5,500
1.25893e-05,12.5068,0.1,20,5,500
1.58489e-05,12.5252,0.1,20,5,500
1.99526e-05,12.5399,0.1,20,5,500
2.51189e-05,12.5518,0.1,20,5,500
3.16228e-05,12.5613,0.1,20,5,500
3.98107e-05,12.5689,0.1,20,5,500
5.01187e-05,12.575,0.1,20,5,500
6.30957e-05,12.5798,0.1,20,5,500
7.94328e-05,12.5837,0.1,20,5,500
0.0001,12.5867,0.1,20,5,500
1e-09,1.18891,0.1,20,10,300
1.25893e-09,1.429,0.1,20,10,300
1.58489e-09,1.70564,0.1,20,10,300
1.99526e-09,2.02043,0.1,20,10,300
2.51189e-09,2.37385,0.1,20,10,300
3.16228e-09,2.76503,0.1,20,10,300
3.98107e-09,3.19157,0.1,20,10,300
5.01187e-09,3.64949,0.1,20,10,300
6.30957e-09,4.13342,0.1,20,10,300
7.94328e-09,4.63685,0.1,20,10,300
1e-08,5.15255,0.1,20,10,300
1.25893e-08,5.67307,0.1,20,10,300
1.58489e-08,6.19121,0.1,20,10,300
1.99526e-08,6.70044,0.1,20,10,300
2.51189e-08,7.19517,0.1,20,10,300
3.16228e-08,7.67092,0.1,20,10,300
3.98107e-08,8.12436,0.1,20,10,300
5.01187e-08,8.5532,0.1,20,10,300
6.30957e-08,8.95611,0.1,20,10,300
7.94328e-08,9.33257,0.1,20,10,300
1e-07,9.68274,0.1,20,10,300
1.25893e-07,10.0073,0.1,20,10,300
1.58489e-07,10.3073,0.1,20,10,300
1.99526e-07,10.5841,0.1,20,10,300
2.51189e-07,10.8392,0.1,20,10,300
3.16228e-07,11.0742,0.1,20,10,300
3.98107e-07,11.2903,0.1,20,10,300
5.01187e-07,11.489,0.1,20,10,300
6.30957e-07,11.671,0.1,20,10,300
7.94328e-07,11.8373,0.1,20,10,300
1e-06,11.9882,0.1,20,10,300
1.25893e-06,12.1243,0.1,20,10,300
1.58489e-06,12.2459,0.1,20,10,300
1.99526e-06,12.3535,0.1,20,10,300
2.51189e-06,12.4475,0.1,20,10,300
3.16228e-06,12.5289,0.1,20,10,300
3.98107e-06,12.5984,0.1,20,10,300
5.01187e-06,12.6573,0.1,20,10,300
6.30957e-06,12.7067,0.1,20,10,300
7.94328e-06,12.7477,0.1,20,10,300
1e-05,12.7815,0.1,20,10,300
1.25893e-05,12.8092,0.1,20,10,300
1.58489e-05,12.8317,0.1,20,10,300
1.99526e-05,12.85,0.1,20,10,300
2.51189e-05,12.8648,0.1,20,10,300
3.16228e-05,12.8767,0.1,20,10,300
3.98107e-05,12.8862,0.1,20,10,300
5.01187e-05,12.8939,0.1,20,10,300
6.30957e-05,12.9,0.1,20,10,300
7.94328e-05,12.9049,0.1,20,10,300
0.0001,12.9088,0.1,20,10,300
1e-09,1.18891,0.1,20,10,400
1.25893e-09,1.429,0.1,20,10,400
1.58489e-09,1.70564,0.1,20,10,400
1.99526e-09,2.02043,0.1,20,10,400
2.51189e-09,2.37385,0.1,20,10,400
3.16228e-09,2.76503,0.1,20,10,400
3.98107e-09,3.19157,0.1,20,10,400
5.01187e-09,3.64949,0.1,20,10,400
6.30957e-09,4.13342,0.1,20,10,400
7.94328e-09,4.63685,0.1,20,10,400
1e-08,5.15255,0.1,20,10,400
1.25893e-08,5.67307,0.1,20,10,400
1.58489e-08,6.19121,0.1,20,10,400
1.99526e-08,6.70044,0.1,20,10,400
2.51189e-08,7.19517,0.1,20,10,400
3.16228e-08,7.67092,0.1,20,10,400
3.98107e-08,8.12436,0.1,20,10,400
5.01187e-08,8.5532,0.1,20,10,400
6.30957e-08,8.95611,0.1,20,10,400
7.94328e-08,9.33257,0.1,20,10,400
1e-07,9.68274,0.1,20,10,400
1.25893e-07,10.0073,0.1,20,10,400
1.58489e-07,10.3073,0.1,20,10,400
1.99526e-07,10.5841,0.1,20,10,400
2.51189e-07,10.8392,0.1,20,10,400
3.16228e-07,11.0742,0.1,20,10,400
3.98107e-07,11.2903,0.1,20,10,400
5.01187e-07,11.489,0.1,20,10,400
6.30957e-07,11.671,0.1,20,10,400
7.94328e-07,11.8373,0.1,20,10,400
1e-06,11.9882,0.1,20,10,400
1.25893e-06,12.1243,0.1,20,10,400
1.58489e-06,12.2459,0.1,20,10,400
1.99526e-06,12.3535,0.1,20,10,400
2.51189e-06,12.4475,0.1,20,10,400
3.16228e-06,12.5289,0.1,20,10,400
3.98107e-06,12.5984,0.1,20,10,400
5.01187e-06,12.6573,0.1,20,10,400
6.30957e-06,12.7067,0.1,20,10,400
7.94328e-06,12.7477,0.1,20,10,400
1e-05,12.7815,0.1,20,10,400
1.25893e-05,12.8092,0.1,20,10,400
1.58489e-05,12.8317,0.1,20,10,400
1.99526e-05,12.85,0.1,20,10,400
2.51189e-05,12.8648,0.1,20,10,400
3.16228e-05,12.8767,0.1,20,10,400
3.98107e-05,12.8862,0.1,20,10,400
5.01187e-05,12.8939,0.1,20,10,400
6.30957e-05,12.9,0.1,20,10,400
7.94328e-05,12.9049,0.1,20,10,400
0.0001,12.9088,0.1,20,10,400
1e-09,1.18891,0.1,20,10,500
1.25893e-09,1.429,0.1,20,10,500
1.58489e-09,1.70564,0.1,20,10,500
1.99526e-09,2.02043,0.1,20,10,500
2.51189e-09,2.37385,0.1,20,10,500
3.16228e-09,2.76503,0.1,20,10,500
3.98107e-09,3.19157,0.1,20,10,500
5.01187e-09,3.64949,0.1,20,10,500
6.30957e-09,4.13342,0.1,20,10,500
7.94328e-09,4.63685,0.1,20,10,500
1e-08,5.15255,0.1,20,10,500
1.25893e-08,5.67307,0.1,20,10,500
1.58489e-08,6.19121,0.1,20,10,500
1.99526e-08,6.70044,0.1,20,10,500
2.51189e-08,7.19517,0.1,20,10,500
3.16228e-08,7.67092,0.1,20,10,500
3.98107e-08,8.12436,0.1,20,10,500
5.01187e-08,8.5532,0.1,20,10,500
6.30957e-08,8.95611,0.1,20,10,500
7.94328e-08,9.33257,0.1,20,10,500
1e-07,9.68274,0.1,20,10,500
1.25893e-07,10.0073,0.1,20,10,500
1.58489e-07,10.3073,0.1,20,10,500
1.99526e-07,10.5841,0.1,20,10,500
2.51189e-07,10.8392,0.1,20,10,500
3.16228e-07,11.0742,0.1,20,10,500
3.98107e-07,11.2903,0.1,20,10,500
5.01187e-07,11.489,0.1,20,10,500
6.30957e-07,11.671,0.1,20,10,500
7.94328e-07,11.8373,0.1,20,10,500
1e-06,11.9882,0.1,20,10,500
1.25893e-06,12.1243,0.1,20,10,500
1.58489e-06,12.2459,0.1,20,10,500
1.99526e-06,12.3535,0.1,20,10,500
2.51189e-06,12.4475,0.1,20,10,500
3.16228e-06,12.5289,0.1,20,10,500
3.98107e-06,12.5984,0.1,20,10,500
5.01187e-06,12.6573,0.1,20,10,500
6.30957e-06,12.7067,0.1,20,10,500
7.94328e-06,12.7477,0.1,20,10,500
1e-05,12.7815,0.1,20,10,500
1.25893e-05,12.8092,0.1,20,10,500
1.58489e-05,12.8317,0.1,20,10,500
1.99526e-05,12.85,0.1,20,10,500
2.51189e-05,12.8648,0.1,20,10,500
3.16228e-05,12.8767,0.1,20,10,500
3.98107e-05,12.8862,0.1,20,10,500
5.01187e-05,12.8939,0.1,20,10,500
6.30957e-05,12.9,0.1,20,10,500
7.94328e-05,12.9049,0.1,20,10,500
0.0001,12.9088,0.1,20,10,500
1e-09,1.30781,0.1,20,20,300
1.25893e-09,1.57952,0.1,20,20,300
1.58489e-09,1.89552,0.1,20,20,300
1.99526e-09,2.25883,0.1,20,20,300
2.51189e-09,2.67134,0.1,20,20,300
3.16228e-09,3.13342,0.1,20,20,300
3.98107e-09,3.64355,0.1,20,20,300
5.01187e-09,4.19812,0.1,20,20,300
6.30957e-09,4.79134,0.1,20,20,300
7.94328e-09,5.41538,0.1,20,20,300
1e-08,6.06075,0.1,20,20,300
1.25893e-08,6.71689,0.1,20,20,300
1.58489e-08,7.37284,0.1,20,20,300
1.99526e-08,8.01801,0.1,20,20,300
2.51189e-08,8.64286,0.1,20,20,300
3.16228e-08,9.23937,0.1,20,20,300
3.98107e-08,9.80139,0.1,20,20,300
5.01187e-08,10.3247,0.1,20,20,300
6.30957e-08,10.8071,0.1,20,20,300
7.94328e-08,11.2481,0.1,20,20,300
1e-07,11.6483,0.1,20,20,300
1.25893e-07,12.01,0.1,20,20,300
1.58489e-07,12.3357,0.1,20,20,300
1.99526e-07,12.6287,0.1,20,20,300
2.51189e-07,12.8924,0.1,20,20,300
3.16228e-07,13.1298,0.1,20,20,300
3.98107e-07,13.3441,0.1,20,20,300
5.01187e-07,13.5376,0.1,20,20,300
6.30957e-07,13.7123,0.1,20,20,300
7.94328e-07,13.8697,0.1,20,20,300
1e-06,14.0109,0.1,20,20,300
1.25893e-06,14.1369,0.1,20,20,300
1.58489e-06,14.2482,0.1,20,20,300
1.99526e-06,14.3457,0.1,20,20,300
2.51189e-06,14.4302,0.1,20,20,300
3.16228e-06,14.5026,0.1,20,20,300
3.98107e-06,14.564,0.1,20,20,300
5.01187e-06,14.6156,0.1,20,20,300
6.30957e-06,14.6586,0.1,20,20,300
7.94328e-06,14.6941,0.1,20,20,300
1e-05,14.7232,0.1,20,20,300
1.25893e-05,14.7469,0.1,20,20,300
1.58489e-05,14.7662,0.1,20,20,300
1.99526e-05,14.7818,0.1,20,20,300
2.51189e-05,14.7943,0.1,20,20,300
3.16228e-05,14.8044,0.1,20,20,300
3.98107e-05,14.8125,0.1,20,20,300
5.01187e-05,14.8189,0.1,20,20,300
6.30957e-05,14.8241,0.1,20,20,300
7.94328e-05,14.8282,0.1,20,20,300
0.0001,14.8315,0.1,20,20,300
1e-09,1.30781,0.1,20,20,400
1.25893e-09,1.57952,0.1,20,20,400
1.58489e-09,1.89552,0.1,20,20,400
1.99526e-09,2.25883,0.1,20,20,400
2.51189e-09,2.67134,0.1,20,20,400
3.16228e-09,3.13342,0.1,20,20,400
3.98107e-09,3.64355,0.1,20,20,400
5.01187e-09,4.19812,0.1,20,20,400
6.30957e-09,4.79134,0.1,20,20,400
7.94328e-09,5.41538,0.1,20,20,400
1e-08,6.06075,0.1,20,20,400
1.25893e-08,6.71689,0.1,20,20,400
1.58489e-08,7.37284,0.1,20,20,400
1.99526e-08,8.01801,0.1,20,20,400
2.51189e-08,8.64286,0.1,20,20,400
3.16228e-08,9.23937,0.1,20,20,400
3.98107e-08,9.80139,0.1,20,20,400
5.01187e-08,10.3247,0.1,20,20,400
6.30957e-08,10.8071,0.1,20,20,400
7.94328e-08,11.2481,0.1,20,20,400
1e-07,11.6483,0.1,20,20,400
1.25893e-07,12.01,0.1,20,20,400
1.58489e-07,12.3357,0.1,20,20,400
1.99526e-07,12.6287,0.1,20,20,400
2.51189e-07,12.8924,0.1,20,20,400
3.16228e-07,13.1298,0.1,20,20,400
3.98107e-07,13.3441,0.1,20,20,400
5.01187e-07,13.5376,0.1,20,20,400
6.30957e-07,13.7123,0.1,20,20,400
7.94328e-07,13.8697,0.1,20,20,400
1e-06,14.0109,0.1,20,20,400
1.25893e-06,14.1369,0.1,20,20,400
1.58489e-06,14.2482,0.1,20,20,400
1.99526e-06,14.3457,0.1,20,20,400
2.51189e-06,14.4302,0.1,20,20,400
3.16228e-06,14.5026,0.1,20,20,400
3.98107e-06,14.564,0.1,20,20,400
5.01187e-06,14.6156,0.1,20,20,400
6.30957e-06,14.6586,0.1,20,20,400
7.94328e-06,14.6941,0.1,20,20,400
1e-05,14.7232,0.1,20,20,400
1.25893e-05,14.7469,0.1,20,20,400
1.58489e-05,14.7662,0.1,20,20,400
1.99526e-05,14.7818,0.1,20,20,400
2.51189e-05,14.7943,0.1,20,20,400
3.16228e-05,14.8044,0.1,20,20,400
3.98107e-05,14.8125,0.1,20,20,400
5.01187e-05,14.8189,0.1,20,20,400
6.30957e-05,14.8241,0.1,20,20,400
7.94328e-05,14.8282,0.1,20,20,400
0.0001,14.8315,0.1,20,20,400
1e-09,1.30781,0.1,20,20,500
1.25893e-09,1.57952,0.1,20,20,500
1.58489e-09,1.89552,0.1,20,20,500
1.99526e-09,2.25883,0.1,20,20,500
2.51189e-09,2.67134,0.1,20,20,500
3.16228e-09,3.13342,0.1,20,20,500
3.98107e-09,3.64355,0.1,20,20,500
5.01187e-09,4.19812,0.1,20,20,500
6.30957e-09,4.79134,0.1,20,20,500
7.94328e-09,5.41538,0.1,20,20,500
1e-08,6.06075,0.1,20,20,500
1.25893e-08,6.71689,0.1,20,20,500
1.58489e-08,7.37284,0.1,20,20,500
1.99526e-08,8.01801,0.1,20,20,500
2.51189e-08,8.64286,0.1,20,20,500
3.16228e-08,9.23937,0.1,20,20,500
3.98107e-08,9.80139,0.1,20,20,500
5.01187e-08,10.3247,0.1,20,20,500
6.30957e-08,10.8071,0.1,20,20,500
7.94328e-08,11.2481,0.1,20,20,500
1e-07,11.6483,0.1,20,20,500
1.25893e-07,12.01,0.1,20,20,500
1.58489e-07,12.3357,0.1,20,20,500
1.99526e-07,12.6287,0.1,20,20,500
2.51189e-07,12.8924,0.1,20,20,500
3.16228e-07,13.1298,0.1,20,20,500
3.98107e-07,13.3441,0.1,20,20,500
5.01187e-07,13.5376,0.1,20,20,500
6.30957e-07,13.7123,0.1,20,20,500
7.94328e-07,13.8697,0.1,20,20,500
1e-06,14.0109,0.1,20,20,500
1.25893e-06,14.1369,0.1,20,20,500
1.58489e-06,14.2482,0.1,20,20,500
1.99526e-06,14.3457,0.1,20,20,500
2.51189e-06,14.4302,0.1,20,20,500
3.16228e-06,14.5026,0.1,20,20,500
3.98107e-06,14.564,0.1,20,20,500
5.01187e-06,14.6156,0.1,20,20,500
6.30957e-06,14.6586,0.1,20,20,500
7.94328e-06,14.6941,0.1,20,20,500
1e-05,14.7232,0.1,20,20,500
1.25893e-05,14.7469,0.1,20,20,500
1.58489e-05,14.7662,0.1,20,20,500
1.99526e-05,14.7818,0.1,20,20,500
2.51189e-05,14.7943,0.1,20,20,500
3.16228e-05,14.8044,0.1,20,20,500
3.98107e-05,14.8125,0.1,20,20,500
5.01187e-05,14.8189,0.1,20,20,500
6.30957e-05,14.8241,0.1,20,20,500
7.94328e-05,14.8282,0.1,20,20,500
0.0001,14.8315,0.1,20,20,500
1e-09,0.652556,0.3,2,2,300
1.25893e-09,0.734544,0.3,2,2,300
1.58489e-09,0.821045,0.3,2,2,300
1.99526e-09,0.911694,0.3,2,2,300
2.51189e-09,1.00615,0.3,2,2,300
3.16228e-09,1.10409,0.3,2,2,300
3.98107e-09,1.20523,0.3,2,2,300
5.01187e-09,1.30928,0.3,2,2,300
6.30957e-09,1.41599,0.3,2,2,300
7.94328e-09,1.52511,0.3,2,2,300
1e-08,1.63641,0.3,2,2,300
1.25893e-08,1.74969,0.3,2,2,300
1.58489e-08,1.86481,0.3,2,2,300
1.99526e-08,1.98166,0.3,2,2,300
2.51189e-08,2.10021,0.3,2,2,300
3.16228e-08,2.22045,0.3,2,2,300
3.98107e-08,2.3424,0.3,2,2,300
5.01187e-08,2.46608,0.3,2,2,300
6.30957e-08,2.59146,0.3,2,2,300
7.94328e-08,2.71843,0.3,2,2,300
1e-07,2.84675,0.3,2,2,300
1.25893e-07,2.97609,0.3,2,2,300
1.58489e-07,3.10601,0.3,2,2,300
1.99526e-07,3.23597,0.3,2,2,300
2.51189e-07,3.36539,0.3,2,2,300
3.16228e-07,3.49368,0.3,2,2,300
3.98107e-07,3.62027,0.3,2,2,300
5.01187e-07,3.7446,0.3,2,2,300
6.30957e-07,3.86611,0.3,2,2,300
7.94328e-07,3.98419,0.3,2,2,300
1e-06,4.09817,0.3,2,2,300
1.25893e-06,4.20727,0.3,2,2,300
1.58489e-06,4.31066,0.3,2,2,300
1.99526e-06,4.40748,0.3,2,2,300
2.51189e-06,4.49693,0.3,2,2,300
3.16228e-06,4.57839,0.3,2,2,300
3.98107e-06,4.65144,0.3,2,2,300
5.01187e-06,4.71598,0.3,2,2,300
6.30957e-06,4.77218,0.3,2,2,300
7.94328e-06,4.82045,0.3,2,2,300
1e-05,4.86141,0.3,2,2,300
1.25893e-05,4.89579,0.3,2,2,300
1.58489e-05,4.92436,0.3,2,2,300
1.99526e-05,4.94793,0.3,2,2,300
2.51189e-05,4.96722,0.3,2,2,300
3.16228e-05,4.98293,0.3,2,2,300
3.98107e-05,4.99566,0.3,2,2,300
5.01187e-05,5.00594,0.3,2,2,300
6.30957e-05,5.01421,0.3,2,2,300
7.94328e-05,5.02085,0.3,2,2,300
0.0001,5.02616,0.3,2,2,300
1e-09,0.652556,0.3,2,2,400
1.25893e-09,0.734544,0.3,2,2,400
1.58489e-09,0.821045,0.3,2,2,400
1.99526e-09,0.911694,0.3,2,2,400
2.51189e-09,1.00615,0.3,2,2,400
3.16228e-09,1.10409,0.3,2,2,400
3.98107e-09,1.20523,0.3,2,2,400
5.01187e-09,1.30928,0.3,2,2,400
6.30957e-09,1.41599,0.3,2,2,400
7.94328e-09,1.52511,0.3,2,2,400
1e-08,1.63641,0.3,2,2,400
1.25893e-08,1.74969,0.3,2,2,400
1.58489e-08,1.86481,0.3,2,2,400
1.99526e-08,1.98166,0.3,2,2,400
2.51189e-08,2.10021,0.3,2,2,400
3.16228e-08,2.22045,0.3,2,2,400
3.98107e-08,2.3424,0.3,2,2,400
5.01187e-08,2.46608,0.3,2,2,400
6.30957e-08,2.59146,0.3,2,2,400
7.94328e-08,2.71843,0.3,2,2,400
1e-07,2.84675,0.3,2,2,400
1.25893e-07,2.97609,0.3,2,2,400
1.58489e-07,3.10601,0.3,2,2,400
1.99526e-07,3.23597,0.3,2,2,400
2.51189e-07,3.36539,0.3,2,2,400
3.16228e-07,3.49368,0.3,2,2,400
3.98107e-07,3.62027,0.3,2,2,400
5.01187e-07,3.7446,0.3,2,2,400
6.30957e-07,3.86611,0.3,2,2,400
7.94328e-07,3.98419,0.3,2,2,400
1e-06,4.09817,0.3,2,2,400
1.25893e-06,4.20727,0.3,2,2,400
1.58489e-06,4.31066,0.3,2,2,400
1.99526e-06,4.40748,0.3,2,2,400
2.51189e-06,4.49693,0.3,2,2,400
3.16228e-06,4.57839,0.3,2,2,400
3.98107e-06,4.65144,0.3,2,2,400
5.01187e-06,4.71598,0.3,2,2,400
6.30957e-06,4.77218,0.3,2,2,400
7.94328e-06,4.82045,0.3,2,2,400
1e-05,4.86141,0.3,2,2,400
1.25893e-05,4.89579,0.3,2,2,400
1.58489e-05,4.92436,0.3,2,2,400
1.99526e-05,4.94793,0.3,2,2,400
2.51189e-05,4.96722,0.3,2,2,400
3.16228e-05,4.98293,0.3,2,2,400
3.98107e-05,4.99566,0.3,2,2,400
5.01187e-05,5.00594,0.3,2,2,400
6.30957e-05,5.01421,0.3,2,2,400
7.94328e-05,5.02085,0.3,2,2,400
0.0001,5.02616,0.3,2,2,400
1e-09,0.652556,0.3,2,2,500
1.25893e-09,0.734544,0.3,2,2,500
1.58489e-09,0.821045,0.3,2,2,500
1.99526e-09,0.911694,0.3,2,2,500
2.51189e-09,1.00615,0.3,2,2,500
3.16228e-09,1.10409,0.3,2,2,500
3.98107e-09,1.20523,0.3,2,2,500
5.01187e-09,1.30928,0.3,2,2,500
6.30957e-09,1.41599,0.3,2,2,500
7.94328e-09,1.52511,0.3,2,2,500
1e-08,1.63641,0.3,2,2,500
1.25893e-08,1.74969,0.3,2,2,500
1.58489e-08,1.86481,0.3,2,2,500
1.99526e-08,1.98166,0.3,2,2,500
2.51189e-08,2.10021,0.3,2,2,500
3.16228e-08,2.22045,0.3,2,2,500
3.98107e-08,2.3424,0.3,2,2,500
5.01187e-08,2.46608,0.3,2,2,500
6.30957e-08,2.59146,0.3,2,2,500
7.94328e-08,2.71843,0.3,2,2,500
1e-07,2.84675,0.3,2,2,500
1.25893e-07,2.97609,0.3,2,2,500
1.58489e-07,3.10601,0.3,2,2,500
1.99526e-07,3.23597,0.3,2,2,500
2.51189e-07,3.36539,0.3,2,2,500
3.16228e-07,3.49368,0.3,2,2,500
3.98107e-07,3.62027,0.3,2,2,500
5.01187e-07,3.7446,0.3,2,2,500
6.30957e-07,3.86611,0.3,2,2,500
7.94328e-07,3.98419,0.3,2,2,500
1e-06,4.09817,0.3,2,2,500
1.25893e-06,4.20727,0.3,2,2,500
1.58489e-06,4.31066,0.3,2,2,500
1.99526e-06,4.40748,0.3,2,2,500
2.51189e-06,4.49693,0.3,2,2,500
3.16228e-06,4.57839,0.3,2,2,500
3.98107e-06,4.65144,0.3,2,2,500
5.01187e-06,4.71598,0.3,2,2,500
6.30957e-06,4.77218,0.3,2,2,500
7.94328e-06,4.82045,0.3,2,2,500
1e-05,4.86141,0.3,2,2,500
1.25893e-05,4.89579,0.3,2,2,500
1.58489e-05,4.92436,0.3,2,2,500
1.99526e-05,4.94793,0.3,2,2,500
2.51189e-05,4.96722,0.3,2,2,500
3.16228e-05,4.98293,0.3,2,2,500
3.98107e-05,4.99566,0.3,2,2,500
5.01187e-05,5.00594,0.3,2,2,500
6.30957e-05,5.01421,0.3,2,2,500
7.94328e-05,5.02085,0.3,2,2,500
0.0001,5.02616,0.3,2,2,500
1e-09,0.842885,0.3,2,5,300
1.25893e-09,0.957455,0.3,2,5,300
1.58489e-09,1.07842,0.3,2,5,300
1.99526e-09,1.20466,0.3,2,5,300
2.51189e-09,1.33503,0.3,2,5,300
3.16228e-09,1.46833,0.3,2,5,300
3.98107e-09,1.60343,0.3,2,5,300
5.01187e-09,1.73926,0.3,2,5,300
6.30957e-09,1.87479,0.3,2,5,300
7.94328e-09,2.00908,0.3,2,5,300
1e-08,2.14128,0.3,2,5,300
1.25893e-08,2.2706,0.3,2,5,300
1.58489e-08,2.39637,0.3,2,5,300
1.99526e-08,2.51804,0.3,2,5,300
2.51189e-08,2.6352,0.3,2,5,300
3.16228e-08,2.7476,0.3,2,5,300
3.98107e-08,2.85513,0.3,2,5,300
5.01187e-08,2.95784,0.3,2,5,300
6.30957e-08,3.05584,0.3,2,5,300
7.94328e-08,3.14935,0.3,2,5,300
1e-07,3.23855,0.3,2,5,300
1.25893e-07,3.32361,0.3,2,5,300
1.58489e-07,3.40457,0.3,2,5,300
1.99526e-07,3.4814,0.3,2,5,300
2.51189e-07,3.55392,0.3,2,5,300
3.16228e-07,3.62187,0.3,2,5,300
3.98107e-07,3.68496,0.3,2,5,300
5.01187e-07,3.74289,0.3,2,5,300
6.30957e-07,3.79544,0.3,2,5,300
7.94328e-07,3.8425,0.3,2,5,300
1e-06,3.88408,0.3,2,5,300
1.25893e-06,3.92034,0.3,2,5,300
1.58489e-06,3.95158,0.3,2,5,300
1.99526e-06,3.97818,0.3,2,5,300
2.51189e-06,4.00059,0.3,2,5,300
3.16228e-06,4.01929,0.3,2,5,300
3.98107e-06,4.03477,0.3,2,5,300
5.01187e-06,4.04749,0.3,2,5,300
6.30957e-06,4.05788,0.3,2,5,300
7.94328e-06,4.06632,0.3,2,5,300
1e-05,4.07316,0.3,2,5,300
1.25893e-05,4.07866,0.3,2,5,300
1.58489e-05,4.08309,0.3,2,5,300
1.99526e-05,4.08664,0.3,2,5,300
2.51189e-05,4.08948,0.3,2,5,300
3.16228e-05,4.09176,0.3,2,5,300
3.98107e-05,4.09357,0.3,2,5,300
5.01187e-05,4.09502,0.3,2,5,300
6.30957e-05,4.09617,0.3,2,5,300
7.94328e-05,4.09709,0.3,2,5,300
0.0001,4.09782,0.3,2,5,300
1e-09,0.842885,0.3,2,5,400
1.25893e-09,0.957455,0.3,2,5,400
1.58489e-09,1.07842,0.3,2,5,400
1.99526e-09,1.20466,0.3,2,5,400
2.51189e-09,1.33503,0.3,2,5,400
3.16228e-09,1.46833,0.3,2,5,400
3.98107e-09,1.60343,0.3,2,5,400
5.01187e-09,1.73926,0.3,2,5,400
6.30957e-09,1.87479,0.3,2,5,400
7.94328e-09,2.00908,0.3,2,5,400
1e-08,2.14128,0.3,2,5,400
1.25893e-08,2.2706,0.3,2,5,400
1.58489e-08,2.39637,0.3,2,5,400
1.99526e-08,2.51804,0.3,2,5,400
2.51189e-08,2.6352,0.3,2,5,400
3.16228e-08,2.7476,0.3,2,5,400
3.98107e-08,2.85513,0.3,2,5,400
5.01187e-08,2.95784,0.3,2,5,400
6.30957e-08,3.05584,0.3,2,5,400
7.94328e-08,3.14935,0.3,2,5,400
1e-07,3.23855,0.3,2,5,400
1.25893e-07,3.32361,0.3,2,5,400
1.58489e-07,3.40457,0.3,2,5,400
1.99526e-07,3.4814,0.3,2,5,400
2.51189e-07,3.55392,0.3,2,5,400
3.16228e-07,3.62187,0.3,2,5,400
3.98107e-07,3.68496,0.3,2,5,400
5.01187e-07,3.74289,0.3,2,5,400
6.30957e-07,3.79544,0.3,2,5,400
7.94328e-07,3.8425,0.3,2,5,400
1e-06,3.88408,0.3,2,5,400
1.25893e-06,3.92034,0.3,2,5,400
1.58489e-06,3.95158,0.3,2,5,400
1.99526e-06,3.97818,0.3,2,5,400
2.51189e-06,4.00059,0.3,2,5,400
3.16228e-06,4.01929,0.3,2,5,400
3.98107e-06,4.03477,0.3,2,5,400
5.01187e-06,4.04749,0.3,2,5,400
6.30957e-06,4.05788,0.3,2,5,400
7.94328e-06,4.06632,0.3,2,5,400
1e-05,4.07316,0.3,2,5,400
1.25893e-05,4.07866,0.3,2,5,400
1.58489e-05,4.08309,0.3,2,5,400
1.99526e-05,4.08664,0.3,2,5,400
2.51189e-05,4.08948,0.3,2,5,400
3.16228e-05,4.09176,0.3,2,5,400
3.98107e-05,4.09357,0.3,2,5,400
5.01187e-05,4.09502,0.3,2,5,400
6.30957e-05,4.09617,0.3,2,5,400
7.94328e-05,4.09709,0.3,2,5,400
0.0001,4.09782,0.3,2,5,400
1e-09,0.842885,0.3,2,5,500
1.25893e-09,0.957455,0.3,2,5,500
1.58489e-09,1.07842,0.3,2,5,500
1.99526e-09,1.20466,0.3,2,5,500
2.51189e-09,1.33503,0.3,2,5,500
3.16228e-09,1.46833,0.3,2,5,500
3.98107e-09,1.60343,0.3,2,5,500
5.01187e-09,1.73926,0.3,2,5,500
6.30957e-09,1.87479,0.3,2,5,500
7.94328e-09,2.00908,0.3,2,5,500
1e-08,2.14128,0.3,2,5,500
1.25893e-08,2.2706,0.3,2,5,500
1.58489e-08,2.39637,0.3,2,5,500
1.99526e-08,2.51804,0.3,2,5,500
2.51189e-08,2.6352,0.3,2,5,500
3.16228e-08,2.7476,0.3,2,5,500
3.98107e-08,2.85513,0.3,2,5,500
5.01187e-08,2.95784,0.3,2,5,500
6.30957e-08,3.05584,0.3,2,5,500
7.94328e-08,3.14935,0.3,2,5,500
1e-07,3.23855,0.3,2,5,500
1.25893e-07,3.32361,0.3,2,5,500
1.58489e-07,3.40457,0.3,2,5,500
1.99526e-07,3.4814,0.3,2,5,500
2.51189e-07,3.55392,0.3,2,5,500
3.16228e-07,3.62187,0.3,2,5,500
3.98107e-07,3.68496,0.3,2,5,500
5.01187e-07,3.74289,0.3,2,5,500
6.30957e-07,3.79544,0.3,2,5,500
7.94328e-07,3.8425,0.3,2,5,500
1e-06,3.88408,0.3,2,5,500
1.25893e-06,3.92034,0.3,2,5,500
1.58489e-06,3.95158,0.3,2,5,500
1.99526e-06,3.97818,0.3,2,5,500
2.51189e-06,4.00059,0.3,2,5,500
3.16228e-06,4.01929,0.3,2,5,500
3.98107e-06,4.03477,0.3,2,5,500
5.01187e-06,4.04749,0.3,2,5,500
6.30957e-06,4.05788,0.3,2,5,500
7.94328e-06,4.06632,0.3,2,5,500
1e-05,4.07316,0.3,2,5,500
1.25893e-05,4.07866,0.3,2,5,500
1.58489e-05,4.08309,0.3,2,5,500
1.99526e-05,4.08664,0.3,2,5,500
2.51189e-05,4.08948,0.3,2,5,500
3.16228e-05,4.09176,0.3,2,5,500
3.98107e-05,4.09357,0.3,2,5,500
5.01187e-05,4.09502,0.3,2,5,500
6.30957e-05,4.09617,0.3,2,5,500
7.94328e-05,4.09709,0.3,2,5,500
0.0001,4.09782,0.3,2,5,500
1e-09,1.09614,0.3,2,10,300
1.25893e-09,1.26876,0.3,2,10,300
1.58489e-09,1.45562,0.3,2,10,300
1.99526e-09,1.655,0.3,2,10,300
2.51189e-09,1.86477,0.3,2,10,300
3.16228e-09,2.08247,0.3,2,10,300
3.98107e-09,2.30545,0.3,2,10,300
5.01187e-09,2.53103,0.3,2,10,300
6.30957e-09,2.7566,0.3,2,10,300
7.94328e-09,2.97973,0.3,2,10,300
1e-08,3.19818,0.3,2,10,300
1.25893e-08,3.41003,0.3,2,10,300
1.58489e-08,3.61364,0.3,2,10,300
1.99526e-08,3.80773,0.3,2,10,300
2.51189e-08,3.99137,0.3,2,10,300
3.16228e-08,4.16398,0.3,2,10,300
3.98107e-08,4.3253,0.3,2,10,300
5.01187e-08,4.47539,0.3,2,10,300
6.30957e-08,4.61455,0.3,2,10,300
7.94328e-08,4.74322,0.3,2,10,300
1e-07,4.86193,0.3,2,10,300
1.25893e-07,4.97123,0.3,2,10,300
1.58489e-07,5.0716,0.3,2,10,300
1.99526e-07,5.16346,0.3,2,10,300
2.51189e-07,5.24714,0.3,2,10,300
3.16228e-07,5.32287,0.3,2,10,300
3.98107e-07,5.39088,0.3,2,10,300
5.01187e-07,5.45139,0.3,2,10,300
6.30957e-07,5.50468,0.3,2,10,300
7.94328e-07,5.55111,0.3,2,10,300
1e-06,5.59111,0.3,2,10,300
1.25893e-06,5.62522,0.3,2,10,300
1.58489e-06,5.65399,0.3,2,10,300
1.99526e-06,5.67806,0.3,2,10,300
2.51189e-06,5.69801,0.3,2,10,300
3.16228e-06,5.71443,0.3,2,10,300
3.98107e-06,5.72786,0.3,2,10,300
5.01187e-06,5.73879,0.3,2,10,300
6.30957e-06,5.74764,0.3,2,10,300
7.94328e-06,5.75479,0.3,2,10,300
1e-05,5.76054,0.3,2,10,300
1.25893e-05,5.76515,0.3,2,10,300
1.58489e-05,5.76884,0.3,2,10,300
1.99526e-05,5.7718,0.3,2,10,300
2.51189e-05,5.77415,0.3,2,10,300
3.16228e-05,5.77604,0.3,2,10,300
3.98107e-05,5.77754,0.3,2,10,300
5.01187e-05,5.77873,0.3,2,10,300
6.30957e-05,5.77968,0.3,2,10,300
7.94328e-05,5.78044,0.3,2,10,300
0.0001,5.78104,0.3,2,10,300
1e-09,1.09614,0.3,2,10,400
1.25893e-09,1.26876,0.3,2,10,400
1.58489e-09,1.45562,0.3,2,10,400
1.99526e-09,1.655,0.3,2,10,400
2.51189e-09,1.86477,0.3,2,10,400
3.16228e-09,2.08247,0.3,2,10,400
3.98107e-09,2.30545,0.3,2,10,400
5.01187e-09,2.53103,0.3,2,10,400
6.30957e-09,2.7566,0.3,2,10,400
7.94328e-09,2.97973,0.3,2,10,400
1e-08,3.19818,0.3,2,10,400
1.25893e-08,3.41003,0.3,2,10,400
1.58489e-08,3.61364,0.3,2,10,400
1.99526e-08,3.80773,0.3,2,10,400
2.51189e-08,3.99137,0.3,2,10,400
3.16228e-08,4.16398,0.3,2,10,400
3.98107e-08,4.3253,0.3,2,10,400
5.01187e-08,4.47539,0.3,2,10,400
6.30957e-08,4.61455,0.3,2,10,400
7.94328e-08,4.74322,0.3,2,10,400
1e-07,4.86193,0.3,2,10,400
1.25893e-07,4.97123,0.3,2,10,400
1.58489e-07,5.0716,0.3,2,10,400
1.99526e-07,5.16346,0.3,2,10,400
2.51189e-07,5.24714,0.3,2,10,400
3.16228e-07,5.32287,0.3,2,10,400
3.98107e-07,5.39088,0.3,2,10,400
5.01187e-07,5.45139,0.3,2,10,400
6.30957e-07,5.50468,0.3,2,10,400
7.94328e-07,5.55111,0.3,2,10,400
1e-06,5.59111,0.3,2,10,400
1.25893e-06,5.62522,0.3,2,10,400
1.58489e-06,5.65399,0.3,2,10,400
1.99526e-06,5.67806,0.3,2,10,400
2.51189e-06,5.69801,0.3,2,10,400
3.16228e-06,5.71443,0.3,2,10,400
3.98107e-06,5.72786,0.3,2,10,400
5.01187e-06,5.73879,0.3,2,10,400
6.30957e-06,5.74764,0.3,2,10,400
7.94328e-06,5.75479,0.3,2,10,400
1e-05,5.76054,0.3,2,10,400
1.25893e-05,5.76515,0.3,2,10,400
1.58489e-05,5.76884,0.3,2,10,400
1.99526e-05,5.7718,0.3,2,10,400
2.51189e-05,5.77415,0.3,2,10,400
3.16228e-05,5.77604,0.3,2,10,400
3.98107e-05,5.77754,0.3,2,10,400
5.01187e-05,5.77873,0.3,2,10,400
6.30957e-05,5.77968,0.3,2,10,400
7.94328e-05,5.78044,0.3,2,10,400
0.0001,5.78104,0.3,2,10,400
1e-09,1.09614,0.3,2,10,500
1.25893e-09,1.26876,0.3,2,10,500
1.58489e-09,1.45562,0.3,2,10,500
1.99526e-09,1.655,0.3,2,10,500
2.51189e-09,1.86477,0.3,2,10,500
3.16228e-09,2.08247,0.3,2,10,500
3.98107e-09,2.30545,0.3,2,10,500
5.01187e-09,2.53103,0.3,2,10,500
6.30957e-09,2.7566,0.3,2,10,500
7.94328e-09,2.97973,0.3,2,10,500
1e-08,3.19818,0.3,2,10,500
1.25893e-08,3.41003,0.3,2,10,500
1.58489e-08,3.61364,0.3,2,10,500
1.99526e-08,3.80773,0.3,2,10,500
2.51189e-08,3.99137,0.3,2,10,500
3.16228e-08,4.16398,0.3,2,10,500
3.98107e-08,4.3253,0.3,2,10,500
5.01187e-08,4.47539,0.3,2,10,500
6.30957e-08,4.61455,0.3,2,10,500
7.94328e-08,4.74322,0.3,2,10,500
1e-07,4.86193,0.3,2,10,500
1.25893e-07,4.97123,0.3,2,10,500
1.58489e-07,5.0716,0.3,2,10,500
1.99526e-07,5.16346,0.3,2,10,500
2.51189e-07,5.24714,0.3,2,10,500
3.16228e-07,5.32287,0.3,2,10,500
3.98107e-07,5.39088,0.3,2,10,500
5.01187e-07,5.45139,0.3,2,10,500
6.30957e-07,5.50468,0.3,2,10,500
7.94328e-07,5.55111,0.3,2,10,500
1e-06,5.59111,0.3,2,10,500
1.25893e-06,5.62522,0.3,2,10,500
1.58489e-06,5.65399,0.3,2,10,500
1.99526e-06,5.67806,0.3,2,10,500
2.51189e-06,5.69801,0.3,2,10,500
3.16228e-06,5.71443,0.3,2,10,500
3.98107e-06,5.72786,0.3,2,10,500
5.01187e-06,5.73879,0.3,2,10,500
6.30957e-06,5.74764,0.3,2,10,500
7.94328e-06,5.75479,0.3,2,10,500
1e-05,5.76054,0.3,2,10,500
1.25893e-05,5.76515,0.3,2,10,500
1.58489e-05,5.76884,0.3,2,10,500
1.99526e-05,5.7718,0.3,2,10,500
2.51189e-05,5.77415,0.3,2,10,500
3.16228e-05,5.77604,0.3,2,10,500
3.98107e-05,5.77754,0.3,2,10,500
5.01187e-05,5.77873,0.3,2,10,500
6.30957e-05,5.77968,0.3,2,10,500
7.94328e-05,5.78044,0.3,2,10,500
0.0001,5.78104,0.3,2,10,500
1e-09,1.36806,0.3,2,20,300
1.25893e-09,1.61746,0.3,2,20,300
1.58489e-09,1.89683,0.3,2,20,300
1.99526e-09,2.20533,0.3,2,20,300
2.51189e-09,2.54096,0.3,2,20,300
3.16228e-09,2.90054,0.3,2,20,300
3.98107e-09,3.27989,0.3,2,20,300
5.01187e-09,3.67403,0.3,2,20,300
6.30957e-09,4.0775,0.3,2,20,300
7.94328e-09,4.48467,0.3,2,20,300
1e-08,4.89006,0.3,2,20,300
1.25893e-08,5.2886,0.3,2,20,300
1.58489e-08,5.67578,0.3,2,20,300
1.99526e-08,6.04781,0.3,2,20,300
2.51189e-08,6.40166,0.3,2,20,300
3.16228e-08,6.73512,0.3,2,20,300
3.98107e-08,7.04677,0.3,2,20,300
5.01187e-08,7.33595,0.3,2,20,300
6.30957e-08,7.6027,0.3,2,20,300
7.94328e-08,7.84763,0.3,2,20,300
1e-07,8.07186,0.3,2,20,300
1.25893e-07,8.27679,0.3,2,20,300
1.58489e-07,8.46399,0.3,2,20,300
1.99526e-07,8.63506,0.3,2,20,300
2.51189e-07,8.79145,0.3,2,20,300
3.16228e-07,8.93441,0.3,2,20,300
3.98107e-07,9.0649,0.3,2,20,300
5.01187e-07,9.18363,0.3,2,20,300
6.30957e-07,9.29108,0.3,2,20,300
7.94328e-07,9.3876,0.3,2,20,300
1e-06,9.4735,0.3,2,20,300
1.25893e-06,9.54915,0.3,2,20,300
1.58489e-06,9.61502,0.3,2,20,300
1.99526e-06,9.67173,0.3,2,20,300
2.51189e-06,9.72001,0.3,2,20,300
3.16228e-06,9.76069,0.3,2,20,300
3.98107e-06,9.79465,0.3,2,20,300
5.01187e-06,9.82276,0.3,2,20,300
6.30957e-06,9.84587,0.3,2,20,300
7.94328e-06,9.86474,0.3,2,20,300
1e-05,9.88008,0.3,2,20,300
1.25893e-05,9.89249,0.3,2,20,300
1.58489e-05,9.9025,0.3,2,20,300
1.99526e-05,9.91054,0.3,2,20,300
2.51189e-05,9.91699,0.3,2,20,300
3.16228e-05,9.92215,0.3,2,20,300
3.98107e-05,9.92628,0.3,2,20,300
5.01187e-05,9.92958,0.3,2,20,300
6.30957e-05,9.9322,0.3,2,20,300
7.94328e-05,9.9343,0.3,2,20,300
0.0001,9.93596,0.3,2,20,300
1e-09,1.36806,0.3,2,20,400
1.25893e-09,1.61746,0.3,2,20,400
1.58489e-09,1.89683,0.3,2,20,400
1.99526e-09,2.20533,0.3,2,20,400
2.51189e-09,2.54096,0.3,2,20,400
3.16228e-09,2.90054,0.3,2,20,400
3.98107e-09,3.27989,0.3,2,20,400
5.01187e-09,3.67403,0.3,2,20,400
6.30957e-09,4.0775,0.3,2,20,400
7.94328e-09,4.48467,0.3,2,20,400
1e-08,4.89006,0.3,2,20,400
1.25893e-08,5.2886,0.3,2,20,400
1.58489e-08,5.67578,0.3,2,20,400
1.99526e-08,6.04781,0.3,2,20,400
2.51189e-08,6.40166,0.3,2,20,400
3.16228e-08,6.73512,0.3,2,20,400
3.98107e-08,7.04677,0.3,2,20,400
5.01187e-08,7.33595,0.3,2,20,400
6.30957e-08,7.6027,0.3,2,20,400
7.94328e-08,7.84763,0.3,2,20,400
1e-07,8.07186,0.3,2,20,400
1.25893e-07,8.27679,0.3,2,20,400
1.58489e-07,8.46399,0.3,2,20,400
1.99526e-07,8.63506,0.3,2,20,400
2.51189e-07,8.79145,0.3,2,20,400
3.16228e-07,8.93441,0.3,2,20,400
3.98107e-07,9.0649,0.3,2,20,400
5.01187e-07,9.18363,0.3,2,20,400
6.30957e-07,9.29108,0.3,2,20,400
7.94328e-07,9.3876,0.3,2,20,400
1e-06,9.4735,0.3,2,20,400
1.25893e-06,9.54915,0.3,2,20,400
1.58489e-06,9.61502,0.3,2,20,400
1.99526e-06,9.67173,0.3,2,20,400
2.51189e-06,9.72001,0.3,2,20,400
3.16228e-06,9.76069,0.3,2,20,400
3.98107e-06,9.79465,0.3,2,20,400
5.01187e-06,9.82276,0.3,2,20,400
6.30957e-06,9.84587,0.3,2,20,400
7.94328e-06,9.86474,0.3,2,20,400
1e-05,9.88008,0.3,2,20,400
1.25893e-05,9.89249,0.3,2,20,400
1.58489e-05,9.9025,0.3,2,20,400
1.99526e-05,9.91054,0.3,2,20,400
2.51189e-05,9.91699,0.3,2,20,400
3.16228e-05,9.92215,0.3,2,20,400
3.98107e-05,9.92628,0.3,2,20,400
5.01187e-05,9.92958,0.3,2,20,400
6.30957e-05,9.9322,0.3,2,20,400
7.94328e-05,9.9343,0.3,2,20,400
0.0001,9.93596,0.3,2,20,400
1e-09,1.36806,0.3,2,20,500
1.25893e-09,1.61746,0.3,2,20,500
1.58489e-09,1.89683,0.3,2,20,500
1.99526e-09,2.20533,0.3,2,20,500
2.51189e-09,2.54096,0.3,2,20,500
3.16228e-09,2.90054,0.3,2,20,500
3.98107e-09,3.27989,0.3,2,20,500
5.01187e-09,3.67403,0.3,2,20,500
6.30957e-09,4.0775,0.3,2,20,500
7.94328e-09,4.48467,0.3,2,20,500
1e-08,4.89006,0.3,2,20,500
1.25893e-08,5.2886,0.3,2,20,500
1.58489e-08,5.67578,0.3,2,20,500
1.99526e-08,6.04781,0.3,2,20,500
2.51189e-08,6.40166,0.3,2,20,500
3.16228e-08,6.73512,0.3,2,20,500
3.98107e-08,7.04677,0.3,2,20,500
5.01187e-08,7.33595,0.3,2,20,500
6.30957e-08,7.6027,0.3,2,20,500
7.94328e-08,7.84763,0.3,2,20,500
1e-07,8.07186,0.3,2,20,500
1.25893e-07,8.27679,0.3,2,20,500
1.58489e-07,8.46399,0.3,2,20,500
1.99526e-07,8.63506,0.3,2,20,500
2.51189e-07,8.79145,0.3,2,20,500
3.16228e-07,8.93441,0.3,2,20,500
3.98107e-07,9.0649,0.3,2,20,500
5.01187e-07,9.18363,0.3,2,20,500
6.30957e-07,9.29108,0.3,2,20,500
7.94328e-07,9.3876,0.3,2,20,500
1e-06,9.4735,0.3,2,20,500
1.25893e-06,9.54915,0.3,2,20,500
1.58489e-06,9.61502,0.3,2,20,500
1.99526e-06,9.67173,0.3,2,20,500
2.51189e-06,9.72001,0.3,2,20,500
3.16228e-06,9.76069,0.3,2,20,500
3.98107e-06,9.79465,0.3,2,20,500
5.01187e-06,9.82276,0.3,2,20,500
6.30957e-06,9.84587,0.3,2,20,500
7.94328e-06,9.86474,0.3,2,20,500
1e-05,9.88008,0.3,2,20,500
1.25893e-05,9.89249,0.3,2,20,500
1.58489e-05,9.9025,0.3,2,20,500
1.99526e-05,9.91054,0.3,2,20,500
2.51189e-05,9.91699,0.3,2,20,500
3.16228e-05,9.92215,0.3,2,20,500
3.98107e-05,9.92628,0.3,2,20,500
5.01187e-05,9.92958,0.3,2,20,500
6.30957e-05,9.9322,0.3,2,20,500
7.94328e-05,9.9343,0.3,2,20,500
0.0001,9.93596,0.3,2,20,500
1e-09,0.740616,0.3,5,2,300
1.25893e-09,0.846394,0.3,5,2,300
1.58489e-09,0.959513,0.3,5,2,300
1.99526e-09,1.07924,0.3,5,2,300
2.51189e-09,1.20476,0.3,5,2,300
3.16228e-09,1.33524,0.3,5,2,300
3.98107e-09,1.46985,0.3,5,2,300
5.01187e-09,1.60776,0.3,5,2,300
6.30957e-09,1.74821,0.3,5,2,300
7.94328e-09,1.89044,0.3,5,2,300
1e-08,2.03375,0.3,5,2,300
1.25893e-08,2.17745,0.3,5,2,300
1.58489e-08,2.32089,0.3,5,2,300
1.99526e-08,2.46345,0.3,5,2,300
2.51189e-08,2.60457,0.3,5,2,300
3.16228e-08,2.74369,0.3,5,2,300
3.98107e-08,2.88034,0.3,5,2,300
5.01187e-08,3.01408,0.3,5,2,300
6.30957e-08,3.14453,0.3,5,2,300
7.94328e-08,3.27141,0.3,5,2,300
1e-07,3.39446,0.3,5,2,300
1.25893e-07,3.51352,0.3,5,2,300
1.58489e-07,3.62844,0.3,5,2,300
1.99526e-07,3.73914,0.3,5,2,300
2.51189e-07,3.84553,0.3,5,2,300
3.16228e-07,3.94752,0.3,5,2,300
3.98107e-07,4.04499,0.3,5,2,300
5.01187e-07,4.13777,0.3,5,2,300
6.30957e-07,4.2256,0.3,5,2,300
7.94328e-07,4.30815,0.3,5,2,300
1e-06,4.38506,0.3,5,2,300
1.25893e-06,4.45596,0.3,5,2,300
1.58489e-06,4.52051,0.3,5,2,300
1.99526e-06,4.57852,0.3,5,2,300
2.51189e-06,4.62994,0.3,5,2,300
3.16228e-06,4.67491,0.3,5,2,300
3.98107e-06,4.71371,0.3,5,2,300
5.01187e-06,4.74678,0.3,5,2,300
6.30957e-06,4.77465,0.3,5,2,300
7.94328e-06,4.79792,0.3,5,2,300
1e-05,4.81717,0.3,5,2,300
1.25893e-05,4.83299,0.3,5,2,300
1.58489e-05,4.8459,0.3,5,2,300
1.99526e-05,4.85638,0.3,5,2,300
2.51189e-05,4.86486,0.3,5,2,300
3.16228e-05,4.8717,0.3,5,2,300
3.98107e-05,4.87719,0.3,5,2,300
5.01187e-05,4.88159,0.3,5,2,300
6.30957e-05,4.88511,0.3,5,2,300
7.94328e-05,4.88793,0.3,5,2,300
0.0001,4.89018,0.3,5,2,300
1e-09,0.740616,0.3,5,2,400
1.25893e-09,0.846394,0.3,5,2,400
1.58489e-09,0.959513,0.3,5,2,400
1.99526e-09,1.07924,0.3,5,2,400
2.51189e-09,1.20476,0.3,5,2,400
3.16228e-09,1.33524,0.3,5,2,400
3.98107e-09,1.46985,0.3,5,2,400
5.01187e-09,1.60776,0.3,5,2,400
6.30957e-09,1.74821,0.3,5,2,400
7.94328e-09,1.89044,0.3,5,2,400
1e-08,2.03375,0.3,5,2,400
1.25893e-08,2.17745,0.3,5,2,400
1.58489e-08,2.32089,0.3,5,2,400
1.99526e-08,2.46345,0.3,5,2,400
2.51189e-08,2.60457,0.3,5,2,400
3.16228e-08,2.74369,0.3,5,2,400
3.98107e-08,2.88034,0.3,5,2,400
5.01187e-08,3.01408,0.3,5,2,400
6.30957e-08,3.14453,0.3,5,2,400
7.94328e-08,3.27141,0.3,5,2,400
1e-07,3.39446,0.3,5,2,400
1.25893e-07,3.51352,0.3,5,2,400
1.58489e-07,3.62844,0.3,5,2,400
1.99526e-07,3.73914,0.3,5,2,400
2.51189e-07,3.84553,0.3,5,2,400
3.16228e-07,3.94752,0.3,5,2,400
3.98107e-07,4.04499,0.3,5,2,400
5.01187e-07,4.13777,0.3,5,2,400
6.30957e-07,4.2256,0.3,5,2,400
7.94328e-07,4.30815,0.3,5,2,400
1e-06,4.38506,0.3,5,2,400
1.25893e-06,4.45596,0.3,5,2,400
1.58489e-06,4.52051,0.3,5,2,400
1.99526e-06,4.57852,0.3,5,2,400
2.51189e-06,4.62994,0.3,5,2,400
3.16228e-06,4.67491,0.3,5,2,400
3.98107e-06,4.71371,0.3,5,2,400
5.01187e-06,4.74678,0.3,5,2,400
6.30957e-06,4.77465,0.3,5,2,400
7.94328e-06,4.79792,0.3,5,2,400
1e-05,4.81717,0.3,5,2,400
1.25893e-05,4.83299,0.3,5,2,400
1.58489e-05,4.8459,0.3,5,2,400
1.99526e-05,4.85638,0.3,5,2,400
2.51189e-05,4.86486,0.3,5,2,400
3.16228e-05,4.8717,0.3,5,2,400
3.98107e-05,4.87719,0.3,5,2,400
5.01187e-05,4.88159,0.3,5,2,400
6.30957e-05,4.88511,0.3,5,2,400
7.94328e-05,4.88793,0.3,5,2,400
0.0001,4.89018,0.3,5,2,400
1e-09,0.740616,0.3,5,2,500
1.25893e-09,0.846394,0.3,5,2,500
1.58489e-09,0.959513,0.3,5,2,500
1.99526e-09,1.07924,0.3,5,2,500
2.51189e-09,1.20476,0.3,5,2,500
3.16228e-09,1.33524,0.3,5,2,500
3.98107e-09,1.46985,0.3,5,2,500
5.01187e-09,1.60776,0.3,5,2,500
6.30957e-09,1.74821,0.3,5,2,500
7.94328e-09,1.89044,0.3,5,2,500
1e-08,2.03375,0.3,5,2,500
1.25893e-08,2.17745,0.3,5,2,500
1.58489e-08,2.32089,0.3,5,2,500
1.99526e-08,2.46345,0.3,5,2,500
2.51189e-08,2.60457,0.3,5,2,500
3.16228e-08,2.74369,0.3,5,2,500
3.98107e-08,2.88034,0.3,5,2,500
5.01187e-08,3.01408,0.3,5,2,500
6.30957e-08,3.14453,0.3,5,2,500
7.94328e-08,3.27141,0.3,5,2,500
1e-07,3.39446,0.3,5,2,500
1.25893e-07,3.51352,0.3,5,2,500
1.58489e-07,3.62844,0.3,5,2,500
1.99526e-07,3.73914,0.3,5,2,500
2.51189e-07,3.84553,0.3,5,2,500
3.16228e-07,3.94752,0.3,5,2,500
3.98107e-07,4.04499,0.3,5,2,500
5.01187e-07,4.13777,0.3,5,2,500
6.30957e-07,4.2256,0.3,5,2,500
7.94328e-07,4.30815,0.3,5,2,500
1e-06,4.38506,0.3,5,2,500
1.25893e-06,4.45596,0.3,5,2,500
1.58489e-06,4.52051,0.3,5,2,500
1.99526e-06,4.57852,0.3,5,2,500
2.51189e-06,4.62994,0.3,5,2,500
3.16228e-06,4.67491,0.3,5,2,500
3.98107e-06,4.71371,0.3,5,2,500
5.01187e-06,4.74678,0.3,5,2,500
6.30957e-06,4.77465,0.3,5,2,500
7.94328e-06,4.79792,0.3,5,2,500
1e-05,4.81717,0.3,5,2,500
1.25893e-05,4.83299,0.3,5,2,500
1.58489e-05,4.8459,0.3,5,2,500
1.99526e-05,4.85638,0.3,5,2,500
2.51189e-05,4.86486,0.3,5,2,500
3.16228e-05,4.8717,0.3,5,2,500
3.98107e-05,4.87719,0.3,5,2,500
5.01187e-05,4.88159,0.3,5,2,500
6.30957e-05,4.88511,0.3,5,2,500
7.94328e-05,4.88793,0.3,5,2,500
0.0001,4.89018,0.3,5,2,500
1e-09,0.840531,0.3,5,5,300
1.25893e-09,0.961806,0.3,5,5,300
1.58489e-09,1.09092,0.3,5,5,300
1.99526e-09,1.22661,0.3,5,5,300
2.51189e-09,1.36744,0.3,5,5,300
3.16228e-09,1.51195,0.3,5,5,300
3.98107e-09,1.65863,0.3,5,5,300
5.01187e-09,1.80607,0.3,5,5,300
6.30957e-09,1.95296,0.3,5,5,300
7.94328e-09,2.09808,0.3,5,5,300
1e-08,2.24038,0.3,5,5,300
1.25893e-08,2.37892,0.3,5,5,300
1.58489e-08,2.51294,0.3,5,5,300
1.99526e-08,2.64179,0.3,5,5,300
2.51189e-08,2.76501,0.3,5,5,300
3.16228e-08,2.88227,0.3,5,5,300
3.98107e-08,2.99337,0.3,5,5,300
5.01187e-08,3.09828,0.3,5,5,300
6.30957e-08,3.19705,0.3,5,5,300
7.94328e-08,3.28985,0.3,5,5,300
1e-07,3.37689,0.3,5,5,300
1.25893e-07,3.45844,0.3,5,5,300
1.58489e-07,3.53472,0.3,5,5,300
1.99526e-07,3.60596,0.3,5,5,300
2.51189e-07,3.6723,0.3,5,5,300
3.16228e-07,3.73383,0.3,5,5,300
3.98107e-07,3.79059,0.3,5,5,300
5.01187e-07,3.84255,0.3,5,5,300
6.30957e-07,3.88972,0.3,5,5,300
7.94328e-07,3.93212,0.3,5,5,300
1e-06,3.96981,0.3,5,5,300
1.25893e-06,4.00295,0.3,5,5,300
1.58489e-06,4.03175,0.3,5,5,300
1.99526e-06,4.0565,0.3,5,5,300
2.51189e-06,4.07754,0.3,5,5,300
3.16228e-06,4.09526,0.3,5,5,300
3.98107e-06,4.11005,0.3,5,5,300
5.01187e-06,4.12229,0.3,5,5,300
6.30957e-06,4.13235,0.3,5,5,300
7.94328e-06,4.14057,0.3,5,5,300
1e-05,4.14725,0.3,5,5,300
1.25893e-05,4.15266,0.3,5,5,300
1.58489e-05,4.15702,0.3,5,5,300
1.99526e-05,4.16053,0.3,5,5,300
2.51189e-05,4.16335,0.3,5,5,300
3.16228e-05,4.1656,0.3,5,5,300
3.98107e-05,4.1674,0.3,5,5,300
5.01187e-05,4.16884,0.3,5,5,300
6.30957e-05,4.16999,0.3,5,5,300
7.94328e-05,4.1709,0.3,5,5,300
0.0001,4.17163,0.3,5,5,300
1e-09,0.840531,0.3,5,5,400
1.25893e-09,0.961806,0.3,5,5,400
1.58489e-09,1.09092,0.3,5,5,400
1.99526e-09,1.22661,0.3,5,5,400
2.51189e-09,1.36744,0.3,5,5,400
3.16228e-09,1.51195,0.3,5,5,400
3.98107e-09,1.65863,0.3,5,5,400
5.01187e-09,1.80607,0.3,5,5,400
6.30957e-09,1.95296,0.3,5,5,400
7.94328e-09,2.09808,0.3,5,5,400
1e-08,2.24038,0.3,5,5,400
1.25893e-08,2.37892,0.3,5,5,400
1.58489e-08,2.51294,0.3,5,5,400
1.99526e-08,2.64179,0.3,5,5,400
2.51189e-08,2.76501,0.3,5,5,400
3.16228e-08,2.88227,0.3,5,5,400
3.98107e-08,2.99337,0.3,5,5,400
5.01187e-08,3.09828,0.3,5,5,400
6.30957e-08,3.19705,0.3,5,5,400
7.94328e-08,3.28985,0.3,5,5,400
1e-07,3.37689,0.3,5,5,400
1.25893e-07,3.45844,0.3,5,5,400
1.58489e-07,3.53472,0.3,5,5,400
1.99526e-07,3.60596,0.3,5,5,400
2.51189e-07,3.6723,0.3,5,5,400
3.16228e-07,3.73383,0.3,5,5,400
3.98107e-07,3.79059,0.3,5,5,400
5.01187e-07,3.84255,0.3,5,5,400
6.30957e-07,3.88972,0.3,5,5,400
7.94328e-07,3.93212,0.3,5,5,400
1e-06,3.96981,0.3,5,5,400
1.25893e-06,4.00295,0.3,5,5,400
1.58489e-06,4.03175,0.3,5,5,400
1.99526e-06,4.0565,0.3,5,5,400
2.51189e-06,4.07754,0.3,5,5,400
3.16228e-06,4.09526,0.3,5,5,400
3.98107e-06,4.11005,0.3,5,5,400
5.01187e-06,4.12229,0.3,5,5,400
6.30957e-06,4.13235,0.3,5,5,400
7.94328e-06,4.14057,0.3,5,5,400
1e-05,4.14725,0.3,5,5,400
1.25893e-05,4.15266,0.3,5,5,400
1.58489e-05,4.15702,0.3,5,5,400
1.99526e-05,4.16053,0.3,5,5,400
2.51189e-05,4.16335,0.3,5,5,400
3.16228e-05,4.1656,0.3,5,5,400
3.98107e-05,4.1674,0.3,5,5,400
5.01187e-05,4.16884,0.3,5,5,400
6.30957e-05,4.16999,0.3,5,5,400
7.94328e-05,4.1709,0.3,5,5,400
0.0001,4.17163,0.3,5,5,400
1e-09,0.840531,0.3,5,5,500
1.25893e-09,0.961806,0.3,5,5,500
1.58489e-09,1.09092,0.3,5,5,500
1.99526e-09,1.22661,0.3,5,5,500
2.51189e-09,1.36744,0.3,5,5,500
3.16228e-09,1.51195,0.3,5,5,500
3.98107e-09,1.65863,0.3,5,5,500
5.01187e-09,1.80607,0.3,5,5,500
6.30957e-09,1.95296,0.3,5,5,500
7.94328e-09,2.09808,0.3,5,5,500
1e-08,2.24038,0.3,5,5,500
1.25893e-08,2.37892,0.3,5,5,500
1.58489e-08,2.51294,0.3,5,5,500
1.99526e-08,2.64179,0.3,5,5,500
2.51189e-08,2.76501,0.3,5,5,500
3.16228e-08,2.88227,0.3,5,5,500
3.98107e-08,2.99337,0.3,5,5,500
5.01187e-08,3.09828,0.3,5,5,500
6.30957e-08,3.19705,0.3,5,5,500
7.94328e-08,3.28985,0.3,5,5,500
1e-07,3.37689,0.3,5,5,500
1.25893e-07,3.45844,0.3,5,5,500
1.58489e-07,3.53472,0.3,5,5,500
1.99526e-07,3.60596,0.3,5,5,500
2.51189e-07,3.6723,0.3,5,5,500
3.16228e-07,3.73383,0.3,5,5,500
3.98107e-07,3.79059,0.3,5,5,500
5.01187e-07,3.84255,0.3,5,5,500
6.30957e-07,3.88972,0.3,5,5,500
7.94328e-07,3.93212,0.3,5,5,500
1e-06,3.96981,0.3,5,5,500
1.25893e-06,4.00295,0.3,5,5,500
1.58489e-06,4.03175,0.3,5,5,500
1.99526e-06,4.0565,0.3,5,5,500
2.51189e-06,4.07754,0.3,5,5,500
3.16228e-06,4.09526,0.3,5,5,500
3.98107e-06,4.11005,0.3,5,5,500
5.01187e-06,4.12229,0.3,5,5,500
6.30957e-06,4.13235,0.3,5,5,500
7.94328e-06,4.14057,0.3,5,5,500
1e-05,4.14725,0.3,5,5,500
1.25893e-05,4.15266,0.3,5,5,500
1.58489e-05,4.15702,0.3,5,5,500
1.99526e-05,4.16053,0.3,5,5,500
2.51189e-05,4.16335,0.3,5,5,500
3.16228e-05,4.1656,0.3,5,5,500
3.98107e-05,4.1674,0.3,5,5,500
5.01187e-05,4.16884,0.3,5,5,500
6.30957e-05,4.16999,0.3,5,5,500
7.94328e-05,4.1709,0.3,5,5,500
0.0001,4.17163,0.3,5,5,500
1e-09,1.03257,0.3,5,10,300
1.25893e-09,1.19663,0.3,5,10,300
1.58489e-09,1.37428,0.3,5,10,300
1.99526e-09,1.56379,0.3,5,10,300
2.51189e-09,1.76294,0.3,5,10,300
3.16228e-09,1.9692,0.3,5,10,300
3.98107e-09,2.1798,0.3,5,10,300
5.01187e-09,2.39194,0.3,5,10,300
6.30957e-09,2.60292,0.3,5,10,300
7.94328e-09,2.81025,0.3,5,10,300
1e-08,3.01172,0.3,5,10,300
1.25893e-08,3.20548,0.3,5,10,300
1.58489e-08,3.39007,0.3,5,10,300
1.99526e-08,3.56442,0.3,5,10,300
2.51189e-08,3.72782,0.3,5,10,300
3.16228e-08,3.87998,0.3,5,10,300
3.98107e-08,4.02093,0.3,5,10,300
5.01187e-08,4.15099,0.3,5,10,300
6.30957e-08,4.27074,0.3,5,10,300
7.94328e-08,4.38091,0.3,5,10,300
1e-07,4.48233,0.3,5,10,300
1.25893e-07,4.57587,0.3,5,10,300
1.58489e-07,4.66232,0.3,5,10,300
1.99526e-07,4.74233,0.3,5,10,300
2.51189e-07,4.81642,0.3,5,10,300
3.16228e-07,4.88491,0.3,5,10,300
3.98107e-07,4.94795,0.3,5,10,300
5.01187e-07,5.00561,0.3,5,10,300
6.30957e-07,5.05785,0.3,5,10,300
7.94328e-07,5.10469,0.3,5,10,300
1e-06,5.14617,0.3,5,10,300
1.25893e-06,5.18246,0.3,5,10,300
1.58489e-06,5.21381,0.3,5,10,300
1.99526e-06,5.24058,0.3,5,10,300
2.51189e-06,5.26318,0.3,5,10,300
3.16228e-06,5.28208,0.3,5,10,300
3.98107e-06,5.29774,0.3,5,10,300
5.01187e-06,5.31063,0.3,5,10,300
6.30957e-06,5.32117,0.3,5,10,300
7.94328e-06,5.32974,0.3,5,10,300
1e-05,5.33667,0.3,5,10,300
1.25893e-05,5.34227,0.3,5,10,300
1.58489e-05,5.34677,0.3,5,10,300
1.99526e-05,5.35037,0.3,5,10,300
2.51189e-05,5.35326,0.3,5,10,300
3.16228e-05,5.35557,0.3,5,10,300
3.98107e-05,5.35742,0.3,5,10,300
5.01187e-05,5.35889,0.3,5,10,300
6.30957e-05,5.36006,0.3,5,10,300
7.94328e-05,5.361,0.3,5,10,300
0.0001,5.36174,0.3,5,10,300
1e-09,1.03257,0.3,5,10,400
1.25893e-09,1.19663,0.3,5,10,400
1.58489e-09,1.37428,0.3,5,10,400
1.99526e-09,1.56379,0.3,5,10,400
2.51189e-09,1.76294,0.3,5,10,400
3.16228e-09,1.9692,0.3,5,10,400
3.98107e-09,2.1798,0.3,5,10,400
5.01187e-09,2.39194,0.3,5,10,400
6.30957e-09,2.60292,0.3,5,10,400
7.94328e-09,2.81025,0.3,5,10,400
1e-08,3.01172,0.3,5,10,400
1.25893e-08,3.20548,0.3,5,10,400
1.58489e-08,3.39007,0.3,5,10,400
1.99526e-08,3.56442,0.3,5,10,400
2.51189e-08,3.72782,0.3,5,10,400
3.16228e-08,3.87998,0.3,5,10,400
3.98107e-08,4.02093,0.3,5,10,400
5.01187e-08,4.15099,0.3,5,10,400
6.30957e-08,4.27074,0.3,5,10,400
7.94328e-08,4.38091,0.3,5,10,400
1e-07,4.48233,0.3,5,10,400
1.25893e-07,4.57587,0.3,5,10,400
1.58489e-07,4.66232,0.3,5,10,400
1.99526e-07,4.74233,0.3,5,10,400
2.51189e-07,4.81642,0.3,5,10,400
3.16228e-07,4.88491,0.3,5,10,400
3.98107e-07,4.94795,0.3,5,10,400
5.01187e-07,5.00561,0.3,5,10,400
6.30957e-07,5.05785,0.3,5,10,400
7.94328e-07,5.10469,0.3,5,10,400
1e-06,5.14617,0.3,5,10,400
1.25893e-06,5.18246,0.3,5,10,400
1.58489e-06,5.21381,0.3,5,10,400
1.99526e-06,5.24058,0.3,5,10,400
2.51189e-06,5.26318,0.3,5,10,400
3.16228e-06,5.28208,0.3,5,10,400
3.98107e-06,5.29774,0.3,5,10,400
5.01187e-06,5.31063,0.3,5,10,400
6.30957e-06,5.32117,0.3,5,10,400
7.94328e-06,5.32974,0.3,5,10,400
1e-05,5.33667,0.3,5,10,400
1.25893e-05,5.34227,0.3,5,10,400
1.58489e-05,5.34677,0.3,5,10,400
1.99526e-05,5.35037,0.3,5,10,400
2.51189e-05,5.35326,0.3,5,10,400
3.16228e-05,5.35557,0.3,5,10,400
3.98107e-05,5.35742,0.3,5,10,400
5.01187e-05,5.35889,0.3,5,10,400
6.30957e-05,5.36006,0.3,5,10,400
7.94328e-05,5.361,0.3,5,10,400
0.0001,5.36174,0.3,5,10,400
1e-09,1.03257,0.3,5,10,500
1.25893e-09,1.19663,0.3,5,10,500
1.58489e-09,1.37428,0.3,5,10,500
1.99526e-09,1.56379,0.3,5,10,500
2.51189e-09,1.76294,0.3,5,10,500
3.16228e-09,1.9692,0.3,5,10,500
3.98107e-09,2.1798,0.3,5,10,500
5.01187e-09,2.39194,0.3,5,10,500
6.30957e-09,2.60292,0.3,5,10,500
7.94328e-09,2.81025,0.3,5,10,500
1e-08,3.01172,0.3,5,10,500
1.25893e-08,3.20548,0.3,5,10,500
1.58489e-08,3.39007,0.3,5,10,500
1.99526e-08,3.56442,0.3,5,10,500
2.51189e-08,3.72782,0.3,5,10,500
3.16228e-08,3.87998,0.3,5,10,500
3.98107e-08,4.02093,0.3,5,10,500
5.01187e-08,4.15099,0.3,5,10,500
6.30957e-08,4.27074,0.3,5,10,500
7.94328e-08,4.38091,0.3,5,10,500
1e-07,4.48233,0.3,5,10,500
1.25893e-07,4.57587,0.3,5,10,500
1.58489e-07,4.66232,0.3,5,10,500
1.99526e-07,4.74233,0.3,5,10,500
2.51189e-07,4.81642,0.3,5,10,500
3.16228e-07,4.88491,0.3,5,10,500
3.98107e-07,4.94795,0.3,5,10,500
5.01187e-07,5.00561,0.3,5,10,500
6.30957e-07,5.05785,0.3,5,10,500
7.94328e-07,5.10469,0.3,5,10,500
1e-06,5.14617,0.3,5,10,500
1.25893e-06,5.18246,0.3,5,10,500
1.58489e-06,5.21381,0.3,5,10,500
1.99526e-06,5.24058,0.3,5,10,500
2.51189e-06,5.26318,0.3,5,10,500
3.16228e-06,5.28208,0.3,5,10,500
3.98107e-06,5.29774,0.3,5,10,500
5.01187e-06,5.31063,0.3,5,10,500
6.30957e-06,5.32117,0.3,5,10,500
7.94328e-06,5.32974,0.3,5,10,500
1e-05,5.33667,0.3,5,10,500
1.25893e-05,5.34227,0.3,5,10,500
1.58489e-05,5.34677,0.3,5,10,500
1.99526e-05,5.35037,0.3,5,10,500
2.51189e-05,5.35326,0.3,5,10,500
3.16228e-05,5.35557,0.3,5,10,500
3.98107e-05,5.35742,0.3,5,10,500
5.01187e-05,5.35889,0.3,5,10,500
6.30957e-05,5.36006,0.3,5,10,500
7.94328e-05,5.361,0.3,5,10,500
0.0001,5.36174,0.3,5,10,500
1e-09,1.28097,0.3,5,20,300
1.25893e-09,1.51195,0.3,5,20,300
1.58489e-09,1.76972,0.3,5,20,300
1.99526e-09,2.05313,0.3,5,20,300
2.51189e-09,2.35989,0.3,5,20,300
3.16228e-09,2.68656,0.3,5,20,300
3.98107e-09,3.02871,0.3,5,20,300
5.01187e-09,3.38112,0.3,5,20,300
6.30957e-09,3.73812,0.3,5,20,300
7.94328e-09,4.09396,0.3,5,20,300
1e-08,4.44313,0.3,5,20,300
1.25893e-08,4.78065,0.3,5,20,300
1.58489e-08,5.10239,0.3,5,20,300
1.99526e-08,5.40514,0.3,5,20,300
2.51189e-08,5.68672,0.3,5,20,300
3.16228e-08,5.94596,0.3,5,20,300
3.98107e-08,6.18266,0.3,5,20,300
5.01187e-08,6.39744,0.3,5,20,300
6.30957e-08,6.59158,0.3,5,20,300
7.94328e-08,6.76686,0.3,5,20,300
1e-07,6.92538,0.3,5,20,300
1.25893e-07,7.06939,0.3,5,20,300
1.58489e-07,7.2011,0.3,5,20,300
1.99526e-07,7.32254,0.3,5,20,300
2.51189e-07,7.43549,0.3,5,20,300
3.16228e-07,7.5413,0.3,5,20,300
3.98107e-07,7.64092,0.3,5,20,300
5.01187e-07,7.73488,0.3,5,20,300
6.30957e-07,7.8233,0.3,5,20,300
7.94328e-07,7.90602,0.3,5,20,300
1e-06,7.9827,0.3,5,20,300
1.25893e-06,8.05295,0.3,5,20,300
1.58489e-06,8.11646,0.3,5,20,300
1.99526e-06,8.17306,0.3,5,20,300
2.51189e-06,8.22278,0.3,5,20,300
3.16228e-06,8.26586,0.3,5,20,300
3.98107e-06,8.30272,0.3,5,20,300
5.01187e-06,8.33388,0.3,5,20,300
6.30957e-06,8.35995,0.3,5,20,300
7.94328e-06,8.38157,0.3,5,20,300
1e-05,8.39936,0.3,5,20,300
1.25893e-05,8.41391,0.3,5,20,300
1.58489e-05,8.42573,0.3,5,20,300
1.99526e-05,8.43531,0.3,5,20,300
2.51189e-05,8.44303,0.3,5,20,300
3.16228e-05,8.44924,0.3,5,20,300
3.98107e-05,8.45422,0.3,5,20,300
5.01187e-05,8.45821,0.3,5,20,300
6.30957e-05,8.46139,0.3,5,20,300
7.94328e-05,8.46394,0.3,5,20,300
0.0001,8.46597,0.3,5,20,300
1e-09,1.28097,0.3,5,20,400
1.25893e-09,1.51195,0.3,5,20,400
1.58489e-09,1.76972,0.3,5,20,400
1.99526e-09,2.05313,0.3,5,20,400
2.51189e-09,2.35989,0.3,5,20,400
3.16228e-09,2.68656,0.3,5,20,400
3.98107e-09,3.02871,0.3,5,20,400
5.01187e-09,3.38112,0.3,5,20,400
6.30957e-09,3.73812,0.3,5,20,400
7.94328e-09,4.09396,0.3,5,20,400
1e-08,4.44313,0.3,5,20,400
1.25893e-08,4.78065,0.3,5,20,400
1.58489e-08,5.10239,0.3,5,20,400
1.99526e-08,5.40514,0.3,5,20,400
2.51189e-08,5.68672,0.3,5,20,400
3.16228e-08,5.94596,0.3,5,20,400
3.98107e-08,6.18266,0.3,5,20,400
5.01187e-08,6.39744,0.3,5,20,400
6.30957e-08,6.59158,0.3,5,20,400
7.94328e-08,6.76686,0.3,5,20,400
1e-07,6.92538,0.3,5,20,400
1.25893e-07,7.06939,0.3,5,20,400
1.58489e-07,7.2011,0.3,5,20,400
1.99526e-07,7.32254,0.3,5,20,400
2.51189e-07,7.43549,0.3,5,20,400
3.16228e-07,7.5413,0.3,5,20,400
3.98107e-07,7.64092,0.3,5,20,400
5.01187e-07,7.73488,0.3,5,20,400
6.30957e-07,7.8233,0.3,5,20,400
7.94328e-07,7.90602,0.3,5,20,400
1e-06,7.9827,0.3,5,20,400
1.25893e-06,8.05295,0.3,5,20,400
1.58489e-06,8.11646,0.3,5,20,400
1.99526e-06,8.17306,0.3,5,20,400
2.51189e-06,8.22278,0.3,5,20,400
3.16228e-06,8.26586,0.3,5,20,400
3.98107e-06,8.30272,0.3,5,20,400
5.01187e-06,8.33388,0.3,5,20,400
6.30957e-06,8.35995,0.3,5,20,400
7.94328e-06,8.38157,0.3,5,20,400
1e-05,8.39936,0.3,5,20,400
1.25893e-05,8.41391,0.3,5,20,400
1.58489e-05,8.42573,0.3,5,20,400
1.99526e-05,8.43531,0.3,5,20,400
2.51189e-05,8.44303,0.3,5,20,400
3.16228e-05,8.44924,0.3,5,20,400
3.98107e-05,8.45422,0.3,5,20,400
5.01187e-05,8.45821,0.3,5,20,400
6.30957e-05,8.46139,0.3,5,20,400
7.94328e-05,8.46394,0.3,5,20,400
0.0001,8.46597,0.3,5,20,400
1e-09,1.28097,0.3,5,20,500
1.25893e-09,1.51195,0.3,5,20,500
1.58489e-09,1.76972,0.3,5,20,500
1.99526e-09,2.05313,0.3,5,20,500
2.51189e-09,2.35989,0.3,5,20,500
3.16228e-09,2.68656,0.3,5,20,500
3.98107e-09,3.02871,0.3,5,20,500
5.01187e-09,3.38112,0.3,5,20,500
6.30957e-09,3.73812,0.3,5,20,500
7.94328e-09,4.09396,0.3,5,20,500
1e-08,4.44313,0.3,5,20,500
1.25893e-08,4.78065,0.3,5,20,500
1.58489e-08,5.10239,0.3,5,20,500
1.99526e-08,5.40514,0.3,5,20,500
2.51189e-08,5.68672,0.3,5,20,500
3.16228e-08,5.94596,0.3,5,20,500
3.98107e-08,6.18266,0.3,5,20,500
5.01187e-08,6.39744,0.3,5,20,500
6.30957e-08,6.59158,0.3,5,20,500
7.94328e-08,6.76686,0.3,5,20,500
1e-07,6.92538,0.3,5,20,500
1.25893e-07,7.06939,0.3,5,20,500
1.58489e-07,7.2011,0.3,5,20,500
1.99526e-07,7.32254,0.3,5,20,500
2.51189e-07,7.43549,0.3,5,20,500
3.16228e-07,7.5413,0.3,5,20,500
3.98107e-07,7.64092,0.3,5,20,500
5.01187e-07,7.73488,0.3,5,20,500
6.30957e-07,7.8233,0.3,5,20,500
7.94328e-07,7.90602,0.3,5,20,500
1e-06,7.9827,0.3,5,20,500
1.25893e-06,8.05295,0.3,5,20,500
1.58489e-06,8.11646,0.3,5,20,500
1.99526e-06,8.17306,0.3,5,20,500
2.51189e-06,8.22278,0.3,5,20,500
3.16228e-06,8.26586,0.3,5,20,500
3.98107e-06,8.30272,0.3,5,20,500
5.01187e-06,8.33388,0.3,5,20,500
6.30957e-06,8.35995,0.3,5,20,500
7.94328e-06,8.38157,0.3,5,20,500
1e-05,8.39936,0.3,5,20,500
1.25893e-05,8.41391,0.3,5,20,500
1.58489e-05,8.42573,0.3,5,20,500
1.99526e-05,8.43531,0.3,5,20,500
2.51189e-05,8.44303,0.3,5,20,500
3.16228e-05,8.44924,0.3,5,20,500
3.98107e-05,8.45422,0.3,5,20,500
5.01187e-05,8.45821,0.3,5,20,500
6.30957e-05,8.46139,0.3,5,20,500
7.94328e-05,8.46394,0.3,5,20,500
0.0001,8.46597,0.3,5,20,500
1e-09,0.857408,0.3,10,2,300
1.25893e-09,0.998476,0.3,10,2,300
1.58489e-09,1.15337,0.3,10,2,300
1.99526e-09,1.32141,0.3,10,2,300
2.51189e-09,1.50161,0.3,10,2,300
3.16228e-09,1.69273,0.3,10,2,300
3.98107e-09,1.89334,0.3,10,2,300
5.01187e-09,2.10193,0.3,10,2,300
6.30957e-09,2.31693,0.3,10,2,300
7.94328e-09,2.5368,0.3,10,2,300
1e-08,2.76002,0.3,10,2,300
1.25893e-08,2.98516,0.3,10,2,300
1.58489e-08,3.21085,0.3,10,2,300
1.99526e-08,3.4358,0.3,10,2,300
2.51189e-08,3.65881,0.3,10,2,300
3.16228e-08,3.87874,0.3,10,2,300
3.98107e-08,4.09452,0.3,10,2,300
5.01187e-08,4.30518,0.3,10,2,300
6.30957e-08,4.50979,0.3,10,2,300
7.94328e-08,4.70751,0.3,10,2,300
1e-07,4.8976,0.3,10,2,300
1.25893e-07,5.07937,0.3,10,2,300
1.58489e-07,5.25224,0.3,10,2,300
1.99526e-07,5.41564,0.3,10,2,300
2.51189e-07,5.56907,0.3,10,2,300
3.16228e-07,5.71205,0.3,10,2,300
3.98107e-07,5.84414,0.3,10,2,300
5.01187e-07,5.965,0.3,10,2,300
6.30957e-07,6.0744,0.3,10,2,300
7.94328e-07,6.17231,0.3,10,2,300
1e-06,6.25888,0.3,10,2,300
1.25893e-06,6.33451,0.3,10,2,300
1.58489e-06,6.39981,0.3,10,2,300
1.99526e-06,6.45555,0.3,10,2,300
2.51189e-06,6.50263,0.3,10,2,300
3.16228e-06,6.54203,0.3,10,2,300
3.98107e-06,6.57471,0.3,10,2,300
5.01187e-06,6.60162,0.3,10,2,300
6.30957e-06,6.62364,0.3,10,2,300
7.94328e-06,6.64156,0.3,10,2,300
1e-05,6.65608,0.3,10,2,300
1.25893e-05,6.6678,0.3,10,2,300
1.58489e-05,6.67723,0.3,10,2,300
1.99526e-05,6.68479,0.3,10,2,300
2.51189e-05,6.69086,0.3,10,2,300
3.16228e-05,6.6957,0.3,10,2,300
3.98107e-05,6.69957,0.3,10,2,300
5.01187e-05,6.70266,0.3,10,2,300
6.30957e-05,6.70512,0.3,10,2,300
7.94328e-05,6.70708,0.3,10,2,300
0.0001,6.70864,0.3,10,2,300
1e-09,0.857408,0.3,10,2,400
1.25893e-09,0.998476,0.3,10,2,400
1.58489e-09,1.15337,0.3,10,2,400
1.99526e-09,1.32141,0.3,10,2,400
2.51189e-09,1.50161,0.3,10,2,400
3.16228e-09,1.69273,0.3,10,2,400
3.98107e-09,1.89334,0.3,10,2,400
5.01187e-09,2.10193,0.3,10,2,400
6.30957e-09,2.31693,0.3,10,2,400
7.94328e-09,2.5368,0.3,10,2,400
1e-08,2.76002,0.3,10,2,400
1.25893e-08,2.98516,0.3,10,2,400
1.58489e-08,3.21085,0.3,10,2,400
1.99526e-08,3.4358,0.3,10,2,400
2.51189e-08,3.65881,0.3,10,2,400
3.16228e-08,3.87874,0.3,10,2,400
3.98107e-08,4.09452,0.3,10,2,400
5.01187e-08,4.30518,0.3,10,2,400
6.30957e-08,4.50979,0.3,10,2,400
7.94328e-08,4.70751,0.3,10,2,400
1e-07,4.8976,0.3,10,2,400
1.25893e-07,5.07937,0.3,10,2,400
1.58489e-07,5.25224,0.3,10,2,400
1.99526e-07,5.41564,0.3,10,2,400
2.51189e-07,5.56907,0.3,10,2,400
3.16228e-07,5.71205,0.3,10,2,400
3.98107e-07,5.84414,0.3,10,2,400
5.01187e-07,5.965,0.3,10,2,400
6.30957e-07,6.0744,0.3,10,2,400
7.94328e-07,6.17231,0.3,10,2,400
1e-06,6.25888,0.3,10,2,400
1.25893e-06,6.33451,0.3,10,2,400
1.58489e-06,6.39981,0.3,10,2,400
1.99526e-06,6.45555,0.3,10,2,400
2.51189e-06,6.50263,0.3,10,2,400
3.16228e-06,6.54203,0.3,10,2,400
3.98107e-06,6.57471,0.3,10,2,400
5.01187e-06,6.60162,0.3,10,2,400
6.30957e-06,6.62364,0.3,10,2,400
7.94328e-06,6.64156,0.3,10,2,400
1e-05,6.65608,0.3,10,2,400
1.25893e-05,6.6678,0.3,10,2,400
1.58489e-05,6.67723,0.3,10,2,400
1.99526e-05,6.68479,0.3,10,2,400
2.51189e-05,6.69086,0.3,10,2,400
3.16228e-05,6.6957,0.3,10,2,400
3.98107e-05,6.69957,0.3,10,2,400
5.01187e-05,6.70266,0.3,10,2,400
6.30957e-05,6.70512,0.3,10,2,400
7.94328e-05,6.70708,0.3,10,2,400
0.0001,6.70864,0.3,10,2,400
1e-09,0.857408,0.3,10,2,500
1.25893e-09,0.998476,0.3,10,2,500
1.58489e-09,1.15337,0.3,10,2,500
1.99526e-09,1.32141,0.3,10,2,500
2.51189e-09,1.50161,0.3,10,2,500
3.16228e-09,1.69273,0.3,10,2,500
3.98107e-09,1.89334,0.3,10,2,500
5.01187e-09,2.10193,0.3,10,2,500
6.30957e-09,2.31693,0.3,10,2,500
7.94328e-09,2.5368,0.3,10,2,500
1e-08,2.76002,0.3,10,2,500
1.25893e-08,2.98516,0.3,10,2,500
1.58489e-08,3.21085,0.3,10,2,500
1.99526e-08,3.4358,0.3,10,2,500
2.51189e-08,3.65881,0.3,10,2,500
3.16228e-08,3.87874,0.3,10,2,500
3.98107e-08,4.09452,0.3,10,2,500
5.01187e-08,4.30518,0.3,10,2,500
6.30957e-08,4.50979,0.3,10,2,500
7.94328e-08,4.70751,0.3,10,2,500
1e-07,4.8976,0.3,10,2,500
1.25893e-07,5.07937,0.3,10,2,500
1.58489e-07,5.25224,0.3,10,2,500
1.99526e-07,5.41564,0.3,10,2,500
2.51189e-07,5.56907,0.3,10,2,500
3.16228e-07,5.71205,0.3,10,2,500
3.98107e-07,5.84414,0.3,10,2,500
5.01187e-07,5.965,0.3,10,2,500
6.30957e-07,6.0744,0.3,10,2,500
7.94328e-07,6.17231,0.3,10,2,500
1e-06,6.25888,0.3,10,2,500
1.25893e-06,6.33451,0.3,10,2,500
1.58489e-06,6.39981,0.3,10,2,500
1.99526e-06,6.45555,0.3,10,2,500
2.51189e-06,6.50263,0.3,10,2,500
3.16228e-06,6.54203,0.3,10,2,500
3.98107e-06,6.57471,0.3,10,2,500
5.01187e-06,6.60162,0.3,10,2,500
6.30957e-06,6.62364,0.3,10,2,500
7.94328e-06,6.64156,0.3,10,2,500
1e-05,6.65608,0.3,10,2,500
1.25893e-05,6.6678,0.3,10,2,500
1.58489e-05,6.67723,0.3,10,2,500
1.99526e-05,6.68479,0.3,10,2,500
2.51189e-05,6.69086,0.3,10,2,500
3.16228e-05,6.6957,0.3,10,2,500
3.98107e-05,6.69957,0.3,10,2,500
5.01187e-05,6.70266,0.3,10,2,500
6.30957e-05,6.70512,0.3,10,2,500
7.94328e-05,6.70708,0.3,10,2,500
0.0001,6.70864,0.3,10,2,500
1e-09,0.901536,0.3,10,5,300
1.25893e-09,1.04641,0.3,10,5,300
1.58489e-09,1.20408,0.3,10,5,300
1.99526e-09,1.37337,0.3,10,5,300
2.51189e-09,1.55279,0.3,10,5,300
3.16228e-09,1.74059,0.3,10,5,300
3.98107e-09,1.93488,0.3,10,5,300
5.01187e-09,2.13376,0.3,10,5,300
6.30957e-09,2.33543,0.3,10,5,300
7.94328e-09,2.53817,0.3,10,5,300
1e-08,2.74046,0.3,10,5,300
1.25893e-08,2.94094,0.3,10,5,300
1.58489e-08,3.1384,0.3,10,5,300
1.99526e-08,3.33178,0.3,10,5,300
2.51189e-08,3.52013,0.3,10,5,300
3.16228e-08,3.70264,0.3,10,5,300
3.98107e-08,3.87858,0.3,10,5,300
5.01187e-08,4.04733,0.3,10,5,300
6.30957e-08,4.20838,0.3,10,5,300
7.94328e-08,4.36129,0.3,10,5,300
1e-07,4.50577,0.3,10,5,300
1.25893e-07,4.64157,0.3,10,5,300
1.58489e-07,4.76855,0.3,10,5,300
1.99526e-07,4.88659,0.3,10,5,300
2.51189e-07,4.99564,0.3,10,5,300
3.16228e-07,5.09566,0.3,10,5,300
3.98107e-07,5.18664,0.3,10,5,300
5.01187e-07,5.26864,0.3,10,5,300
6.30957e-07,5.3418,0.3,10,5,300
7.94328e-07,5.40634,0.3,10,5,300
1e-06,5.46265,0.3,10,5,300
1.25893e-06,5.51122,0.3,10,5,300
1.58489e-06,5.55267,0.3,10,5,300
1.99526e-06,5.58766,0.3,10,5,300
2.51189e-06,5.61694,0.3,10,5,300
3.16228e-06,5.64123,0.3,10,5,300
3.98107e-06,5.66123,0.3,10,5,300
5.01187e-06,5.67759,0.3,10,5,300
6.30957e-06,5.6909,0.3,10,5,300
7.94328e-06,5.70169,0.3,10,5,300
1e-05,5.7104,0.3,10,5,300
1.25893e-05,5.71741,0.3,10,5,300
1.58489e-05,5.72303,0.3,10,5,300
1.99526e-05,5.72753,0.3,10,5,300
2.51189e-05,5.73114,0.3,10,5,300
3.16228e-05,5.73401,0.3,10,5,300
3.98107e-05,5.73631,0.3,10,5,300
5.01187e-05,5.73813,0.3,10,5,300
6.30957e-05,5.73959,0.3,10,5,300
7.94328e-05,5.74075,0.3,10,5,300
0.0001,5.74167,0.3,10,5,300
1e-09,0.901536,0.3,10,5,400
1.25893e-09,1.04641,0.3,10,5,400
1.58489e-09,1.20408,0.3,10,5,400
1.99526e-09,1.37337,0.3,10,5,400
2.51189e-09,1.55279,0.3,10,5,400
3.16228e-09,1.74059,0.3,10,5,400
3.98107e-09,1.93488,0.3,10,5,400
5.01187e-09,2.13376,0.3,10,5,400
6.30957e-09,2.33543,0.3,10,5,400
7.94328e-09,2.53817,0.3,10,5,400
1e-08,2.74046,0.3,10,5,400
1.25893e-08,2.94094,0.3,10,5,400
1.58489e-08,3.1384,0.3,10,5,400
1.99526e-08,3.33178,0.3,10,5,400
2.51189e-08,3.52013,0.3,10,5,400
3.16228e-08,3.70264,0.3,10,5,400
3.98107e-08,3.87858,0.3,10,5,400
5.01187e-08,4.04733,0.3,10,5,400
6.30957e-08,4.20838,0.3,10,5,400
7.94328e-08,4.36129,0.3,10,5,400
1e-07,4.50577,0.3,10,5,400
1.25893e-07,4.64157,0.3,10,5,400
1.58489e-07,4.76855,0.3,10,5,400
1.99526e-07,4.88659,0.3,10,5,400
2.51189e-07,4.99564,0.3,10,5,400
3.16228e-07,5.09566,0.3,10,5,400
3.98107e-07,5.18664,0.3,10,5,400
5.01187e-07,5.26864,0.3,10,5,400
6.30957e-07,5.3418,0.3,10,5,400
7.94328e-07,5.40634,0.3,10,5,400
1e-06,5.46265,0.3,10,5,400
1.25893e-06,5.51122,0.3,10,5,400
1.58489e-06,5.55267,0.3,10,5,400
1.99526e-06,5.58766,0.3,10,5,400
2.51189e-06,5.61694,0.3,10,5,400
3.16228e-06,5.64123,0.3,10,5,400
3.98107e-06,5.66123,0.3,10,5,400
5.01187e-06,5.67759,0.3,10,5,400
6.30957e-06,5.6909,0.3,10,5,400
7.94328e-06,5.70169,0.3,10,5,400
1e-05,5.7104,0.3,10,5,400
1.25893e-05,5.71741,0.3,10,5,400
1.58489e-05,5.72303,0.3,10,5,400
1.99526e-05,5.72753,0.3,10,5,400
2.51189e-05,5.73114,0.3,10,5,400
3.16228e-05,5.73401,0.3,10,5,400
3.98107e-05,5.73631,0.3,10,5,400
5.01187e-05,5.73813,0.3,10,5,400
6.30957e-05,5.73959,0.3,10,5,400
7.94328e-05,5.74075,0.3,10,5,400
0.0001,5.74167,0.3,10,5,400
1e-09,0.901536,0.3,10,5,500
1.25893e-09,1.04641,0.3,10,5,500
1.58489e-09,1.20408,0.3,10,5,500
1.99526e-09,1.37337,0.3,10,5,500
2.51189e-09,1.55279,0.3,10,5,500
3.16228e-09,1.74059,0.3,10,5,500
3.98107e-09,1.93488,0.3,10,5,500
5.01187e-09,2.13376,0.3,10,5,500
6.30957e-09,2.33543,0.3,10,5,500
7.94328e-09,2.53817,0.3,10,5,500
1e-08,2.74046,0.3,10,5,500
1.25893e-08,2.94094,0.3,10,5,500
1.58489e-08,3.1384,0.3,10,5,500
1.99526e-08,3.33178,0.3,10,5,500
2.51189e-08,3.52013,0.3,10,5,500
3.16228e-08,3.70264,0.3,10,5,500
3.98107e-08,3.87858,0.3,10,5,500
5.01187e-08,4.04733,0.3,10,5,500
6.30957e-08,4.20838,0.3,10,5,500
7.94328e-08,4.36129,0.3,10,5,500
1e-07,4.50577,0.3,10,5,500
1.25893e-07,4.64157,0.3,10,5,500
1.58489e-07,4.76855,0.3,10,5,500
1.99526e-07,4.88659,0.3,10,5,500
2.51189e-07,4.99564,0.3,10,5,500
3.16228e-07,5.09566,0.3,10,5,500
3.98107e-07,5.18664,0.3,10,5,500
5.01187e-07,5.26864,0.3,10,5,500
6.30957e-07,5.3418,0.3,10,5,500
7.94328e-07,5.40634,0.3,10,5,500
1e-06,5.46265,0.3,10,5,500
1.25893e-06,5.51122,0.3,10,5,500
1.58489e-06,5.55267,0.3,10,5,500
1.99526e-06,5.58766,0.3,10,5,500
2.51189e-06,5.61694,0.3,10,5,500
3.16228e-06,5.64123,0.3,10,5,500
3.98107e-06,5.66123,0.3,10,5,500
5.01187e-06,5.67759,0.3,10,5,500
6.30957e-06,5.6909,0.3,10,5,500
7.94328e-06,5.70169,0.3,10,5,500
1e-05,5.7104,0.3,10,5,500
1.25893e-05,5.71741,0.3,10,5,500
1.58489e-05,5.72303,0.3,10,5,500
1.99526e-05,5.72753,0.3,10,5,500
2.51189e-05,5.73114,0.3,10,5,500
3.16228e-05,5.73401,0.3,10,5,500
3.98107e-05,5.73631,0.3,10,5,500
5.01187e-05,5.73813,0.3,10,5,500
6.30957e-05,5.73959,0.3,10,5,500
7.94328e-05,5.74075,0.3,10,5,500
0.0001,5.74167,0.3,10,5,500
1e-09,1.031,0.3,10,10,300
1.25893e-09,1.20514,0.3,10,10,300
1.58489e-09,1.3965,0.3,10,10,300
1.99526e-09,1.60376,0.3,10,10,300
2.51189e-09,1.82498,0.3,10,10,300
3.16228e-09,2.05768,0.3,10,10,300
3.98107e-09,2.29901,0.3,10,10,300
5.01187e-09,2.54589,0.3,10,10,300
6.30957e-09,2.79524,0.3,10,10,300
7.94328e-09,3.04411,0.3,10,10,300
1e-08,3.2898,0.3,10,10,300
1.25893e-08,3.52997,0.3,10,10,300
1.58489e-08,3.76264,0.3,10,10,300
1.99526e-08,3.98625,0.3,10,10,300
2.51189e-08,4.19961,0.3,10,10,300
3.16228e-08,4.40189,0.3,10,10,300
3.98107e-08,4.59261,0.3,10,10,300
5.01187e-08,4.77157,0.3,10,10,300
6.30957e-08,4.93884,0.3,10,10,300
7.94328e-08,5.09471,0.3,10,10,300
1e-07,5.23961,0.3,10,10,300
1.25893e-07,5.37408,0.3,10,10,300
1.58489e-07,5.49867,0.3,10,10,300
1.99526e-07,5.61392,0.3,10,10,300
2.51189e-07,5.72027,0.3,10,10,300
3.16228e-07,5.81805,0.3,10,10,300
3.98107e-07,5.90749,0.3,10,10,300
5.01187e-07,5.98875,0.3,10,10,300
6.30957e-07,6.06194,0.3,10,10,300
7.94328e-07,6.12721,0.3,10,10,300
1e-06,6.18478,0.3,10,10,300
1.25893e-06,6.23499,0.3,10,10,300
1.58489e-06,6.27826,0.3,10,10,300
1.99526e-06,6.31515,0.3,10,10,300
2.51189e-06,6.34627,0.3,10,10,300
3.16228e-06,6.37228,0.3,10,10,300
3.98107e-06,6.39384,0.3,10,10,300
5.01187e-06,6.41157,0.3,10,10,300
6.30957e-06,6.42606,0.3,10,10,300
7.94328e-06,6.43785,0.3,10,10,300
1e-05,6.4474,0.3,10,10,300
1.25893e-05,6.4551,0.3,10,10,300
1.58489e-05,6.46129,0.3,10,10,300
1.99526e-05,6.46626,0.3,10,10,300
2.51189e-05,6.47023,0.3,10,10,300
3.16228e-05,6.47341,0.3,10,10,300
3.98107e-05,6.47595,0.3,10,10,300
5.01187e-05,6.47798,0.3,10,10,300
6.30957e-05,6.47959,0.3,10,10,300
7.94328e-05,6.48088,0.3,10,10,300
0.0001,6.4819,0.3,10,10,300
1e-09,1.031,0.3,10,10,400
1.25893e-09,1.20514,0.3,10,10,400
1.58489e-09,1.3965,0.3,10,10,400
1.99526e-09,1.60376,0.3,10,10,400
2.51189e-09,1.82498,0.3,10,10,400
3.16228e-09,2.05768,0.3,10,10,400
3.98107e-09,2.29901,0.3,10,10,400
5.01187e-09,2.54589,0.3,10,10,400
6.30957e-09,2.79524,0.3,10,10,400
7.94328e-09,3.04411,0.3,10,10,400
1e-08,3.2898,0.3,10,10,400
1.25893e-08,3.52997,0.3,10,10,400
1.58489e-08,3.76264,0.3,10,10,400
1.99526e-08,3.98625,0.3,10,10,400
2.51189e-08,4.19961,0.3,10,10,400
3.16228e-08,4.40189,0.3,10,10,400
3.98107e-08,4.59261,0.3,10,10,400
5.01187e-08,4.77157,0.3,10,10,400
6.30957e-08,4.93884,0.3,10,10,400
7.94328e-08,5.09471,0.3,10,10,400
1e-07,5.23961,0.3,10,10,400
1.25893e-07,5.37408,0.3,10,10,400
1.58489e-07,5.49867,0.3,10,10,400
1.99526e-07,5.61392,0.3,10,10,400
2.51189e-07,5.72027,0.3,10,10,400
3.16228e-07,5.81805,0.3,10,10,400
3.98107e-07,5.90749,0.3,10,10,400
5.01187e-07,5.98875,0.3,10,10,400
6.30957e-07,6.06194,0.3,10,10,400
7.94328e-07,6.12721,0.3,10,10,400
1e-06,6.18478,0.3,10,10,400
1.25893e-06,6.23499,0.3,10,10,400
1.58489e-06,6.27826,0.3,10,10,400
1.99526e-06,6.31515,0.3,10,10,400
2.51189e-06,6.34627,0.3,10,10,400
3.16228e-06,6.37228,0.3,10,10,400
3.98107e-06,6.39384,0.3,10,10,400
5.01187e-06,6.41157,0.3,10,10,400
6.30957e-06,6.42606,0.3,10,10,400
7.94328e-06,6.43785,0.3,10,10,400
1e-05,6.4474,0.3,10,10,400
1.25893e-05,6.4551,0.3,10,10,400
1.58489e-05,6.46129,0.3,10,10,400
1.99526e-05,6.46626,0.3,10,10,400
2.51189e-05,6.47023,0.3,10,10,400
3.16228e-05,6.47341,0.3,10,10,400
3.98107e-05,6.47595,0.3,10,10,400
5.01187e-05,6.47798,0.3,10,10,400
6.30957e-05,6.47959,0.3,10,10,400
7.94328e-05,6.48088,0.3,10,10,400
0.0001,6.4819,0.3,10,10,400
1e-09,1.031,0.3,10,10,500
1.25893e-09,1.20514,0.3,10,10,500
1.58489e-09,1.3965,0.3,10,10,500
1.99526e-09,1.60376,0.3,10,10,500
2.51189e-09,1.82498,0.3,10,10,500
3.16228e-09,2.05768,0.3,10,10,500
3.98107e-09,2.29901,0.3,10,10,500
5.01187e-09,2.54589,0.3,10,10,500
6.30957e-09,2.79524,0.3,10,10,500
7.94328e-09,3.04411,0.3,10,10,500
1e-08,3.2898,0.3,10,10,500
1.25893e-08,3.52997,0.3,10,10,500
1.58489e-08,3.76264,0.3,10,10,500
1.99526e-08,3.98625,0.3,10,10,500
2.51189e-08,4.19961,0.3,10,10,500
3.16228e-08,4.40189,0.3,10,10,500
3.98107e-08,4.59261,0.3,10,10,500
5.01187e-08,4.77157,0.3,10,10,500
6.30957e-08,4.93884,0.3,10,10,500
7.94328e-08,5.09471,0.3,10,10,500
1e-07,5.23961,0.3,10,10,500
1.25893e-07,5.37408,0.3,10,10,500
1.58489e-07,5.49867,0.3,10,10,500
1.99526e-07,5.61392,0.3,10,10,500
2.51189e-07,5.72027,0.3,10,10,500
3.16228e-07,5.81805,0.3,10,10,500
3.98107e-07,5.90749,0.3,10,10,500
5.01187e-07,5.98875,0.3,10,10,500
6.30957e-07,6.06194,0.3,10,10,500
7.94328e-07,6.12721,0.3,10,10,500
1e-06,6.18478,0.3,10,10,500
1.25893e-06,6.23499,0.3,10,10,500
1.58489e-06,6.27826,0.3,10,10,500
1.99526e-06,6.31515,0.3,10,10,500
2.51189e-06,6.34627,0.3,10,10,500
3.16228e-06,6.37228,0.3,10,10,500
3.98107e-06,6.39384,0.3,10,10,500
5.01187e-06,6.41157,0.3,10,10,500
6.30957e-06,6.42606,0.3,10,10,500
7.94328e-06,6.43785,0.3,10,10,500
1e-05,6.4474,0.3,10,10,500
1.25893e-05,6.4551,0.3,10,10,500
1.58489e-05,6.46129,0.3,10,10,500
1.99526e-05,6.46626,0.3,10,10,500
2.51189e-05,6.47023,0.3,10,10,500
3.16228e-05,6.47341,0.3,10,10,500
3.98107e-05,6.47595,0.3,10,10,500
5.01187e-05,6.47798,0.3,10,10,500
6.30957e-05,6.47959,0.3,10,10,500
7.94328e-05,6.48088,0.3,10,10,500
0.0001,6.4819,0.3,10,10,500
1e-09,1.23063,0.3,10,20,300
1.25893e-09,1.45703,0.3,10,20,300
1.58489e-09,1.71108,0.3,10,20,300
1.99526e-09,1.99209,0.3,10,20,300
2.51189e-09,2.29827,0.3,10,20,300
3.16228e-09,2.62668,0.3,10,20,300
3.98107e-09,2.97339,0.3,10,20,300
5.01187e-09,3.33359,0.3,10,20,300
6.30957e-09,3.70193,0.3,10,20,300
7.94328e-09,4.07284,0.3,10,20,300
1e-08,4.44084,0.3,10,20,300
1.25893e-08,4.80086,0.3,10,20,300
1.58489e-08,5.14846,0.3,10,20,300
1.99526e-08,5.47996,0.3,10,20,300
2.51189e-08,5.79257,0.3,10,20,300
3.16228e-08,6.08437,0.3,10,20,300
3.98107e-08,6.35432,0.3,10,20,300
5.01187e-08,6.60216,0.3,10,20,300
6.30957e-08,6.82836,0.3,10,20,300
7.94328e-08,7.03395,0.3,10,20,300
1e-07,7.22044,0.3,10,20,300
1.25893e-07,7.38963,0.3,10,20,300
1.58489e-07,7.54346,0.3,10,20,300
1.99526e-07,7.68386,0.3,10,20,300
2.51189e-07,7.81261,0.3,10,20,300
3.16228e-07,7.93122,0.3,10,20,300
3.98107e-07,8.04083,0.3,10,20,300
5.01187e-07,8.14223,0.3,10,20,300
6.30957e-07,8.23584,0.3,10,20,300
7.94328e-07,8.32181,0.3,10,20,300
1e-06,8.40013,0.3,10,20,300
1.25893e-06,8.47074,0.3,10,20,300
1.58489e-06,8.53364,0.3,10,20,300
1.99526e-06,8.58896,0.3,10,20,300
2.51189e-06,8.63699,0.3,10,20,300
3.16228e-06,8.67817,0.3,10,20,300
3.98107e-06,8.71308,0.3,10,20,300
5.01187e-06,8.74236,0.3,10,20,300
6.30957e-06,8.76669,0.3,10,20,300
7.94328e-06,8.78676,0.3,10,20,300
1e-05,8.80319,0.3,10,20,300
1.25893e-05,8.81657,0.3,10,20,300
1.58489e-05,8.82742,0.3,10,20,300
1.99526e-05,8.83618,0.3,10,20,300
2.51189e-05,8.84322,0.3,10,20,300
3.16228e-05,8.84888,0.3,10,20,300
3.98107e-05,8.85341,0.3,10,20,300
5.01187e-05,8.85704,0.3,10,20,300
6.30957e-05,8.85993,0.3,10,20,300
7.94328e-05,8.86224,0.3,10,20,300
0.0001,8.86408,0.3,10,20,300
1e-09,1.23063,0.3,10,20,400
1.25893e-09,1.45703,0.3,10,20,400
1.58489e-09,1.71108,0.3,10,20,400
1.99526e-09,1.99209,0.3,10,20,400
2.51189e-09,2.29827,0.3,10,20,400
3.16228e-09,2.62668,0.3,10,20,400
3.98107e-09,2.97339,0.3,10,20,400
5.01187e-09,3.33359,0.3,10,20,400
6.30957e-09,3.70193,0.3,10,20,400
7.94328e-09,4.07284,0.3,10,20,400
1e-08,4.44084,0.3,10,20,400
1.25893e-08,4.80086,0.3,10,20,400
1.58489e-08,5.14846,0.3,10,20,400
1.99526e-08,5.47996,0.3,10,20,400
2.51189e-08,5.79257,0.3,10,20,400
3.16228e-08,6.08437,0.3,10,20,400
3.98107e-08,6.35432,0.3,10,20,400
5.01187e-08,6.60216,0.3,10,20,400
6.30957e-08,6.82836,0.3,10,20,400
7.94328e-08,7.03395,0.3,10,20,400
1e-07,7.22044,0.3,10,20,400
1.25893e-07,7.38963,0.3,10,20,400
1.58489e-07,7.54346,0.3,10,20,400
1.99526e-07,7.68386,0.3,10,20,400
2.51189e-07,7.81261,0.3,10,20,400
3.16228e-07,7.93122,0.3,10,20,400
3.98107e-07,8.04083,0.3,10,20,400
5.01187e-07,8.14223,0.3,10,20,400
6.30957e-07,8.23584,0.3,10,20,400
7.94328e-07,8.32181,0.3,10,20,400
1e-06,8.40013,0.3,10,20,400
1.25893e-06,8.47074,0.3,10,20,400
1.58489e-06,8.53364,0.3,10,20,400
1.99526e-06,8.58896,0.3,10,20,400
2.51189e-06,8.63699,0.3,10,20,400
3.16228e-06,8.67817,0.3,10,20,400
3.98107e-06,8.71308,0.3,10,20,400
5.01187e-06,8.74236,0.3,10,20,400
6.30957e-06,8.76669,0.3,10,20,400
7.94328e-06,8.78676,0.3,10,20,400
1e-05,8.80319,0.3,10,20,400
1.25893e-05,8.81657,0.3,10,20,400
1.58489e-05,8.82742,0.3,10,20,400
1.99526e-05,8.83618,0.3,10,20,400
2.51189e-05,8.84322,0.3,10,20,400
3.16228e-05,8.84888,0.3,10,20,400
3.98107e-05,8.85341,0.3,10,20,400
5.01187e-05,8.85704,0.3,10,20,400
6.30957e-05,8.85993,0.3,10,20,400
7.94328e-05,8.86224,0.3,10,20,400
0.0001,8.86408,0.3,10,20,400
1e-09,1.23063,0.3,10,20,500
1.25893e-09,1.45703,0.3,10,20,500
1.58489e-09,1.71108,0.3,10,20,500
1.99526e-09,1.99209,0.3,10,20,500
2.51189e-09,2.29827,0.3,10,20,500
3.16228e-09,2.62668,0.3,10,20,500
3.98107e-09,2.97339,0.3,10,20,500
5.01187e-09,3.33359,0.3,10,20,500
6.30957e-09,3.70193,0.3,10,20,500
7.94328e-09,4.07284,0.3,10,20,500
1e-08,4.44084,0.3,10,20,500
1.25893e-08,4.80086,0.3,10,20,500
1.58489e-08,5.14846,0.3,10,20,500
1.99526e-08,5.47996,0.3,10,20,500
2.51189e-08,5.79257,0.3,10,20,500
3.16228e-08,6.08437,0.3,10,20,500
3.98107e-08,6.35432,0.3,10,20,500
5.01187e-08,6.60216,0.3,10,20,500
6.30957e-08,6.82836,0.3,10,20,500
7.94328e-08,7.03395,0.3,10,20,500
1e-07,7.22044,0.3,10,20,500
1.25893e-07,7.38963,0.3,10,20,500
1.58489e-07,7.54346,0.3,10,20,500
1.99526e-07,7.68386,0.3,10,20,500
2.51189e-07,7.81261,0.3,10,20,500
3.16228e-07,7.93122,0.3,10,20,500
3.98107e-07,8.04083,0.3,10,20,500
5.01187e-07,8.14223,0.3,10,20,500
6.30957e-07,8.23584,0.3,10,20,500
7.94328e-07,8.32181,0.3,10,20,500
1e-06,8.40013,0.3,10,20,500
1.25893e-06,8.47074,0.3,10,20,500
1.58489e-06,8.53364,0.3,10,20,500
1.99526e-06,8.58896,0.3,10,20,500
2.51189e-06,8.63699,0.3,10,20,500
3.16228e-06,8.67817,0.3,10,20,500
3.98107e-06,8.71308,0.3,10,20,500
5.01187e-06,8.74236,0.3,10,20,500
6.30957e-06,8.76669,0.3,10,20,500
7.94328e-06,8.78676,0.3,10,20,500
1e-05,8.80319,0.3,10,20,500
1.25893e-05,8.81657,0.3,10,20,500
1.58489e-05,8.82742,0.3,10,20,500
1.99526e-05,8.83618,0.3,10,20,500
2.51189e-05,8.84322,0.3,10,20,500
3.16228e-05,8.84888,0.3,10,20,500
3.98107e-05,8.85341,0.3,10,20,500
5.01187e-05,8.85704,0.3,10,20,500
6.30957e-05,8.85993,0.3,10,20,500
7.94328e-05,8.86224,0.3,10,20,500
0.0001,8.86408,0.3,10,20,500
1e-09,0.979286,0.3,20,2,300
1.25893e-09,1.16204,0.3,20,2,300
1.58489e-09,1.36856,0.3,20,2,300
1.99526e-09,1.59904,0.3,20,2,300
2.51189e-09,1.853,0.3,20,2,300
3.16228e-09,2.12924,0.3,20,2,300
3.98107e-09,2.42591,0.3,20,2,300
5.01187e-09,2.74065,0.3,20,2,300
6.30957e-09,3.07071,0.3,20,2,300
7.94328e-09,3.41316,0.3,20,2,300
1e-08,3.76508,0.3,20,2,300
1.25893e-08,4.12368,0.3,20,2,300
1.58489e-08,4.48644,0.3,20,2,300
1.99526e-08,4.85111,0.3,20,2,300
2.51189e-08,5.21571,0.3,20,2,300
3.16228e-08,5.57848,0.3,20,2,300
3.98107e-08,5.93782,0.3,20,2,300
5.01187e-08,6.2922,0.3,20,2,300
6.30957e-08,6.6401,0.3,20,2,300
7.94328e-08,6.98001,0.3,20,2,300
1e-07,7.31042,0.3,20,2,300
1.25893e-07,7.62982,0.3,20,2,300
1.58489e-07,7.93677,0.3,20,2,300
1.99526e-07,8.22989,0.3,20,2,300
2.51189e-07,8.50791,0.3,20,2,300
3.16228e-07,8.76964,0.3,20,2,300
3.98107e-07,9.01402,0.3,20,2,300
5.01187e-07,9.24017,0.3,20,2,300
6.30957e-07,9.44737,0.3,20,2,300
7.94328e-07,9.6352,0.3,20,2,300
1e-06,9.80354,0.3,20,2,300
1.25893e-06,9.95267,0.3,20,2,300
1.58489e-06,10.0832,0.3,20,2,300
1.99526e-06,10.1962,0.3,20,2,300
2.51189e-06,10.2928,0.3,20,2,300
3.16228e-06,10.3746,0.3,20,2,300
3.98107e-06,10.4432,0.3,20,2,300
5.01187e-06,10.5003,0.3,20,2,300
6.30957e-06,10.5473,0.3,20,2,300
7.94328e-06,10.5859,0.3,20,2,300
1e-05,10.6173,0.3,20,2,300
1.25893e-05,10.6428,0.3,20,2,300
1.58489e-05,10.6634,0.3,20,2,300
1.99526e-05,10.68,0.3,20,2,300
2.51189e-05,10.6933,0.3,20,2,300
3.16228e-05,10.704,0.3,20,2,300
3.98107e-05,10.7126,0.3,20,2,300
5.01187e-05,10.7194,0.3,20,2,300
6.30957e-05,10.7248,0.3,20,2,300
7.94328e-05,10.7292,0.3,20,2,300
0.0001,10.7326,0.3,20,2,300
1e-09,0.979286,0.3,20,2,400
1.25893e-09,1.16204,0.3,20,2,400
1.58489e-09,1.36856,0.3,20,2,400
1.99526e-09,1.59904,0.3,20,2,400
2.51189e-09,1.853,0.3,20,2,400
3.16228e-09,2.12924,0.3,20,2,400
3.98107e-09,2.42591,0.3,20,2,400
5.01187e-09,2.74065,0.3,20,2,400
6.30957e-09,3.07071,0.3,20,2,400
7.94328e-09,3.41316,0.3,20,2,400
1e-08,3.76508,0.3,20,2,400
1.25893e-08,4.12368,0.3,20,2,400
1.58489e-08,4.48644,0.3,20,2,400
1.99526e-08,4.85111,0.3,20,2,400
2.51189e-08,5.21571,0.3,20,2,400
3.16228e-08,5.57848,0.3,20,2,400
3.98107e-08,5.93782,0.3,20,2,400
5.01187e-08,6.2922,0.3,20,2,400
6.30957e-08,6.6401,0.3,20,2,400
7.94328e-08,6.98001,0.3,20,2,400
1e-07,7.31042,0.3,20,2,400
1.25893e-07,7.62982,0.3,20,2,400
1.58489e-07,7.93677,0.3,20,2,400
1.99526e-07,8.22989,0.3,20,2,400
2.51189e-07,8.50791,0.3,20,2,400
3.16228e-07,8.76964,0.3,20,2,400
3.98107e-07,9.01402,0.3,20,2,400
5.01187e-07,9.24017,0.3,20,2,400
6.30957e-07,9.44737,0.3,20,2,400
7.94328e-07,9.6352,0.3,20,2,400
1e-06,9.80354,0.3,20,2,400
1.25893e-06,9.95267,0.3,20,2,400
1.58489e-06,10.0832,0.3,20,2,400
1.99526e-06,10.1962,0.3,20,2,400
2.51189e-06,10.2928,0.3,20,2,400
3.16228e-06,10.3746,0.3,20,2,400
3.98107e-06,10.4432,0.3,20,2,400
5.01187e-06,10.5003,0.3,20,2,400
6.30957e-06,10.5473,0.3,20,2,400
7.94328e-06,10.5859,0.3,20,2,400
1e-05,10.6173,0.3,20,2,400
1.25893e-05,10.6428,0.3,20,2,400
1.58489e-05,10.6634,0.3,20,2,400
1.99526e-05,10.68,0.3,20,2,400
2.51189e-05,10.6933,0.3,20,2,400
3.16228e-05,10.704,0.3,20,2,400
3.98107e-05,10.7126,0.3,20,2,400
5.01187e-05,10.7194,0.3,20,2,400
6.30957e-05,10.7248,0.3,20,2,400
7.94328e-05,10.7292,0.3,20,2,400
0.0001,10.7326,0.3,20,2,400
1e-09,0.979286,0.3,20,2,500
1.25893e-09,1.16204,0.3,20,2,500
1.58489e-09,1.36856,0.3,20,2,500
1.99526e-09,1.59904,0.3,20,2,500
2.51189e-09,1.853,0.3,20,2,500
3.16228e-09,2.12924,0.3,20,2,500
3.98107e-09,2.42591,0.3,20,2,500
5.01187e-09,2.74065,0.3,20,2,500
6.30957e-09,3.07071,0.3,20,2,500
7.94328e-09,3.41316,0.3,20,2,500
1e-08,3.76508,0.3,20,2,500
1.25893e-08,4.12368,0.3,20,2,500
1.58489e-08,4.48644,0.3,20,2,500
1.99526e-08,4.85111,0.3,20,2,500
2.51189e-08,5.21571,0.3,20,2,500
3.16228e-08,5.57848,0.3,20,2,500
3.98107e-08,5.93782,0.3,20,2,500
5.01187e-08,6.2922,0.3,20,2,500
6.30957e-08,6.6401,0.3,20,2,500
7.94328e-08,6.98001,0.3,20,2,500
1e-07,7.31042,0.3,20,2,500
1.25893e-07,7.62982,0.3,20,2,500
1.58489e-07,7.93677,0.3,20,2,500
1.99526e-07,8.22989,0.3,20,2,500
2.51189e-07,8.50791,0.3,20,2,500
3.16228e-07,8.76964,0.3,20,2,500
3.98107e-07,9.01402,0.3,20,2,500
5.01187e-07,9.24017,0.3,20,2,500
6.30957e-07,9.44737,0.3,20,2,500
7.94328e-07,9.6352,0.3,20,2,500
1e-06,9.80354,0.3,20,2,500
1.25893e-06,9.95267,0.3,20,2,500
1.58489e-06,10.0832,0.3,20,2,500
1.99526e-06,10.1962,0.3,20,2,500
2.51189e-06,10.2928,0.3,20,2,500
3.16228e-06,10.3746,0.3,20,2,500
3.98107e-06,10.4432,0.3,20,2,500
5.01187e-06,10.5003,0.3,20,2,500
6.30957e-06,10.5473,0.3,20,2,500
7.94328e-06,10.5859,0.3,20,2,500
1e-05,10.6173,0.3,20,2,500
1.25893e-05,10.6428,0.3,20,2,500
1.58489e-05,10.6634,0.3,20,2,500
1.99526e-05,10.68,0.3,20,2,500
2.51189e-05,10.6933,0.3,20,2,500
3.16228e-05,10.704,0.3,20,2,500
3.98107e-05,10.7126,0.3,20,2,500
5.01187e-05,10.7194,0.3,20,2,500
6.30957e-05,10.7248,0.3,20,2,500
7.94328e-05,10.7292,0.3,20,2,500
0.0001,10.7326,0.3,20,2,500
1e-09,0.992847,0.3,20,5,300
1.25893e-09,1.17317,0.3,20,5,300
1.58489e-09,1.37522,0.3,20,5,300
1.99526e-09,1.59866,0.3,20,5,300
2.51189e-09,1.84242,0.3,20,5,300
3.16228e-09,2.10479,0.3,20,5,300
3.98107e-09,2.38349,0.3,20,5,300
5.01187e-09,2.67581,0.3,20,5,300
6.30957e-09,2.97885,0.3,20,5,300
7.94328e-09,3.28964,0.3,20,5,300
1e-08,3.60538,0.3,20,5,300
1.25893e-08,3.92348,0.3,20,5,300
1.58489e-08,4.24164,0.3,20,5,300
1.99526e-08,4.55787,0.3,20,5,300
2.51189e-08,4.87038,0.3,20,5,300
3.16228e-08,5.1776,0.3,20,5,300
3.98107e-08,5.47805,0.3,20,5,300
5.01187e-08,5.77033,0.3,20,5,300
6.30957e-08,6.05313,0.3,20,5,300
7.94328e-08,6.32518,0.3,20,5,300
1e-07,6.58535,0.3,20,5,300
1.25893e-07,6.83263,0.3,20,5,300
1.58489e-07,7.06621,0.3,20,5,300
1.99526e-07,7.28546,0.3,20,5,300
2.51189e-07,7.48995,0.3,20,5,300
3.16228e-07,7.67938,0.3,20,5,300
3.98107e-07,7.85362,0.3,20,5,300
5.01187e-07,8.01262,0.3,20,5,300
6.30957e-07,8.15646,0.3,20,5,300
7.94328e-07,8.28535,0.3,20,5,300
1e-06,8.39965,0.3,20,5,300
1.25893e-06,8.49994,0.3,20,5,300
1.58489e-06,8.58695,0.3,20,5,300
1.99526e-06,8.66163,0.3,20,5,300
2.51189e-06,8.72505,0.3,20,5,300
3.16228e-06,8.77839,0.3,20,5,300
3.98107e-06,8.82284,0.3,20,5,300
5.01187e-06,8.85961,0.3,20,5,300
6.30957e-06,8.8898,0.3,20,5,300
7.94328e-06,8.91445,0.3,20,5,300
1e-05,8.93447,0.3,20,5,300
1.25893e-05,8.95066,0.3,20,5,300
1.58489e-05,8.96372,0.3,20,5,300
1.99526e-05,8.97421,0.3,20,5,300
2.51189e-05,8.98263,0.3,20,5,300
3.16228e-05,8.98936,0.3,20,5,300
3.98107e-05,8.99475,0.3,20,5,300
5.01187e-05,8.99904,0.3,20,5,300
6.30957e-05,9.00247,0.3,20,5,300
7.94328e-05,9.0052,0.3,20,5,300
0.0001,9.00738,0.3,20,5,300
1e-09,0.992847,0.3,20,5,400
1.25893e-09,1.17317,0.3,20,5,400
1.58489e-09,1.37522,0.3,20,5,400
1.99526e-09,1.59866,0.3,20,5,400
2.51189e-09,1.84242,0.3,20,5,400
3.16228e-09,2.10479,0.3,20,5,400
3.98107e-09,2.38349,0.3,20,5,400
5.01187e-09,2.67581,0.3,20,5,400
6.30957e-09,2.97885,0.3,20,5,400
7.94328e-09,3.28964,0.3,20,5,400
1e-08,3.60538,0.3,20,5,400
1.25893e-08,3.92348,0.3,20,5,400
1.58489e-08,4.24164,0.3,20,5,400
1.99526e-08,4.55787,0.3,20,5,400
2.51189e-08,4.87038,0.3,20,5,400
3.16228e-08,5.1776,0.3,20,5,400
3.98107e-08,5.47805,0.3,20,5,400
5.01187e-08,5.77033,0.3,20,5,400
6.30957e-08,6.05313,0.3,20,5,400
7.94328e-08,6.32518,0.3,20,5,400
1e-07,6.58535,0.3,20,5,400
1.25893e-07,6.83263,0.3,20,5,400
1.58489e-07,7.06621,0.3,20,5,400
1.99526e-07,7.28546,0.3,20,5,400
2.51189e-07,7.48995,0.3,20,5,400
3.16228e-07,7.67938,0.3,20,5,400
3.98107e-07,7.85362,0.3,20,5,400
5.01187e-07,8.01262,0.3,20,5,400
6.30957e-07,8.15646,0.3,20,5,400
7.94328e-07,8.28535,0.3,20,5,400
1e-06,8.39965,0.3,20,5,400
1.25893e-06,8.49994,0.3,20,5,400
1.58489e-06,8.58695,0.3,20,5,400
1.99526e-06,8.66163,0.3,20,5,400
2.51189e-06,8.72505,0.3,20,5,400
3.16228e-06,8.77839,0.3,20,5,400
3.98107e-06,8.82284,0.3,20,5,400
5.01187e-06,8.85961,0.3,20,5,400
6.30957e-06,8.8898,0.3,20,5,400
7.94328e-06,8.91445,0.3,20,5,400
1e-05,8.93447,0.3,20,5,400
1.25893e-05,8.95066,0.3,20,5,400
1.58489e-05,8.96372,0.3,20,5,400
1.99526e-05,8.97421,0.3,20,5,400
2.51189e-05,8.98263,0.3,20,5,400
3.16228e-05,8.98936,0.3,20,5,400
3.98107e-05,8.99475,0.3,20,5,400
5.01187e-05,8.99904,0.3,20,5,400
6.30957e-05,9.00247,0.3,20,5,400
7.94328e-05,9.0052,0.3,20,5,400
0.0001,9.00738,0.3,20,5,400
1e-09,0.992847,0.3,20,5,500
1.25893e-09,1.17317,0.3,20,5,500
1.58489e-09,1.37522,0.3,20,5,500
1.99526e-09,1.59866,0.3,20,5,500
2.51189e-09,1.84242,0.3,20,5,500
3.16228e-09,2.10479,0.3,20,5,500
3.98107e-09,2.38349,0.3,20,5,500
5.01187e-09,2.67581,0.3,20,5,500
6.30957e-09,2.97885,0.3,20,5,500
7.94328e-09,3.28964,0.3,20,5,500
1e-08,3.60538,0.3,20,5,500
1.25893e-08,3.92348,0.3,20,5,500
1.58489e-08,4.24164,0.3,20,5,500
1.99526e-08,4.55787,0.3,20,5,500
2.51189e-08,4.87038,0.3,20,5,500
3.16228e-08,5.1776,0.3,20,5,500
3.98107e-08,5.47805,0.3,20,5,500
5.01187e-08,5.77033,0.3,20,5,500
6.30957e-08,6.05313,0.3,20,5,500
7.94328e-08,6.32518,0.3,20,5,500
1e-07,6.58535,0.3,20,5,500
1.25893e-07,6.83263,0.3,20,5,500
1.58489e-07,7.06621,0.3,20,5,500
1.99526e-07,7.28546,0.3,20,5,500
2.51189e-07,7.48995,0.3,20,5,500
3.16228e-07,7.67938,0.3,20,5,500
3.98107e-07,7.85362,0.3,20,5,500
5.01187e-07,8.01262,0.3,20,5,500
6.30957e-07,8.15646,0.3,20,5,500
7.94328e-07,8.28535,0.3,20,5,500
1e-06,8.39965,0.3,20,5,500
1.25893e-06,8.49994,0.3,20,5,500
1.58489e-06,8.58695,0.3,20,5,500
1.99526e-06,8.66163,0.3,20,5,500
2.51189e-06,8.72505,0.3,20,5,500
3.16228e-06,8.77839,0.3,20,5,500
3.98107e-06,8.82284,0.3,20,5,500
5.01187e-06,8.85961,0.3,20,5,500
6.30957e-06,8.8898,0.3,20,5,500
7.94328e-06,8.91445,0.3,20,5,500
1e-05,8.93447,0.3,20,5,500
1.25893e-05,8.95066,0.3,20,5,500
1.58489e-05,8.96372,0.3,20,5,500
1.99526e-05,8.97421,0.3,20,5,500
2.51189e-05,8.98263,0.3,20,5,500
3.16228e-05,8.98936,0.3,20,5,500
3.98107e-05,8.99475,0.3,20,5,500
5.01187e-05,8.99904,0.3,20,5,500
6.30957e-05,9.00247,0.3,20,5,500
7.94328e-05,9.0052,0.3,20,5,500
0.0001,9.00738,0.3,20,5,500
1e-09,1.06511,0.3,20,10,300
1.25893e-09,1.26105,0.3,20,10,300
1.58489e-09,1.4811,0.3,20,10,300
1.99526e-09,1.72489,0.3,20,10,300
2.51189e-09,1.99116,0.3,20,10,300
3.16228e-09,2.27783,0.3,20,10,300
3.98107e-09,2.58207,0.3,20,10,300
5.01187e-09,2.90045,0.3,20,10,300
6.30957e-09,3.22919,0.3,20,10,300
7.94328e-09,3.56441,0.3,20,10,300
1e-08,3.90236,0.3,20,10,300
1.25893e-08,4.23958,0.3,20,10,300
1.58489e-08,4.57301,0.3,20,10,300
1.99526e-08,4.90007,0.3,20,10,300
2.51189e-08,5.21861,0.3,20,10,300
3.16228e-08,5.52687,0.3,20,10,300
3.98107e-08,5.82347,0.3,20,10,300
5.01187e-08,6.10732,0.3,20,10,300
6.30957e-08,6.3776,0.3,20,10,300
7.94328e-08,6.63376,0.3,20,10,300
1e-07,6.87548,0.3,20,10,300
1.25893e-07,7.10265,0.3,20,10,300
1.58489e-07,7.31535,0.3,20,10,300
1.99526e-07,7.51378,0.3,20,10,300
2.51189e-07,7.69818,0.3,20,10,300
3.16228e-07,7.86883,0.3,20,10,300
3.98107e-07,8.02595,0.3,20,10,300
5.01187e-07,8.16972,0.3,20,10,300
6.30957e-07,8.30027,0.3,20,10,300
7.94328e-07,8.41775,0.3,20,10,300
1e-06,8.52241,0.3,20,10,300
1.25893e-06,8.61462,0.3,20,10,300
1.58489e-06,8.69493,0.3,20,10,300
1.99526e-06,8.7641,0.3,20,10,300
2.51189e-06,8.82301,0.3,20,10,300
3.16228e-06,8.87267,0.3,20,10,300
3.98107e-06,8.91415,0.3,20,10,300
5.01187e-06,8.9485,0.3,20,10,300
6.30957e-06,8.97675,0.3,20,10,300
7.94328e-06,8.99984,0.3,20,10,300
1e-05,9.01861,0.3,20,10,300
1.25893e-05,9.0338,0.3,20,10,300
1.58489e-05,9.04605,0.3,20,10,300
1.99526e-05,9.0559,0.3,20,10,300
2.51189e-05,9.06381,0.3,20,10,300
3.16228e-05,9.07014,0.3,20,10,300
3.98107e-05,9.0752,0.3,20,10,300
5.01187e-05,9.07923,0.3,20,10,300
6.30957e-05,9.08246,0.3,20,10,300
7.94328e-05,9.08502,0.3,20,10,300
0.0001,9.08707,0.3,20,10,300
1e-09,1.06511,0.3,20,10,400
1.25893e-09,1.26105,0.3,20,10,400
1.58489e-09,1.4811,0.3,20,10,400
1.99526e-09,1.72489,0.3,20,10,400
2.51189e-09,1.99116,0.3,20,10,400
3.16228e-09,2.27783,0.3,20,10,400
3.98107e-09,2.58207,0.3,20,10,400
5.01187e-09,2.90045,0.3,20,10,400
6.30957e-09,3.22919,0.3,20,10,400
7.94328e-09,3.56441,0.3,20,10,400
1e-08,3.90236,0.3,20,10,400
1.25893e-08,4.23958,0.3,20,10,400
1.58489e-08,4.57301,0.3,20,10,400
1.99526e-08,4.90007,0.3,20,10,400
2.51189e-08,5.21861,0.3,20,10,400
3.16228e-08,5.52687,0.3,20,10,400
3.98107e-08,5.82347,0.3,20,10,400
5.01187e-08,6.10732,0.3,20,10,400
6.30957e-08,6.3776,0.3,20,10,400
7.94328e-08,6.63376,0.3,20,10,400
1e-07,6.87548,0.3,20,10,400
1.25893e-07,7.10265,0.3,20,10,400
1.58489e-07,7.31535,0.3,20,10,400
1.99526e-07,7.51378,0.3,20,10,400
2.51189e-07,7.69818,0.3,20,10,400
3.16228e-07,7.86883,0.3,20,10,400
3.98107e-07,8.02595,0.3,20,10,400
5.01187e-07,8.16972,0.3,20,10,400
6.30957e-07,8.30027,0.3,20,10,400
7.94328e-07,8.41775,0.3,20,10,400
1e-06,8.52241,0.3,20,10,400
1.25893e-06,8.61462,0.3,20,10,400
1.58489e-06,8.69493,0.3,20,10,400
1.99526e-06,8.7641,0.3,20,10,400
2.51189e-06,8.82301,0.3,20,10,400
3.16228e-06,8.87267,0.3,20,10,400
3.98107e-06,8.91415,0.3,20,10,400
5.01187e-06,8.9485,0.3,20,10,400
6.30957e-06,8.97675,0.3,20,10,400
7.94328e-06,8.99984,0.3,20,10,400
1e-05,9.01861,0.3,20,10,400
1.25893e-05,9.0338,0.3,20,10,400
1.58489e-05,9.04605,0.3,20,10,400
1.99526e-05,9.0559,0.3,20,10,400
2.51189e-05,9.06381,0.3,20,10,400
3.16228e-05,9.07014,0.3,20,10,400
3.98107e-05,9.0752,0.3,20,10,400
5.01187e-05,9.07923,0.3,20,10,400
6.30957e-05,9.08246,0.3,20,10,400
7.94328e-05,9.08502,0.3,20,10,400
0.0001,9.08707,0.3,20,10,400
1e-09,1.06511,0.3,20,10,500
1.25893e-09,1.26105,0.3,20,10,500
1.58489e-09,1.4811,0.3,20,10,500
1.99526e-09,1.72489,0.3,20,10,500
2.51189e-09,1.99116,0.3,20,10,500
3.16228e-09,2.27783,0.3,20,10,500
3.98107e-09,2.58207,0.3,20,10,500
5.01187e-09,2.90045,0.3,20,10,500
6.30957e-09,3.22919,0.3,20,10,500
7.94328e-09,3.56441,0.3,20,10,500
1e-08,3.90236,0.3,20,10,500
1.25893e-08,4.23958,0.3,20,10,500
1.58489e-08,4.57301,0.3,20,10,500
1.99526e-08,4.90007,0.3,20,10,500
2.51189e-08,5.21861,0.3,20,10,500
3.16228e-08,5.52687,0.3,20,10,500
3.98107e-08,5.82347,0.3,20,10,500
5.01187e-08,6.10732,0.3,20,10,500
6.30957e-08,6.3776,0.3,20,10,500
7.94328e-08,6.63376,0.3,20,10,500
1e-07,6.87548,0.3,20,10,500
1.25893e-07,7.10265,0.3,20,10,500
1.58489e-07,7.31535,0.3,20,10,500
1.99526e-07,7.51378,0.3,20,10,500
2.51189e-07,7.69818,0.3,20,10,500
3.16228e-07,7.86883,0.3,20,10,500
3.98107e-07,8.02595,0.3,20,10,500
5.01187e-07,8.16972,0.3,20,10,500
6.30957e-07,8.30027,0.3,20,10,500
7.94328e-07,8.41775,0.3,20,10,500
1e-06,8.52241,0.3,20,10,500
1.25893e-06,8.61462,0.3,20,10,500
1.58489e-06,8.69493,0.3,20,10,500
1.99526e-06,8.7641,0.3,20,10,500
2.51189e-06,8.82301,0.3,20,10,500
3.16228e-06,8.87267,0.3,20,10,500
3.98107e-06,8.91415,0.3,20,10,500
5.01187e-06,8.9485,0.3,20,10,500
6.30957e-06,8.97675,0.3,20,10,500
7.94328e-06,8.99984,0.3,20,10,500
1e-05,9.01861,0.3,20,10,500
1.25893e-05,9.0338,0.3,20,10,500
1.58489e-05,9.04605,0.3,20,10,500
1.99526e-05,9.0559,0.3,20,10,500
2.51189e-05,9.06381,0.3,20,10,500
3.16228e-05,9.07014,0.3,20,10,500
3.98107e-05,9.0752,0.3,20,10,500
5.01187e-05,9.07923,0.3,20,10,500
6.30957e-05,9.08246,0.3,20,10,500
7.94328e-05,9.08502,0.3,20,10,500
0.0001,9.08707,0.3,20,10,500
1e-09,1.19515,0.3,20,20,300
1.25893e-09,1.42462,0.3,20,20,300
1.58489e-09,1.68543,0.3,20,20,300
1.99526e-09,1.978,0.3,20,20,300
2.51189e-09,2.30164,0.3,20,20,300
3.16228e-09,2.65448,0.3,20,20,300
3.98107e-09,3.0334,0.3,20,20,300
5.01187e-09,3.43414,0.3,20,20,300
6.30957e-09,3.85151,0.3,20,20,300
7.94328e-09,4.27973,0.3,20,20,300
1e-08,4.7127,0.3,20,20,300
1.25893e-08,5.14446,0.3,20,20,300
1.58489e-08,5.5694,0.3,20,20,300
1.99526e-08,5.98259,0.3,20,20,300
2.51189e-08,6.37986,0.3,20,20,300
3.16228e-08,6.7579,0.3,20,20,300
3.98107e-08,7.11429,0.3,20,20,300
5.01187e-08,7.44744,0.3,20,20,300
6.30957e-08,7.75657,0.3,20,20,300
7.94328e-08,8.04162,0.3,20,20,300
1e-07,8.30318,0.3,20,20,300
1.25893e-07,8.54239,0.3,20,20,300
1.58489e-07,8.76081,0.3,20,20,300
1.99526e-07,8.96029,0.3,20,20,300
2.51189e-07,9.14279,0.3,20,20,300
3.16228e-07,9.31024,0.3,20,20,300
3.98107e-07,9.46435,0.3,20,20,300
5.01187e-07,9.60649,0.3,20,20,300
6.30957e-07,9.73767,0.3,20,20,300
7.94328e-07,9.85847,0.3,20,20,300
1e-06,9.96918,0.3,20,20,300
1.25893e-06,10.0699,0.3,20,20,300
1.58489e-06,10.1605,0.3,20,20,300
1.99526e-06,10.2412,0.3,20,20,300
2.51189e-06,10.3121,0.3,20,20,300
3.16228e-06,10.3736,0.3,20,20,300
3.98107e-06,10.4263,0.3,20,20,300
5.01187e-06,10.471,0.3,20,20,300
6.30957e-06,10.5085,0.3,20,20,300
7.94328e-06,10.5396,0.3,20,20,300
1e-05,10.5653,0.3,20,20,300
1.25893e-05,10.5863,0.3,20,20,300
1.58489e-05,10.6035,0.3,20,20,300
1.99526e-05,10.6173,0.3,20,20,300
2.51189e-05,10.6285,0.3,20,20,300
3.16228e-05,10.6376,0.3,20,20,300
3.98107e-05,10.6448,0.3,20,20,300
5.01187e-05,10.6506,0.3,20,20,300
6.30957e-05,10.6552,0.3,20,20,300
7.94328e-05,10.6589,0.3,20,20,300
0.0001,10.6619,0.3,20,20,300
1e-09,1.19515,0.3,20,20,400
1.25893e-09,1.42462,0.3,20,20,400
1.58489e-09,1.68543,0.3,20,20,400
1.99526e-09,1.978,0.3,20,20,400
2.51189e-09,2.30164,0.3,20,20,400
3.16228e-09,2.65448,0.3,20,20,400
3.98107e-09,3.0334,0.3,20,20,400
5.01187e-09,3.43414,0.3,20,20,400
6.30957e-09,3.85151,0.3,20,20,400
7.94328e-09,4.27973,0.3,20,20,400
1e-08,4.7127,0.3,20,20,400
1.25893e-08,5.14446,0.3,20,20,400
1.58489e-08,5.5694,0.3,20,20,400
1.99526e-08,5.98259,0.3,20,20,400
2.51189e-08,6.37986,0.3,20,20,400
3.16228e-08,6.7579,0.3,20,20,400
3.98107e-08,7.11429,0.3,20,20,400
5.01187e-08,7.44744,0.3,20,20,400
6.30957e-08,7.75657,0.3,20,20,400
7.94328e-08,8.04162,0.3,20,20,400
1e-07,8.30318,0.3,20,20,400
1.25893e-07,8.54239,0.3,20,20,400
1.58489e-07,8.76081,0.3,20,20,400
1.99526e-07,8.96029,0.3,20,20,400
2.51189e-07,9.14279,0.3,20,20,400
3.16228e-07,9.31024,0.3,20,20,400
3.98107e-07,9.46435,0.3,20,20,400
5.01187e-07,9.60649,0.3,20,20,400
6.30957e-07,9.73767,0.3,20,20,400
7.94328e-07,9.85847,0.3,20,20,400
1e-06,9.96918,0.3,20,20,400
1.25893e-06,10.0699,0.3,20,20,400
1.58489e-06,10.1605,0.3,20,20,400
1.99526e-06,10.2412,0.3,20,20,400
2.51189e-06,10.3121,0.3,20,20,400
3.16228e-06,10.3736,0.3,20,20,400
3.98107e-06,10.4263,0.3,20,20,400
5.01187e-06,10.471,0.3,20,20,400
6.30957e-06,10.5085,0.3,20,20,400
7.94328e-06,10.5396,0.3,20,20,400
1e-05,10.5653,0.3,20,20,400
1.25893e-05,10.5863,0.3,20,20,400
1.58489e-05,10.6035,0.3,20,20,400
1.99526e-05,10.6173,0.3,20,20,400
2.51189e-05,10.6285,0.3,20,20,400
3.16228e-05,10.6376,0.3,20,20,400
3.98107e-05,10.6448,0.3,20,20,400
5.01187e-05,10.6506,0.3,20,20,400
6.30957e-05,10.6552,0.3,20,20,400
7.94328e-05,10.6589,0.3,20,20,400
0.0001,10.6619,0.3,20,20,400
1e-09,1.19515,0.3,20,20,500
1.25893e-09,1.42462,0.3,20,20,500
1.58489e-09,1.68543,0.3,20,20,500
1.99526e-09,1.978,0.3,20,20,500
2.51189e-09,2.30164,0.3,20,20,500
3.16228e-09,2.65448,0.3,20,20,500
3.98107e-09,3.0334,0.3,20,20,500
5.01187e-09,3.43414,0.3,20,20,500
6.30957e-09,3.85151,0.3,20,20,500
7.94328e-09,4.27973,0.3,20,20,500
1e-08,4.7127,0.3,20,20,500
1.25893e-08,5.14446,0.3,20,20,500
1.58489e-08,5.5694,0.3,20,20,500
1.99526e-08,5.98259,0.3,20,20,500
2.51189e-08,6.37986,0.3,20,20,500
3.16228e-08,6.7579,0.3,20,20,500
3.98107e-08,7.11429,0.3,20,20,500
5.01187e-08,7.44744,0.3,20,20,500
6.30957e-08,7.75657,0.3,20,20,500
7.94328e-08,8.04162,0.3,20,20,500
1e-07,8.30318,0.3,20,20,500
1.25893e-07,8.54239,0.3,20,20,500
1.58489e-07,8.76081,0.3,20,20,500
1.99526e-07,8.96029,0.3,20,20,500
2.51189e-07,9.14279,0.3,20,20,500
3.16228e-07,9.31024,0.3,20,20,500
3.98107e-07,9.46435,0.3,20,20,500
5.01187e-07,9.60649,0.3,20,20,500
6.30957e-07,9.73767,0.3,20,20,500
7.94328e-07,9.85847,0.3,20,20,500
1e-06,9.96918,0.3,20,20,500
1.25893e-06,10.0699,0.3,20,20,500
1.58489e-06,10.1605,0.3,20,20,500
1.99526e-06,10.2412,0.3,20,20,500
2.51189e-06,10.3121,0.3,20,20,500
3.16228e-06,10.3736,0.3,20,20,500
3.98107e-06,10.4263,0.3,20,20,500
5.01187e-06,10.471,0.3,20,20,500
6.30957e-06,10.5085,0.3,20,20,500
7.94328e-06,10.5396,0.3,20,20,500
1e-05,10.5653,0.3,20,20,500
1.25893e-05,10.5863,0.3,20,20,500
1.58489e-05,10.6035,0.3,20,20,500
1.99526e-05,10.6173,0.3,20,20,500
2.51189e-05,10.6285,0.3,20,20,500
3.16228e-05,10.6376,0.3,20,20,500
3.98107e-05,10.6448,0.3,20,20,500
5.01187e-05,10.6506,0.3,20,20,500
6.30957e-05,10.6552,0.3,20,20,500
7.94328e-05,10.6589,0.3,20,20,500
0.0001,10.6619,0.3,20,20,500
1e-09,0.622856,0.5,2,2,300
1.25893e-09,0.701383,0.5,2,2,300
1.58489e-09,0.785183,0.5,2,2,300
1.99526e-09,0.874275,0.5,2,2,300
2.51189e-09,0.968728,0.5,2,2,300
3.16228e-09,1.06865,0.5,2,2,300
3.98107e-09,1.1742,0.5,2,2,300
5.01187e-09,1.28554,0.5,2,2,300
6.30957e-09,1.40284,0.5,2,2,300
7.94328e-09,1.5263,0.5,2,2,300
1e-08,1.65607,0.5,2,2,300
1.25893e-08,1.79232,0.5,2,2,300
1.58489e-08,1.93517,0.5,2,2,300
1.99526e-08,2.08476,0.5,2,2,300
2.51189e-08,2.24117,0.5,2,2,300
3.16228e-08,2.40447,0.5,2,2,300
3.98107e-08,2.57469,0.5,2,2,300
5.01187e-08,2.75182,0.5,2,2,300
6.30957e-08,2.93577,0.5,2,2,300
7.94328e-08,3.12636,0.5,2,2,300
1e-07,3.32328,0.5,2,2,300
1.25893e-07,3.52606,0.5,2,2,300
1.58489e-07,3.73407,0.5,2,2,300
1.99526e-07,3.94648,0.5,2,2,300
2.51189e-07,4.1623,0.5,2,2,300
3.16228e-07,4.38036,0.5,2,2,300
3.98107e-07,4.59937,0.5,2,2,300
5.01187e-07,4.81788,0.5,2,2,300
6.30957e-07,5.03437,0.5,2,2,300
7.94328e-07,5.24718,0.5,2,2,300
1e-06,5.45458,0.5,2,2,300
1.25893e-06,5.65477,0.5,2,2,300
1.58489e-06,5.84593,0.5,2,2,300
1.99526e-06,6.02629,0.5,2,2,300
2.51189e-06,6.19425,0.5,2,2,300
3.16228e-06,6.34849,0.5,2,2,300
3.98107e-06,6.4881,0.5,2,2,300
5.01187e-06,6.61262,0.5,2,2,300
6.30957e-06,6.7221,0.5,2,2,300
7.94328e-06,6.81702,0.5,2,2,300
1e-05,6.89829,0.5,2,2,300
1.25893e-05,6.96705,0.5,2,2,300
1.58489e-05,7.02464,0.5,2,2,300
1.99526e-05,7.07242,0.5,2,2,300
2.51189e-05,7.11177,0.5,2,2,300
3.16228e-05,7.14397,0.5,2,2,300
3.98107e-05,7.17016,0.5,2,2,300
5.01187e-05,7.19137,0.5,2,2,300
6.30957e-05,7.20848,0.5,2,2,300
7.94328e-05,7.22225,0.5,2,2,300
0.0001,7.23329,0.5,2,2,300
1e-09,0.622856,0.5,2,2,400
1.25893e-09,0.701383,0.5,2,2,400
1.58489e-09,0.785183,0.5,2,2,400
1.99526e-09,0.874275,0.5,2,2,400
2.51189e-09,0.968728,0.5,2,2,400
3.16228e-09,1.06865,0.5,2,2,400
3.98107e-09,1.1742,0.5,2,2,400
5.01187e-09,1.28554,0.5,2,2,400
6.30957e-09,1.40284,0.5,2,2,400
7.94328e-09,1.5263,0.5,2,2,400
1e-08,1.65607,0.5,2,2,400
1.25893e-08,1.79232,0.5,2,2,400
1.58489e-08,1.93517,0.5,2,2,400
1.99526e-08,2.08476,0.5,2,2,400
2.51189e-08,2.24117,0.5,2,2,400
3.16228e-08,2.40447,0.5,2,2,400
3.98107e-08,2.57469,0.5,2,2,400
5.01187e-08,2.75182,0.5,2,2,400
6.30957e-08,2.93577,0.5,2,2,400
7.94328e-08,3.12636,0.5,2,2,400
1e-07,3.32328,0.5,2,2,400
1.25893e-07,3.52606,0.5,2,2,400
1.58489e-07,3.73407,0.5,2,2,400
1.99526e-07,3.94648,0.5,2,2,400
2.51189e-07,4.1623,0.5,2,2,400
3.16228e-07,4.38036,0.5,2,2,400
3.98107e-07,4.59937,0.5,2,2,400
5.01187e-07,4.81788,0.5,2,2,400
6.30957e-07,5.03437,0.5,2,2,400
7.94328e-07,5.24718,0.5,2,2,400
1e-06,5.45458,0.5,2,2,400
1.25893e-06,5.65477,0.5,2,2,400
1.58489e-06,5.84593,0.5,2,2,400
1.99526e-06,6.02629,0.5,2,2,400
2.51189e-06,6.19425,0.5,2,2,400
3.16228e-06,6.34849,0.5,2,2,400
3.98107e-06,6.4881,0.5,2,2,400
5.01187e-06,6.61262,0.5,2,2,400
6.30957e-06,6.7221,0.5,2,2,400
7.94328e-06,6.81702,0.5,2,2,400
1e-05,6.89829,0.5,2,2,400
1.25893e-05,6.96705,0.5,2,2,400
1.58489e-05,7.02464,0.5,2,2,400
1.99526e-05,7.07242,0.5,2,2,400
2.51189e-05,7.11177,0.5,2,2,400
3.16228e-05,7.14397,0.5,2,2,400
3.98107e-05,7.17016,0.5,2,2,400
5.01187e-05,7.19137,0.5,2,2,400
6.30957e-05,7.20848,0.5,2,2,400
7.94328e-05,7.22225,0.5,2,2,400
0.0001,7.23329,0.5,2,2,400
1e-09,0.622856,0.5,2,2,500
1.25893e-09,0.701383,0.5,2,2,500
1.58489e-09,0.785183,0.5,2,2,500
1.99526e-09,0.874275,0.5,2,2,500
2.51189e-09,0.968728,0.5,2,2,500
3.16228e-09,1.06865,0.5,2,2,500
3.98107e-09,1.1742,0.5,2,2,500
5.01187e-09,1.28554,0.5,2,2,500
6.30957e-09,1.40284,0.5,2,2,500
7.94328e-09,1.5263,0.5,2,2,500
1e-08,1.65607,0.5,2,2,500
1.25893e-08,1.79232,0.5,2,2,500
1.58489e-08,1.93517,0.5,2,2,500
1.99526e-08,2.08476,0.5,2,2,500
2.51189e-08,2.24117,0.5,2,2,500
3.16228e-08,2.40447,0.5,2,2,500
3.98107e-08,2.57469,0.5,2,2,500
5.01187e-08,2.75182,0.5,2,2,500
6.30957e-08,2.93577,0.5,2,2,500
7.94328e-08,3.12636,0.5,2,2,500
1e-07,3.32328,0.5,2,2,500
1.25893e-07,3.52606,0.5,2,2,500
1.58489e-07,3.73407,0.5,2,2,500
1.99526e-07,3.94648,0.5,2,2,500
2.51189e-07,4.1623,0.5,2,2,500
3.16228e-07,4.38036,0.5,2,2,500
3.98107e-07,4.59937,0.5,2,2,500
5.01187e-07,4.81788,0.5,2,2,500
6.30957e-07,5.03437,0.5,2,2,500
7.94328e-07,5.24718,0.5,2,2,500
1e-06,5.45458,0.5,2,2,500
1.25893e-06,5.65477,0.5,2,2,500
1.58489e-06,5.84593,0.5,2,2,500
1.99526e-06,6.02629,0.5,2,2,500
2.51189e-06,6.19425,0.5,2,2,500
3.16228e-06,6.34849,0.5,2,2,500
3.98107e-06,6.4881,0.5,2,2,500
5.01187e-06,6.61262,0.5,2,2,500
6.30957e-06,6.7221,0.5,2,2,500
7.94328e-06,6.81702,0.5,2,2,500
1e-05,6.89829,0.5,2,2,500
1.25893e-05,6.96705,0.5,2,2,500
1.58489e-05,7.02464,0.5,2,2,500
1.99526e-05,7.07242,0.5,2,2,500
2.51189e-05,7.11177,0.5,2,2,500
3.16228e-05,7.14397,0.5,2,2,500
3.98107e-05,7.17016,0.5,2,2,500
5.01187e-05,7.19137,0.5,2,2,500
6.30957e-05,7.20848,0.5,2,2,500
7.94328e-05,7.22225,0.5,2,2,500
0.0001,7.23329,0.5,2,2,500
1e-09,0.734712,0.5,2,5,300
1.25893e-09,0.829286,0.5,2,5,300
1.58489e-09,0.929331,0.5,2,5,300
1.99526e-09,1.03437,0.5,2,5,300
2.51189e-09,1.14393,0.5,2,5,300
3.16228e-09,1.25757,0.5,2,5,300
3.98107e-09,1.37486,0.5,2,5,300
5.01187e-09,1.49537,0.5,2,5,300
6.30957e-09,1.61866,0.5,2,5,300
7.94328e-09,1.74427,0.5,2,5,300
1e-08,1.87168,0.5,2,5,300
1.25893e-08,2.00033,0.5,2,5,300
1.58489e-08,2.12961,0.5,2,5,300
1.99526e-08,2.25886,0.5,2,5,300
2.51189e-08,2.38739,0.5,2,5,300
3.16228e-08,2.51451,0.5,2,5,300
3.98107e-08,2.63954,0.5,2,5,300
5.01187e-08,2.76184,0.5,2,5,300
6.30957e-08,2.8808,0.5,2,5,300
7.94328e-08,2.99588,0.5,2,5,300
1e-07,3.1066,0.5,2,5,300
1.25893e-07,3.21254,0.5,2,5,300
1.58489e-07,3.31332,0.5,2,5,300
1.99526e-07,3.40862,0.5,2,5,300
2.51189e-07,3.49815,0.5,2,5,300
3.16228e-07,3.58164,0.5,2,5,300
3.98107e-07,3.65888,0.5,2,5,300
5.01187e-07,3.72967,0.5,2,5,300
6.30957e-07,3.79388,0.5,2,5,300
7.94328e-07,3.8515,0.5,2,5,300
1e-06,3.90257,0.5,2,5,300
1.25893e-06,3.94731,0.5,2,5,300
1.58489e-06,3.98602,0.5,2,5,300
1.99526e-06,4.01914,0.5,2,5,300
2.51189e-06,4.04716,0.5,2,5,300
3.16228e-06,4.07064,0.5,2,5,300
3.98107e-06,4.09013,0.5,2,5,300
5.01187e-06,4.1062,0.5,2,5,300
6.30957e-06,4.11936,0.5,2,5,300
7.94328e-06,4.13007,0.5,2,5,300
1e-05,4.13875,0.5,2,5,300
1.25893e-05,4.14576,0.5,2,5,300
1.58489e-05,4.1514,0.5,2,5,300
1.99526e-05,4.15593,0.5,2,5,300
2.51189e-05,4.15956,0.5,2,5,300
3.16228e-05,4.16246,0.5,2,5,300
3.98107e-05,4.16477,0.5,2,5,300
5.01187e-05,4.16662,0.5,2,5,300
6.30957e-05,4.16809,0.5,2,5,300
7.94328e-05,4.16927,0.5,2,5,300
0.0001,4.1702,0.5,2,5,300
1e-09,0.734712,0.5,2,5,400
1.25893e-09,0.829286,0.5,2,5,400
1.58489e-09,0.929331,0.5,2,5,400
1.99526e-09,1.03437,0.5,2,5,400
2.51189e-09,1.14393,0.5,2,5,400
3.16228e-09,1.25757,0.5,2,5,400
3.98107e-09,1.37486,0.5,2,5,400
5.01187e-09,1.49537,0.5,2,5,400
6.30957e-09,1.61866,0.5,2,5,400
7.94328e-09,1.74427,0.5,2,5,400
1e-08,1.87168,0.5,2,5,400
1.25893e-08,2.00033,0.5,2,5,400
1.58489e-08,2.12961,0.5,2,5,400
1.99526e-08,2.25886,0.5,2,5,400
2.51189e-08,2.38739,0.5,2,5,400
3.16228e-08,2.51451,0.5,2,5,400
3.98107e-08,2.63954,0.5,2,5,400
5.01187e-08,2.76184,0.5,2,5,400
6.30957e-08,2.8808,0.5,2,5,400
7.94328e-08,2.99588,0.5,2,5,400
1e-07,3.1066,0.5,2,5,400
1.25893e-07,3.21254,0.5,2,5,400
1.58489e-07,3.31332,0.5,2,5,400
1.99526e-07,3.40862,0.5,2,5,400
2.51189e-07,3.49815,0.5,2,5,400
3.16228e-07,3.58164,0.5,2,5,400
3.98107e-07,3.65888,0.5,2,5,400
5.01187e-07,3.72967,0.5,2,5,400
6.30957e-07,3.79388,0.5,2,5,400
7.94328e-07,3.8515,0.5,2,5,400
1e-06,3.90257,0.5,2,5,400
1.25893e-06,3.94731,0.5,2,5,400
1.58489e-06,3.98602,0.5,2,5,400
1.99526e-06,4.01914,0.5,2,5,400
2.51189e-06,4.04716,0.5,2,5,400
3.16228e-06,4.07064,0.5,2,5,400
3.98107e-06,4.09013,0.5,2,5,400
5.01187e-06,4.1062,0.5,2,5,400
6.30957e-06,4.11936,0.5,2,5,400
7.94328e-06,4.13007,0.5,2,5,400
1e-05,4.13875,0.5,2,5,400
1.25893e-05,4.14576,0.5,2,5,400
1.58489e-05,4.1514,0.5,2,5,400
1.99526e-05,4.15593,0.5,2,5,400
2.51189e-05,4.15956,0.5,2,5,400
3.16228e-05,4.16246,0.5,2,5,400
3.98107e-05,4.16477,0.5,2,5,400
5.01187e-05,4.16662,0.5,2,5,400
6.30957e-05,4.16809,0.5,2,5,400
7.94328e-05,4.16927,0.5,2,5,400
0.0001,4.1702,0.5,2,5,400
1e-09,0.734712,0.5,2,5,500
1.25893e-09,0.829286,0.5,2,5,500
1.58489e-09,0.929331,0.5,2,5,500
1.99526e-09,1.03437,0.5,2,5,500
2.51189e-09,1.14393,0.5,2,5,500
3.16228e-09,1.25757,0.5,2,5,500
3.98107e-09,1.37486,0.5,2,5,500
5.01187e-09,1.49537,0.5,2,5,500
6.30957e-09,1.61866,0.5,2,5,500
7.94328e-09,1.74427,0.5,2,5,500
1e-08,1.87168,0.5,2,5,500
1.25893e-08,2.00033,0.5,2,5,500
1.58489e-08,2.12961,0.5,2,5,500
1.99526e-08,2.25886,0.5,2,5,500
2.51189e-08,2.38739,0.5,2,5,500
3.16228e-08,2.51451,0.5,2,5,500
3.98107e-08,2.63954,0.5,2,5,500
5.01187e-08,2.76184,0.5,2,5,500
6.30957e-08,2.8808,0.5,2,5,500
7.94328e-08,2.99588,0.5,2,5,500
1e-07,3.1066,0.5,2,5,500
1.25893e-07,3.21254,0.5,2,5,500
1.58489e-07,3.31332,0.5,2,5,500
1.99526e-07,3.40862,0.5,2,5,500
2.51189e-07,3.49815,0.5,2,5,500
3.16228e-07,3.58164,0.5,2,5,500
3.98107e-07,3.65888,0.5,2,5,500
5.01187e-07,3.72967,0.5,2,5,500
6.30957e-07,3.79388,0.5,2,5,500
7.94328e-07,3.8515,0.5,2,5,500
1e-06,3.90257,0.5,2,5,500
1.25893e-06,3.94731,0.5,2,5,500
1.58489e-06,3.98602,0.5,2,5,500
1.99526e-06,4.01914,0.5,2,5,500
2.51189e-06,4.04716,0.5,2,5,500
3.16228e-06,4.07064,0.5,2,5,500
3.98107e-06,4.09013,0.5,2,5,500
5.01187e-06,4.1062,0.5,2,5,500
6.30957e-06,4.11936,0.5,2,5,500
7.94328e-06,4.13007,0.5,2,5,500
1e-05,4.13875,0.5,2,5,500
1.25893e-05,4.14576,0.5,2,5,500
1.58489e-05,4.1514,0.5,2,5,500
1.99526e-05,4.15593,0.5,2,5,500
2.51189e-05,4.15956,0.5,2,5,500
3.16228e-05,4.16246,0.5,2,5,500
3.98107e-05,4.16477,0.5,2,5,500
5.01187e-05,4.16662,0.5,2,5,500
6.30957e-05,4.16809,0.5,2,5,500
7.94328e-05,4.16927,0.5,2,5,500
0.0001,4.1702,0.5,2,5,500
1e-09,0.957597,0.5,2,10,300
1.25893e-09,1.09685,0.5,2,10,300
1.58489e-09,1.24604,0.5,2,10,300
1.99526e-09,1.40411,0.5,2,10,300
2.51189e-09,1.56983,0.5,2,10,300
3.16228e-09,1.74193,0.5,2,10,300
3.98107e-09,1.91911,0.5,2,10,300
5.01187e-09,2.1001,0.5,2,10,300
6.30957e-09,2.28364,0.5,2,10,300
7.94328e-09,2.46849,0.5,2,10,300
1e-08,2.65341,0.5,2,10,300
1.25893e-08,2.83714,0.5,2,10,300
1.58489e-08,3.01843,0.5,2,10,300
1.99526e-08,3.19606,0.5,2,10,300
2.51189e-08,3.36889,0.5,2,10,300
3.16228e-08,3.53589,0.5,2,10,300
3.98107e-08,3.69618,0.5,2,10,300
5.01187e-08,3.84906,0.5,2,10,300
6.30957e-08,3.99403,0.5,2,10,300
7.94328e-08,4.13079,0.5,2,10,300
1e-07,4.25917,0.5,2,10,300
1.25893e-07,4.37913,0.5,2,10,300
1.58489e-07,4.4907,0.5,2,10,300
1.99526e-07,4.59394,0.5,2,10,300
2.51189e-07,4.68891,0.5,2,10,300
3.16228e-07,4.7757,0.5,2,10,300
3.98107e-07,4.8544,0.5,2,10,300
5.01187e-07,4.92516,0.5,2,10,300
6.30957e-07,4.98818,0.5,2,10,300
7.94328e-07,5.04376,0.5,2,10,300
1e-06,5.09227,0.5,2,10,300
1.25893e-06,5.13418,0.5,2,10,300
1.58489e-06,5.17003,0.5,2,10,300
1.99526e-06,5.20039,0.5,2,10,300
2.51189e-06,5.22587,0.5,2,10,300
3.16228e-06,5.24709,0.5,2,10,300
3.98107e-06,5.26462,0.5,2,10,300
5.01187e-06,5.27902,0.5,2,10,300
6.30957e-06,5.29076,0.5,2,10,300
7.94328e-06,5.30031,0.5,2,10,300
1e-05,5.30803,0.5,2,10,300
1.25893e-05,5.31425,0.5,2,10,300
1.58489e-05,5.31925,0.5,2,10,300
1.99526e-05,5.32327,0.5,2,10,300
2.51189e-05,5.32648,0.5,2,10,300
3.16228e-05,5.32905,0.5,2,10,300
3.98107e-05,5.3311,0.5,2,10,300
5.01187e-05,5.33273,0.5,2,10,300
6.30957e-05,5.33403,0.5,2,10,300
7.94328e-05,5.33507,0.5,2,10,300
0.0001,5.3359,0.5,2,10,300
1e-09,0.957597,0.5,2,10,400
1.25893e-09,1.09685,0.5,2,10,400
1.58489e-09,1.24604,0.5,2,10,400
1.99526e-09,1.40411,0.5,2,10,400
2.51189e-09,1.56983,0.5,2,10,400
3.16228e-09,1.74193,0.5,2,10,400
3.98107e-09,1.91911,0.5,2,10,400
5.01187e-09,2.1001,0.5,2,10,400
6.30957e-09,2.28364,0.5,2,10,400
7.94328e-09,2.46849,0.5,2,10,400
1e-08,2.65341,0.5,2,10,400
1.25893e-08,2.83714,0.5,2,10,400
1.58489e-08,3.01843,0.5,2,10,400
1.99526e-08,3.19606,0.5,2,10,400
2.51189e-08,3.36889,0.5,2,10,400
3.16228e-08,3.53589,0.5,2,10,400
3.98107e-08,3.69618,0.5,2,10,400
5.01187e-08,3.84906,0.5,2,10,400
6.30957e-08,3.99403,0.5,2,10,400
7.94328e-08,4.13079,0.5,2,10,400
1e-07,4.25917,0.5,2,10,400
1.25893e-07,4.37913,0.5,2,10,400
1.58489e-07,4.4907,0.5,2,10,400
1.99526e-07,4.59394,0.5,2,10,400
2.51189e-07,4.68891,0.5,2,10,400
3.16228e-07,4.7757,0.5,2,10,400
3.98107e-07,4.8544,0.5,2,10,400
5.01187e-07,4.92516,0.5,2,10,400
6.30957e-07,4.98818,0.5,2,10,400
7.94328e-07,5.04376,0.5,2,10,400
1e-06,5.09227,0.5,2,10,400
1.25893e-06,5.13418,0.5,2,10,400
1.58489e-06,5.17003,0.5,2,10,400
1.99526e-06,5.20039,0.5,2,10,400
2.51189e-06,5.22587,0.5,2,10,400
3.16228e-06,5.24709,0.5,2,10,400
3.98107e-06,5.26462,0.5,2,10,400
5.01187e-06,5.27902,0.5,2,10,400
6.30957e-06,5.29076,0.5,2,10,400
7.94328e-06,5.30031,0.5,2,10,400
1e-05,5.30803,0.5,2,10,400
1.25893e-05,5.31425,0.5,2,10,400
1.58489e-05,5.31925,0.5,2,10,400
1.99526e-05,5.32327,0.5,2,10,400
2.51189e-05,5.32648,0.5,2,10,400
3.16228e-05,5.32905,0.5,2,10,400
3.98107e-05,5.3311,0.5,2,10,400
5.01187e-05,5.33273,0.5,2,10,400
6.30957e-05,5.33403,0.5,2,10,400
7.94328e-05,5.33507,0.5,2,10,400
0.0001,5.3359,0.5,2,10,400
1e-09,0.957597,0.5,2,10,500
1.25893e-09,1.09685,0.5,2,10,500
1.58489e-09,1.24604,0.5,2,10,500
1.99526e-09,1.40411,0.5,2,10,500
2.51189e-09,1.56983,0.5,2,10,500
3.16228e-09,1.74193,0.5,2,10,500
3.98107e-09,1.91911,0.5,2,10,500
5.01187e-09,2.1001,0.5,2,10,500
6.30957e-09,2.28364,0.5,2,10,500
7.94328e-09,2.46849,0.5,2,10,500
1e-08,2.65341,0.5,2,10,500
1.25893e-08,2.83714,0.5,2,10,500
1.58489e-08,3.01843,0.5,2,10,500
1.99526e-08,3.19606,0.5,2,10,500
2.51189e-08,3.36889,0.5,2,10,500
3.16228e-08,3.53589,0.5,2,10,500
3.98107e-08,3.69618,0.5,2,10,500
5.01187e-08,3.84906,0.5,2,10,500
6.30957e-08,3.99403,0.5,2,10,500
7.94328e-08,4.13079,0.5,2,10,500
1e-07,4.25917,0.5,2,10,500
1.25893e-07,4.37913,0.5,2,10,500
1.58489e-07,4.4907,0.5,2,10,500
1.99526e-07,4.59394,0.5,2,10,500
2.51189e-07,4.68891,0.5,2,10,500
3.16228e-07,4.7757,0.5,2,10,500
3.98107e-07,4.8544,0.5,2,10,500
5.01187e-07,4.92516,0.5,2,10,500
6.30957e-07,4.98818,0.5,2,10,500
7.94328e-07,5.04376,0.5,2,10,500
1e-06,5.09227,0.5,2,10,500
1.25893e-06,5.13418,0.5,2,10,500
1.58489e-06,5.17003,0.5,2,10,500
1.99526e-06,5.20039,0.5,2,10,500
2.51189e-06,5.22587,0.5,2,10,500
3.16228e-06,5.24709,0.5,2,10,500
3.98107e-06,5.26462,0.5,2,10,500
5.01187e-06,5.27902,0.5,2,10,500
6.30957e-06,5.29076,0.5,2,10,500
7.94328e-06,5.30031,0.5,2,10,500
1e-05,5.30803,0.5,2,10,500
1.25893e-05,5.31425,0.5,2,10,500
1.58489e-05,5.31925,0.5,2,10,500
1.99526e-05,5.32327,0.5,2,10,500
2.51189e-05,5.32648,0.5,2,10,500
3.16228e-05,5.32905,0.5,2,10,500
3.98107e-05,5.3311,0.5,2,10,500
5.01187e-05,5.33273,0.5,2,10,500
6.30957e-05,5.33403,0.5,2,10,500
7.94328e-05,5.33507,0.5,2,10,500
0.0001,5.3359,0.5,2,10,500
1e-09,1.23625,0.5,2,20,300
1.25893e-09,1.44644,0.5,2,20,300
1.58489e-09,1.6785,0.5,2,20,300
1.99526e-09,1.93135,0.5,2,20,300
2.51189e-09,2.20322,0.5,2,20,300
3.16228e-09,2.49182,0.5,2,20,300
3.98107e-09,2.79442,0.5,2,20,300
5.01187e-09,3.10806,0.5,2,20,300
6.30957e-09,3.42965,0.5,2,20,300
7.94328e-09,3.75613,0.5,2,20,300
1e-08,4.0845,0.5,2,20,300
1.25893e-08,4.41187,0.5,2,20,300
1.58489e-08,4.73548,0.5,2,20,300
1.99526e-08,5.05272,0.5,2,20,300
2.51189e-08,5.36116,0.5,2,20,300
3.16228e-08,5.65859,0.5,2,20,300
3.98107e-08,5.9431,0.5,2,20,300
5.01187e-08,6.21314,0.5,2,20,300
6.30957e-08,6.46756,0.5,2,20,300
7.94328e-08,6.70567,0.5,2,20,300
1e-07,6.92717,0.5,2,20,300
1.25893e-07,7.13216,0.5,2,20,300
1.58489e-07,7.32101,0.5,2,20,300
1.99526e-07,7.49429,0.5,2,20,300
2.51189e-07,7.65265,0.5,2,20,300
3.16228e-07,7.79676,0.5,2,20,300
3.98107e-07,7.92725,0.5,2,20,300
5.01187e-07,8.04468,0.5,2,20,300
6.30957e-07,8.1496,0.5,2,20,300
7.94328e-07,8.24253,0.5,2,20,300
1e-06,8.32409,0.5,2,20,300
1.25893e-06,8.39495,0.5,2,20,300
1.58489e-06,8.45588,0.5,2,20,300
1.99526e-06,8.50776,0.5,2,20,300
2.51189e-06,8.55149,0.5,2,20,300
3.16228e-06,8.58804,0.5,2,20,300
3.98107e-06,8.61833,0.5,2,20,300
5.01187e-06,8.64327,0.5,2,20,300
6.30957e-06,8.66367,0.5,2,20,300
7.94328e-06,8.68026,0.5,2,20,300
1e-05,8.69371,0.5,2,20,300
1.25893e-05,8.70456,0.5,2,20,300
1.58489e-05,8.71329,0.5,2,20,300
1.99526e-05,8.7203,0.5,2,20,300
2.51189e-05,8.72591,0.5,2,20,300
3.16228e-05,8.7304,0.5,2,20,300
3.98107e-05,8.73399,0.5,2,20,300
5.01187e-05,8.73685,0.5,2,20,300
6.30957e-05,8.73913,0.5,2,20,300
7.94328e-05,8.74094,0.5,2,20,300
0.0001,8.74239,0.5,2,20,300
1e-09,1.23625,0.5,2,20,400
1.25893e-09,1.44644,0.5,2,20,400
1.58489e-09,1.6785,0.5,2,20,400
1.99526e-09,1.93135,0.5,2,20,400
2.51189e-09,2.20322,0.5,2,20,400
3.16228e-09,2.49182,0.5,2,20,400
3.98107e-09,2.79442,0.5,2,20,400
5.01187e-09,3.10806,0.5,2,20,400
6.30957e-09,3.42965,0.5,2,20,400
7.94328e-09,3.75613,0.5,2,20,400
1e-08,4.0845,0.5,2,20,400
1.25893e-08,4.41187,0.5,2,20,400
1.58489e-08,4.73548,0.5,2,20,400
1.99526e-08,5.05272,0.5,2,20,400
2.51189e-08,5.36116,0.5,2,20,400
3.16228e-08,5.65859,0.5,2,20,400
3.98107e-08,5.9431,0.5,2,20,400
5.01187e-08,6.21314,0.5,2,20,400
6.30957e-08,6.46756,0.5,2,20,400
7.94328e-08,6.70567,0.5,2,20,400
1e-07,6.92717,0.5,2,20,400
1.25893e-07,7.13216,0.5,2,20,400
1.58489e-07,7.32101,0.5,2,20,400
1.99526e-07,7.49429,0.5,2,20,400
2.51189e-07,7.65265,0.5,2,20,400
3.16228e-07,7.79676,0.5,2,20,400
3.98107e-07,7.92725,0.5,2,20,400
5.01187e-07,8.04468,0.5,2,20,400
6.30957e-07,8.1496,0.5,2,20,400
7.94328e-07,8.24253,0.5,2,20,400
1e-06,8.32409,0.5,2,20,400
1.25893e-06,8.39495,0.5,2,20,400
1.58489e-06,8.45588,0.5,2,20,400
1.99526e-06,8.50776,0.5,2,20,400
2.51189e-06,8.55149,0.5,2,20,400
3.16228e-06,8.58804,0.5,2,20,400
3.98107e-06,8.61833,0.5,2,20,400
5.01187e-06,8.64327,0.5,2,20,400
6.30957e-06,8.66367,0.5,2,20,400
7.94328e-06,8.68026,0.5,2,20,400
1e-05,8.69371,0.5,2,20,400
1.25893e-05,8.70456,0.5,2,20,400
1.58489e-05,8.71329,0.5,2,20,400
1.99526e-05,8.7203,0.5,2,20,400
2.51189e-05,8.72591,0.5,2,20,400
3.16228e-05,8.7304,0.5,2,20,400
3.98107e-05,8.73399,0.5,2,20,400
5.01187e-05,8.73685,0.5,2,20,400
6.30957e-05,8.73913,0.5,2,20,400
7.94328e-05,8.74094,0.5,2,20,400
0.0001,8.74239,0.5,2,20,400
1e-09,1.23625,0.5,2,20,500
1.25893e-09,1.44644,0.5,2,20,500
1.58489e-09,1.6785,0.5,2,20,500
1.99526e-09,1.93135,0.5,2,20,500
2.51189e-09,2.20322,0.5,2,20,500
3.16228e-09,2.49182,0.5,2,20,500
3.98107e-09,2.79442,0.5,2,20,500
5.01187e-09,3.10806,0.5,2,20,500
6.30957e-09,3.42965,0.5,2,20,500
7.94328e-09,3.75613,0.5,2,20,500
1e-08,4.0845,0.5,2,20,500
1.25893e-08,4.41187,0.5,2,20,500
1.58489e-08,4.73548,0.5,2,20,500
1.99526e-08,5.05272,0.5,2,20,500
2.51189e-08,5.36116,0.5,2,20,500
3.16228e-08,5.65859,0.5,2,20,500
3.98107e-08,5.9431,0.5,2,20,500
5.01187e-08,6.21314,0.5,2,20,500
6.30957e-08,6.46756,0.5,2,20,500
7.94328e-08,6.70567,0.5,2,20,500
1e-07,6.92717,0.5,2,20,500
1.25893e-07,7.13216,0.5,2,20,500
1.58489e-07,7.32101,0.5,2,20,500
1.99526e-07,7.49429,0.5,2,20,500
2.51189e-07,7.65265,0.5,2,20,500
3.16228e-07,7.79676,0.5,2,20,500
3.98107e-07,7.92725,0.5,2,20,500
5.01187e-07,8.04468,0.5,2,20,500
6.30957e-07,8.1496,0.5,2,20,500
7.94328e-07,8.24253,0.5,2,20,500
1e-06,8.32409,0.5,2,20,500
1.25893e-06,8.39495,0.5,2,20,500
1.58489e-06,8.45588,0.5,2,20,500
1.99526e-06,8.50776,0.5,2,20,500
2.51189e-06,8.55149,0.5,2,20,500
3.16228e-06,8.58804,0.5,2,20,500
3.98107e-06,8.61833,0.5,2,20,500
5.01187e-06,8.64327,0.5,2,20,500
6.30957e-06,8.66367,0.5,2,20,500
7.94328e-06,8.68026,0.5,2,20,500
1e-05,8.69371,0.5,2,20,500
1.25893e-05,8.70456,0.5,2,20,500
1.58489e-05,8.71329,0.5,2,20,500
1.99526e-05,8.7203,0.5,2,20,500
2.51189e-05,8.72591,0.5,2,20,500
3.16228e-05,8.7304,0.5,2,20,500
3.98107e-05,8.73399,0.5,2,20,500
5.01187e-05,8.73685,0.5,2,20,500
6.30957e-05,8.73913,0.5,2,20,500
7.94328e-05,8.74094,0.5,2,20,500
0.0001,8.74239,0.5,2,20,500
1e-09,0.683913,0.5,5,2,300
1.25893e-09,0.777745,0.5,5,2,300
1.58489e-09,0.878085,0.5,5,2,300
1.99526e-09,0.984576,0.5,5,2,300
2.51189e-09,1.09686,0.5,5,2,300
3.16228e-09,1.2146,0.5,5,2,300
3.98107e-09,1.33749,0.5,5,2,300
5.01187e-09,1.46525,0.5,5,2,300
6.30957e-09,1.5976,0.5,5,2,300
7.94328e-09,1.73432,0.5,5,2,300
1e-08,1.87516,0.5,5,2,300
1.25893e-08,2.01991,0.5,5,2,300
1.58489e-08,2.16835,0.5,5,2,300
1.99526e-08,2.32028,0.5,5,2,300
2.51189e-08,2.47551,0.5,5,2,300
3.16228e-08,2.63386,0.5,5,2,300
3.98107e-08,2.79515,0.5,5,2,300
5.01187e-08,2.95921,0.5,5,2,300
6.30957e-08,3.12583,0.5,5,2,300
7.94328e-08,3.2948,0.5,5,2,300
1e-07,3.46584,0.5,5,2,300
1.25893e-07,3.63859,0.5,5,2,300
1.58489e-07,3.81264,0.5,5,2,300
1.99526e-07,3.98753,0.5,5,2,300
2.51189e-07,4.16272,0.5,5,2,300
3.16228e-07,4.3377,0.5,5,2,300
3.98107e-07,4.51197,0.5,5,2,300
5.01187e-07,4.68505,0.5,5,2,300
6.30957e-07,4.85651,0.5,5,2,300
7.94328e-07,5.02589,0.5,5,2,300
1e-06,5.19262,0.5,5,2,300
1.25893e-06,5.35598,0.5,5,2,300
1.58489e-06,5.51501,0.5,5,2,300
1.99526e-06,5.66846,0.5,5,2,300
2.51189e-06,5.81494,0.5,5,2,300
3.16228e-06,5.95295,0.5,5,2,300
3.98107e-06,6.08107,0.5,5,2,300
5.01187e-06,6.19817,0.5,5,2,300
6.30957e-06,6.30347,0.5,5,2,300
7.94328e-06,6.39666,0.5,5,2,300
1e-05,6.4779,0.5,5,2,300
1.25893e-05,6.54774,0.5,5,2,300
1.58489e-05,6.60702,0.5,5,2,300
1.99526e-05,6.65678,0.5,5,2,300
2.51189e-05,6.69815,0.5,5,2,300
3.16228e-05,6.73226,0.5,5,2,300
3.98107e-05,6.76019,0.5,5,2,300
5.01187e-05,6.78294,0.5,5,2,300
6.30957e-05,6.80136,0.5,5,2,300
7.94328e-05,6.81624,0.5,5,2,300
0.0001,6.82821,0.5,5,2,300
1e-09,0.683913,0.5,5,2,400
1.25893e-09,0.777745,0.5,5,2,400
1.58489e-09,0.878085,0.5,5,2,400
1.99526e-09,0.984576,0.5,5,2,400
2.51189e-09,1.09686,0.5,5,2,400
3.16228e-09,1.2146,0.5,5,2,400
3.98107e-09,1.33749,0.5,5,2,400
5.01187e-09,1.46525,0.5,5,2,400
6.30957e-09,1.5976,0.5,5,2,400
7.94328e-09,1.73432,0.5,5,2,400
1e-08,1.87516,0.5,5,2,400
1.25893e-08,2.01991,0.5,5,2,400
1.58489e-08,2.16835,0.5,5,2,400
1.99526e-08,2.32028,0.5,5,2,400
2.51189e-08,2.47551,0.5,5,2,400
3.16228e-08,2.63386,0.5,5,2,400
3.98107e-08,2.79515,0.5,5,2,400
5.01187e-08,2.95921,0.5,5,2,400
6.30957e-08,3.12583,0.5,5,2,400
7.94328e-08,3.2948,0.5,5,2,400
1e-07,3.46584,0.5,5,2,400
1.25893e-07,3.63859,0.5,5,2,400
1.58489e-07,3.81264,0.5,5,2,400
1.99526e-07,3.98753,0.5,5,2,400
2.51189e-07,4.16272,0.5,5,2,400
3.16228e-07,4.3377,0.5,5,2,400
3.98107e-07,4.51197,0.5,5,2,400
5.01187e-07,4.68505,0.5,5,2,400
6.30957e-07,4.85651,0.5,5,2,400
7.94328e-07,5.02589,0.5,5,2,400
1e-06,5.19262,0.5,5,2,400
1.25893e-06,5.35598,0.5,5,2,400
1.58489e-06,5.51501,0.5,5,2,400
1.99526e-06,5.66846,0.5,5,2,400
2.51189e-06,5.81494,0.5,5,2,400
3.16228e-06,5.95295,0.5,5,2,400
3.98107e-06,6.08107,0.5,5,2,400
5.01187e-06,6.19817,0.5,5,2,400
6.30957e-06,6.30347,0.5,5,2,400
7.94328e-06,6.39666,0.5,5,2,400
1e-05,6.4779,0.5,5,2,400
1.25893e-05,6.54774,0.5,5,2,400
1.58489e-05,6.60702,0.5,5,2,400
1.99526e-05,6.65678,0.5,5,2,400
2.51189e-05,6.69815,0.5,5,2,400
3.16228e-05,6.73226,0.5,5,2,400
3.98107e-05,6.76019,0.5,5,2,400
5.01187e-05,6.78294,0.5,5,2,400
6.30957e-05,6.80136,0.5,5,2,400
7.94328e-05,6.81624,0.5,5,2,400
0.0001,6.82821,0.5,5,2,400
1e-09,0.683913,0.5,5,2,500
1.25893e-09,0.777745,0.5,5,2,500
1.58489e-09,0.878085,0.5,5,2,500
1.99526e-09,0.984576,0.5,5,2,500
2.51189e-09,1.09686,0.5,5,2,500
3.16228e-09,1.2146,0.5,5,2,500
3.98107e-09,1.33749,0.5,5,2,500
5.01187e-09,1.46525,0.5,5,2,500
6.30957e-09,1.5976,0.5,5,2,500
7.94328e-09,1.73432,0.5,5,2,500
1e-08,1.87516,0.5,5,2,500
1.25893e-08,2.01991,0.5,5,2,500
1.58489e-08,2.16835,0.5,5,2,500
1.99526e-08,2.32028,0.5,5,2,500
2.51189e-08,2.47551,0.5,5,2,500
3.16228e-08,2.63386,0.5,5,2,500
3.98107e-08,2.79515,0.5,5,2,500
5.01187e-08,2.95921,0.5,5,2,500
6.30957e-08,3.12583,0.5,5,2,500
7.94328e-08,3.2948,0.5,5,2,500
1e-07,3.46584,0.5,5,2,500
1.25893e-07,3.63859,0.5,5,2,500
1.58489e-07,3.81264,0.5,5,2,500
1.99526e-07,3.98753,0.5,5,2,500
2.51189e-07,4.16272,0.5,5,2,500
3.16228e-07,4.3377,0.5,5,2,500
3.98107e-07,4.51197,0.5,5,2,500
5.01187e-07,4.68505,0.5,5,2,500
6.30957e-07,4.85651,0.5,5,2,500
7.94328e-07,5.02589,0.5,5,2,500
1e-06,5.19262,0.5,5,2,500
1.25893e-06,5.35598,0.5,5,2,500
1.58489e-06,5.51501,0.5,5,2,500
1.99526e-06,5.66846,0.5,5,2,500
2.51189e-06,5.81494,0.5,5,2,500
3.16228e-06,5.95295,0.5,5,2,500
3.98107e-06,6.08107,0.5,5,2,500
5.01187e-06,6.19817,0.5,5,2,500
6.30957e-06,6.30347,0.5,5,2,500
7.94328e-06,6.39666,0.5,5,2,500
1e-05,6.4779,0.5,5,2,500
1.25893e-05,6.54774,0.5,5,2,500
1.58489e-05,6.60702,0.5,5,2,500
1.99526e-05,6.65678,0.5,5,2,500
2.51189e-05,6.69815,0.5,5,2,500
3.16228e-05,6.73226,0.5,5,2,500
3.98107e-05,6.76019,0.5,5,2,500
5.01187e-05,6.78294,0.5,5,2,500
6.30957e-05,6.80136,0.5,5,2,500
7.94328e-05,6.81624,0.5,5,2,500
0.0001,6.82821,0.5,5,2,500
1e-09,0.712944,0.5,5,5,300
1.25893e-09,0.806899,0.5,5,5,300
1.58489e-09,0.906201,0.5,5,5,300
1.99526e-09,1.0102,0.5,5,5,300
2.51189e-09,1.11821,0.5,5,5,300
3.16228e-09,1.22957,0.5,5,5,300
3.98107e-09,1.34359,0.5,5,5,300
5.01187e-09,1.45959,0.5,5,5,300
6.30957e-09,1.57689,0.5,5,5,300
7.94328e-09,1.6948,0.5,5,5,300
1e-08,1.8126,0.5,5,5,300
1.25893e-08,1.9296,0.5,5,5,300
1.58489e-08,2.04509,0.5,5,5,300
1.99526e-08,2.15839,0.5,5,5,300
2.51189e-08,2.26888,0.5,5,5,300
3.16228e-08,2.37598,0.5,5,5,300
3.98107e-08,2.4792,0.5,5,5,300
5.01187e-08,2.5781,0.5,5,5,300
6.30957e-08,2.67232,0.5,5,5,300
7.94328e-08,2.76156,0.5,5,5,300
1e-07,2.84554,0.5,5,5,300
1.25893e-07,2.92404,0.5,5,5,300
1.58489e-07,2.99685,0.5,5,5,300
1.99526e-07,3.06379,0.5,5,5,300
2.51189e-07,3.12474,0.5,5,5,300
3.16228e-07,3.17965,0.5,5,5,300
3.98107e-07,3.22857,0.5,5,5,300
5.01187e-07,3.27165,0.5,5,5,300
6.30957e-07,3.30914,0.5,5,5,300
7.94328e-07,3.34141,0.5,5,5,300
1e-06,3.36888,0.5,5,5,300
1.25893e-06,3.39204,0.5,5,5,300
1.58489e-06,3.41138,0.5,5,5,300
1.99526e-06,3.42741,0.5,5,5,300
2.51189e-06,3.44059,0.5,5,5,300
3.16228e-06,3.45137,0.5,5,5,300
3.98107e-06,3.46014,0.5,5,5,300
5.01187e-06,3.46724,0.5,5,5,300
6.30957e-06,3.47296,0.5,5,5,300
7.94328e-06,3.47757,0.5,5,5,300
1e-05,3.48127,0.5,5,5,300
1.25893e-05,3.48423,0.5,5,5,300
1.58489e-05,3.4866,0.5,5,5,300
1.99526e-05,3.48849,0.5,5,5,300
2.51189e-05,3.49,0.5,5,5,300
3.16228e-05,3.4912,0.5,5,5,300
3.98107e-05,3.49216,0.5,5,5,300
5.01187e-05,3.49292,0.5,5,5,300
6.30957e-05,3.49353,0.5,5,5,300
7.94328e-05,3.49401,0.5,5,5,300
0.0001,3.49439,0.5,5,5,300
1e-09,0.712944,0.5,5,5,400
1.25893e-09,0.806899,0.5,5,5,400
1.58489e-09,0.906201,0.5,5,5,400
1.99526e-09,1.0102,0.5,5,5,400
2.51189e-09,1.11821,0.5,5,5,400
3.16228e-09,1.22957,0.5,5,5,400
3.98107e-09,1.34359,0.5,5,5,400
5.01187e-09,1.45959,0.5,5,5,400
6.30957e-09,1.57689,0.5,5,5,400
7.94328e-09,1.6948,0.5,5,5,400
1e-08,1.8126,0.5,5,5,400
1.25893e-08,1.9296,0.5,5,5,400
1.58489e-08,2.04509,0.5,5,5,400
1.99526e-08,2.15839,0.5,5,5,400
2.51189e-08,2.26888,0.5,5,5,400
3.16228e-08,2.37598,0.5,5,5,400
3.98107e-08,2.4792,0.5,5,5,400
5.01187e-08,2.5781,0.5,5,5,400
6.30957e-08,2.67232,0.5,5,5,400
7.94328e-08,2.76156,0.5,5,5,400
1e-07,2.84554,0.5,5,5,400
1.25893e-07,2.92404,0.5,5,5,400
1.58489e-07,2.99685,0.5,5,5,400
1.99526e-07,3.06379,0.5,5,5,400
2.51189e-07,3.12474,0.5,5,5,400
3.16228e-07,3.17965,0.5,5,5,400
3.98107e-07,3.22857,0.5,5,5,400
5.01187e-07,3.27165,0.5,5,5,400
6.30957e-07,3.30914,0.5,5,5,400
7.94328e-07,3.34141,0.5,5,5,400
1e-06,3.36888,0.5,5,5,400
1.25893e-06,3.39204,0.5,5,5,400
1.58489e-06,3.41138,0.5,5,5,400
1.99526e-06,3.42741,0.5,5,5,400
2.51189e-06,3.44059,0.5,5,5,400
3.16228e-06,3.45137,0.5,5,5,400
3.98107e-06,3.46014,0.5,5,5,400
5.01187e-06,3.46724,0.5,5,5,400
6.30957e-06,3.47296,0.5,5,5,400
7.94328e-06,3.47757,0.5,5,5,400
1e-05,3.48127,0.5,5,5,400
1.25893e-05,3.48423,0.5,5,5,400
1.58489e-05,3.4866,0.5,5,5,400
1.99526e-05,3.48849,0.5,5,5,400
2.51189e-05,3.49,0.5,5,5,400
3.16228e-05,3.4912,0.5,5,5,400
3.98107e-05,3.49216,0.5,5,5,400
5.01187e-05,3.49292,0.5,5,5,400
6.30957e-05,3.49353,0.5,5,5,400
7.94328e-05,3.49401,0.5,5,5,400
0.0001,3.49439,0.5,5,5,400
1e-09,0.712944,0.5,5,5,500
1.25893e-09,0.806899,0.5,5,5,500
1.58489e-09,0.906201,0.5,5,5,500
1.99526e-09,1.0102,0.5,5,5,500
2.51189e-09,1.11821,0.5,5,5,500
3.16228e-09,1.22957,0.5,5,5,500
3.98107e-09,1.34359,0.5,5,5,500
5.01187e-09,1.45959,0.5,5,5,500
6.30957e-09,1.57689,0.5,5,5,500
7.94328e-09,1.6948,0.5,5,5,500
1e-08,1.8126,0.5,5,5,500
1.25893e-08,1.9296,0.5,5,5,500
1.58489e-08,2.04509,0.5,5,5,500
1.99526e-08,2.15839,0.5,5,5,500
2.51189e-08,2.26888,0.5,5,5,500
3.16228e-08,2.37598,0.5,5,5,500
3.98107e-08,2.4792,0.5,5,5,500
5.01187e-08,2.5781,0.5,5,5,500
6.30957e-08,2.67232,0.5,5,5,500
7.94328e-08,2.76156,0.5,5,5,500
1e-07,2.84554,0.5,5,5,500
1.25893e-07,2.92404,0.5,5,5,500
1.58489e-07,2.99685,0.5,5,5,500
1.99526e-07,3.06379,0.5,5,5,500
2.51189e-07,3.12474,0.5,5,5,500
3.16228e-07,3.17965,0.5,5,5,500
3.98107e-07,3.22857,0.5,5,5,500
5.01187e-07,3.27165,0.5,5,5,500
6.30957e-07,3.30914,0.5,5,5,500
7.94328e-07,3.34141,0.5,5,5,500
1e-06,3.36888,0.5,5,5,500
1.25893e-06,3.39204,0.5,5,5,500
1.58489e-06,3.41138,0.5,5,5,500
1.99526e-06,3.42741,0.5,5,5,500
2.51189e-06,3.44059,0.5,5,5,500
3.16228e-06,3.45137,0.5,5,5,500
3.98107e-06,3.46014,0.5,5,5,500
5.01187e-06,3.46724,0.5,5,5,500
6.30957e-06,3.47296,0.5,5,5,500
7.94328e-06,3.47757,0.5,5,5,500
1e-05,3.48127,0.5,5,5,500
1.25893e-05,3.48423,0.5,5,5,500
1.58489e-05,3.4866,0.5,5,5,500
1.99526e-05,3.48849,0.5,5,5,500
2.51189e-05,3.49,0.5,5,5,500
3.16228e-05,3.4912,0.5,5,5,500
3.98107e-05,3.49216,0.5,5,5,500
5.01187e-05,3.49292,0.5,5,5,500
6.30957e-05,3.49353,0.5,5,5,500
7.94328e-05,3.49401,0.5,5,5,500
0.0001,3.49439,0.5,5,5,500
1e-09,0.87852,0.5,5,10,300
1.25893e-09,1.0042,0.5,5,10,300
1.58489e-09,1.13814,0.5,5,10,300
1.99526e-09,1.27917,0.5,5,10,300
2.51189e-09,1.42597,0.5,5,10,300
3.16228e-09,1.57715,0.5,5,10,300
3.98107e-09,1.73132,0.5,5,10,300
5.01187e-09,1.88708,0.5,5,10,300
6.30957e-09,2.04307,0.5,5,10,300
7.94328e-09,2.198,0.5,5,10,300
1e-08,2.35061,0.5,5,10,300
1.25893e-08,2.49976,0.5,5,10,300
1.58489e-08,2.64438,0.5,5,10,300
1.99526e-08,2.78355,0.5,5,10,300
2.51189e-08,2.91653,0.5,5,10,300
3.16228e-08,3.04272,0.5,5,10,300
3.98107e-08,3.16179,0.5,5,10,300
5.01187e-08,3.27355,0.5,5,10,300
6.30957e-08,3.37806,0.5,5,10,300
7.94328e-08,3.47548,0.5,5,10,300
1e-07,3.56614,0.5,5,10,300
1.25893e-07,3.65042,0.5,5,10,300
1.58489e-07,3.7287,0.5,5,10,300
1.99526e-07,3.80135,0.5,5,10,300
2.51189e-07,3.86866,0.5,5,10,300
3.16228e-07,3.93086,0.5,5,10,300
3.98107e-07,3.98809,0.5,5,10,300
5.01187e-07,4.04042,0.5,5,10,300
6.30957e-07,4.08789,0.5,5,10,300
7.94328e-07,4.13057,0.5,5,10,300
1e-06,4.16854,0.5,5,10,300
1.25893e-06,4.20195,0.5,5,10,300
1.58489e-06,4.23103,0.5,5,10,300
1.99526e-06,4.25604,0.5,5,10,300
2.51189e-06,4.27733,0.5,5,10,300
3.16228e-06,4.29527,0.5,5,10,300
3.98107e-06,4.31025,0.5,5,10,300
5.01187e-06,4.32266,0.5,5,10,300
6.30957e-06,4.33287,0.5,5,10,300
7.94328e-06,4.34121,0.5,5,10,300
1e-05,4.34799,0.5,5,10,300
1.25893e-05,4.35348,0.5,5,10,300
1.58489e-05,4.35791,0.5,5,10,300
1.99526e-05,4.36147,0.5,5,10,300
2.51189e-05,4.36433,0.5,5,10,300
3.16228e-05,4.36662,0.5,5,10,300
3.98107e-05,4.36845,0.5,5,10,300
5.01187e-05,4.36991,0.5,5,10,300
6.30957e-05,4.37107,0.5,5,10,300
7.94328e-05,4.372,0.5,5,10,300
0.0001,4.37274,0.5,5,10,300
1e-09,0.87852,0.5,5,10,400
1.25893e-09,1.0042,0.5,5,10,400
1.58489e-09,1.13814,0.5,5,10,400
1.99526e-09,1.27917,0.5,5,10,400
2.51189e-09,1.42597,0.5,5,10,400
3.16228e-09,1.57715,0.5,5,10,400
3.98107e-09,1.73132,0.5,5,10,400
5.01187e-09,1.88708,0.5,5,10,400
6.30957e-09,2.04307,0.5,5,10,400
7.94328e-09,2.198,0.5,5,10,400
1e-08,2.35061,0.5,5,10,400
1.25893e-08,2.49976,0.5,5,10,400
1.58489e-08,2.64438,0.5,5,10,400
1.99526e-08,2.78355,0.5,5,10,400
2.51189e-08,2.91653,0.5,5,10,400
3.16228e-08,3.04272,0.5,5,10,400
3.98107e-08,3.16179,0.5,5,10,400
5.01187e-08,3.27355,0.5,5,10,400
6.30957e-08,3.37806,0.5,5,10,400
7.94328e-08,3.47548,0.5,5,10,400
1e-07,3.56614,0.5,5,10,400
1.25893e-07,3.65042,0.5,5,10,400
1.58489e-07,3.7287,0.5,5,10,400
1.99526e-07,3.80135,0.5,5,10,400
2.51189e-07,3.86866,0.5,5,10,400
3.16228e-07,3.93086,0.5,5,10,400
3.98107e-07,3.98809,0.5,5,10,400
5.01187e-07,4.04042,0.5,5,10,400
6.30957e-07,4.08789,0.5,5,10,400
7.94328e-07,4.13057,0.5,5,10,400
1e-06,4.16854,0.5,5,10,400
1.25893e-06,4.20195,0.5,5,10,400
1.58489e-06,4.23103,0.5,5,10,400
1.99526e-06,4.25604,0.5,5,10,400
2.51189e-06,4.27733,0.5,5,10,400
3.16228e-06,4.29527,0.5,5,10,400
3.98107e-06,4.31025,0.5,5,10,400
5.01187e-06,4.32266,0.5,5,10,400
6.30957e-06,4.33287,0.5,5,10,400
7.94328e-06,4.34121,0.5,5,10,400
1e-05,4.34799,0.5,5,10,400
1.25893e-05,4.35348,0.5,5,10,400
1.58489e-05,4.35791,0.5,5,10,400
1.99526e-05,4.36147,0.5,5,10,400
2.51189e-05,4.36433,0.5,5,10,400
3.16228e-05,4.36662,0.5,5,10,400
3.98107e-05,4.36845,0.5,5,10,400
5.01187e-05,4.36991,0.5,5,10,400
6.30957e-05,4.37107,0.5,5,10,400
7.94328e-05,4.372,0.5,5,10,400
0.0001,4.37274,0.5,5,10,400
1e-09,0.87852,0.5,5,10,500
1.25893e-09,1.0042,0.5,5,10,500
1.58489e-09,1.13814,0.5,5,10,500
1.99526e-09,1.27917,0.5,5,10,500
2.51189e-09,1.42597,0.5,5,10,500
3.16228e-09,1.57715,0.5,5,10,500
3.98107e-09,1.73132,0.5,5,10,500
5.01187e-09,1.88708,0.5,5,10,500
6.30957e-09,2.04307,0.5,5,10,500
7.94328e-09,2.198,0.5,5,10,500
1e-08,2.35061,0.5,5,10,500
1.25893e-08,2.49976,0.5,5,10,500
1.58489e-08,2.64438,0.5,5,10,500
1.99526e-08,2.78355,0.5,5,10,500
2.51189e-08,2.91653,0.5,5,10,500
3.16228e-08,3.04272,0.5,5,10,500
3.98107e-08,3.16179,0.5,5,10,500
5.01187e-08,3.27355,0.5,5,10,500
6.30957e-08,3.37806,0.5,5,10,500
7.94328e-08,3.47548,0.5,5,10,500
1e-07,3.56614,0.5,5,10,500
1.25893e-07,3.65042,0.5,5,10,500
1.58489e-07,3.7287,0.5,5,10,500
1.99526e-07,3.80135,0.5,5,10,500
2.51189e-07,3.86866,0.5,5,10,500
3.16228e-07,3.93086,0.5,5,10,500
3.98107e-07,3.98809,0.5,5,10,500
5.01187e-07,4.04042,0.5,5,10,500
6.30957e-07,4.08789,0.5,5,10,500
7.94328e-07,4.13057,0.5,5,10,500
1e-06,4.16854,0.5,5,10,500
1.25893e-06,4.20195,0.5,5,10,500
1.58489e-06,4.23103,0.5,5,10,500
1.99526e-06,4.25604,0.5,5,10,500
2.51189e-06,4.27733,0.5,5,10,500
3.16228e-06,4.29527,0.5,5,10,500
3.98107e-06,4.31025,0.5,5,10,500
5.01187e-06,4.32266,0.5,5,10,500
6.30957e-06,4.33287,0.5,5,10,500
7.94328e-06,4.34121,0.5,5,10,500
1e-05,4.34799,0.5,5,10,500
1.25893e-05,4.35348,0.5,5,10,500
1.58489e-05,4.35791,0.5,5,10,500
1.99526e-05,4.36147,0.5,5,10,500
2.51189e-05,4.36433,0.5,5,10,500
3.16228e-05,4.36662,0.5,5,10,500
3.98107e-05,4.36845,0.5,5,10,500
5.01187e-05,4.36991,0.5,5,10,500
6.30957e-05,4.37107,0.5,5,10,500
7.94328e-05,4.372,0.5,5,10,500
0.0001,4.37274,0.5,5,10,500
1e-09,1.12807,0.5,5,20,300
1.25893e-09,1.31341,0.5,5,20,300
1.58489e-09,1.51608,0.5,5,20,300
1.99526e-09,1.73458,0.5,5,20,300
2.51189e-09,1.96679,0.5,5,20,300
3.16228e-09,2.21011,0.5,5,20,300
3.98107e-09,2.46155,0.5,5,20,300
5.01187e-09,2.71793,0.5,5,20,300
6.30957e-09,2.976,0.5,5,20,300
7.94328e-09,3.23259,0.5,5,20,300
1e-08,3.4847,0.5,5,20,300
1.25893e-08,3.72958,0.5,5,20,300
1.58489e-08,3.96484,0.5,5,20,300
1.99526e-08,4.18848,0.5,5,20,300
2.51189e-08,4.39898,0.5,5,20,300
3.16228e-08,4.59533,0.5,5,20,300
3.98107e-08,4.77706,0.5,5,20,300
5.01187e-08,4.94421,0.5,5,20,300
6.30957e-08,5.09728,0.5,5,20,300
7.94328e-08,5.23717,0.5,5,20,300
1e-07,5.36506,0.5,5,20,300
1.25893e-07,5.48229,0.5,5,20,300
1.58489e-07,5.59025,0.5,5,20,300
1.99526e-07,5.69021,0.5,5,20,300
2.51189e-07,5.78327,0.5,5,20,300
3.16228e-07,5.87027,0.5,5,20,300
3.98107e-07,5.95171,0.5,5,20,300
5.01187e-07,6.02784,0.5,5,20,300
6.30957e-07,6.09864,0.5,5,20,300
7.94328e-07,6.16398,0.5,5,20,300
1e-06,6.22363,0.5,5,20,300
1.25893e-06,6.27743,0.5,5,20,300
1.58489e-06,6.32531,0.5,5,20,300
1.99526e-06,6.36735,0.5,5,20,300
2.51189e-06,6.40378,0.5,5,20,300
3.16228e-06,6.43495,0.5,5,20,300
3.98107e-06,6.46133,0.5,5,20,300
5.01187e-06,6.48341,0.5,5,20,300
6.30957e-06,6.50175,0.5,5,20,300
7.94328e-06,6.51684,0.5,5,20,300
1e-05,6.5292,0.5,5,20,300
1.25893e-05,6.53925,0.5,5,20,300
1.58489e-05,6.54739,0.5,5,20,300
1.99526e-05,6.55396,0.5,5,20,300
2.51189e-05,6.55924,0.5,5,20,300
3.16228e-05,6.56348,0.5,5,20,300
3.98107e-05,6.56688,0.5,5,20,300
5.01187e-05,6.56959,0.5,5,20,300
6.30957e-05,6.57176,0.5,5,20,300
7.94328e-05,6.57349,0.5,5,20,300
0.0001,6.57487,0.5,5,20,300
1e-09,1.12807,0.5,5,20,400
1.25893e-09,1.31341,0.5,5,20,400
1.58489e-09,1.51608,0.5,5,20,400
1.99526e-09,1.73458,0.5,5,20,400
2.51189e-09,1.96679,0.5,5,20,400
3.16228e-09,2.21011,0.5,5,20,400
3.98107e-09,2.46155,0.5,5,20,400
5.01187e-09,2.71793,0.5,5,20,400
6.30957e-09,2.976,0.5,5,20,400
7.94328e-09,3.23259,0.5,5,20,400
1e-08,3.4847,0.5,5,20,400
1.25893e-08,3.72958,0.5,5,20,400
1.58489e-08,3.96484,0.5,5,20,400
1.99526e-08,4.18848,0.5,5,20,400
2.51189e-08,4.39898,0.5,5,20,400
3.16228e-08,4.59533,0.5,5,20,400
3.98107e-08,4.77706,0.5,5,20,400
5.01187e-08,4.94421,0.5,5,20,400
6.30957e-08,5.09728,0.5,5,20,400
7.94328e-08,5.23717,0.5,5,20,400
1e-07,5.36506,0.5,5,20,400
1.25893e-07,5.48229,0.5,5,20,400
1.58489e-07,5.59025,0.5,5,20,400
1.99526e-07,5.69021,0.5,5,20,400
2.51189e-07,5.78327,0.5,5,20,400
3.16228e-07,5.87027,0.5,5,20,400
3.98107e-07,5.95171,0.5,5,20,400
5.01187e-07,6.02784,0.5,5,20,400
6.30957e-07,6.09864,0.5,5,20,400
7.94328e-07,6.16398,0.5,5,20,400
1e-06,6.22363,0.5,5,20,400
1.25893e-06,6.27743,0.5,5,20,400
1.58489e-06,6.32531,0.5,5,20,400
1.99526e-06,6.36735,0.5,5,20,400
2.51189e-06,6.40378,0.5,5,20,400
3.16228e-06,6.43495,0.5,5,20,400
3.98107e-06,6.46133,0.5,5,20,400
5.01187e-06,6.48341,0.5,5,20,400
6.30957e-06,6.50175,0.5,5,20,400
7.94328e-06,6.51684,0.5,5,20,400
1e-05,6.5292,0.5,5,20,400
1.25893e-05,6.53925,0.5,5,20,400
1.58489e-05,6.54739,0.5,5,20,400
1.99526e-05,6.55396,0.5,5,20,400
2.51189e-05,6.55924,0.5,5,20,400
3.16228e-05,6.56348,0.5,5,20,400
3.98107e-05,6.56688,0.5,5,20,400
5.01187e-05,6.56959,0.5,5,20,400
6.30957e-05,6.57176,0.5,5,20,400
7.94328e-05,6.57349,0.5,5,20,400
0.0001,6.57487,0.5,5,20,400
1e-09,1.12807,0.5,5,20,500
1.25893e-09,1.31341,0.5,5,20,500
1.58489e-09,1.51608,0.5,5,20,500
1.99526e-09,1.73458,0.5,5,20,500
2.51189e-09,1.96679,0.5,5,20,500
3.16228e-09,2.21011,0.5,5,20,500
3.98107e-09,2.46155,0.5,5,20,500
5.01187e-09,2.71793,0.5,5,20,500
6.30957e-09,2.976,0.5,5,20,500
7.94328e-09,3.23259,0.5,5,20,500
1e-08,3.4847,0.5,5,20,500
1.25893e-08,3.72958,0.5,5,20,500
1.58489e-08,3.96484,0.5,5,20,500
1.99526e-08,4.18848,0.5,5,20,500
2.51189e-08,4.39898,0.5,5,20,500
3.16228e-08,4.59533,0.5,5,20,500
3.98107e-08,4.77706,0.5,5,20,500
5.01187e-08,4.94421,0.5,5,20,500
6.30957e-08,5.09728,0.5,5,20,500
7.94328e-08,5.23717,0.5,5,20,500
1e-07,5.36506,0.5,5,20,500
1.25893e-07,5.48229,0.5,5,20,500
1.58489e-07,5.59025,0.5,5,20,500
1.99526e-07,5.69021,0.5,5,20,500
2.51189e-07,5.78327,0.5,5,20,500
3.16228e-07,5.87027,0.5,5,20,500
3.98107e-07,5.95171,0.5,5,20,500
5.01187e-07,6.02784,0.5,5,20,500
6.30957e-07,6.09864,0.5,5,20,500
7.94328e-07,6.16398,0.5,5,20,500
1e-06,6.22363,0.5,5,20,500
1.25893e-06,6.27743,0.5,5,20,500
1.58489e-06,6.32531,0.5,5,20,500
1.99526e-06,6.36735,0.5,5,20,500
2.51189e-06,6.40378,0.5,5,20,500
3.16228e-06,6.43495,0.5,5,20,500
3.98107e-06,6.46133,0.5,5,20,500
5.01187e-06,6.48341,0.5,5,20,500
6.30957e-06,6.50175,0.5,5,20,500
7.94328e-06,6.51684,0.5,5,20,500
1e-05,6.5292,0.5,5,20,500
1.25893e-05,6.53925,0.5,5,20,500
1.58489e-05,6.54739,0.5,5,20,500
1.99526e-05,6.55396,0.5,5,20,500
2.51189e-05,6.55924,0.5,5,20,500
3.16228e-05,6.56348,0.5,5,20,500
3.98107e-05,6.56688,0.5,5,20,500
5.01187e-05,6.56959,0.5,5,20,500
6.30957e-05,6.57176,0.5,5,20,500
7.94328e-05,6.57349,0.5,5,20,500
0.0001,6.57487,0.5,5,20,500
1e-09,0.794631,0.5,10,2,300
1.25893e-09,0.918945,0.5,10,2,300
1.58489e-09,1.05446,0.5,10,2,300
1.99526e-09,1.20067,0.5,10,2,300
2.51189e-09,1.35689,0.5,10,2,300
3.16228e-09,1.52233,0.5,10,2,300
3.98107e-09,1.69613,0.5,10,2,300
5.01187e-09,1.87742,0.5,10,2,300
6.30957e-09,2.06529,0.5,10,2,300
7.94328e-09,2.25885,0.5,10,2,300
1e-08,2.45725,0.5,10,2,300
1.25893e-08,2.65963,0.5,10,2,300
1.58489e-08,2.86519,0.5,10,2,300
1.99526e-08,3.07317,0.5,10,2,300
2.51189e-08,3.28284,0.5,10,2,300
3.16228e-08,3.49351,0.5,10,2,300
3.98107e-08,3.7045,0.5,10,2,300
5.01187e-08,3.91512,0.5,10,2,300
6.30957e-08,4.12466,0.5,10,2,300
7.94328e-08,4.33237,0.5,10,2,300
1e-07,4.53751,0.5,10,2,300
1.25893e-07,4.73928,0.5,10,2,300
1.58489e-07,4.93698,0.5,10,2,300
1.99526e-07,5.12993,0.5,10,2,300
2.51189e-07,5.31763,0.5,10,2,300
3.16228e-07,5.49972,0.5,10,2,300
3.98107e-07,5.67608,0.5,10,2,300
5.01187e-07,5.84675,0.5,10,2,300
6.30957e-07,6.0119,0.5,10,2,300
7.94328e-07,6.17176,0.5,10,2,300
1e-06,6.32646,0.5,10,2,300
1.25893e-06,6.47595,0.5,10,2,300
1.58489e-06,6.61988,0.5,10,2,300
1.99526e-06,6.75761,0.5,10,2,300
2.51189e-06,6.88823,0.5,10,2,300
3.16228e-06,7.01071,0.5,10,2,300
3.98107e-06,7.12401,0.5,10,2,300
5.01187e-06,7.2273,0.5,10,2,300
6.30957e-06,7.32001,0.5,10,2,300
7.94328e-06,7.40197,0.5,10,2,300
1e-05,7.47335,0.5,10,2,300
1.25893e-05,7.53468,0.5,10,2,300
1.58489e-05,7.58672,0.5,10,2,300
1.99526e-05,7.63039,0.5,10,2,300
2.51189e-05,7.66669,0.5,10,2,300
3.16228e-05,7.69662,0.5,10,2,300
3.98107e-05,7.72113,0.5,10,2,300
5.01187e-05,7.74109,0.5,10,2,300
6.30957e-05,7.75726,0.5,10,2,300
7.94328e-05,7.77031,0.5,10,2,300
0.0001,7.78082,0.5,10,2,300
1e-09,0.794631,0.5,10,2,400
1.25893e-09,0.918945,0.5,10,2,400
1.58489e-09,1.05446,0.5,10,2,400
1.99526e-09,1.20067,0.5,10,2,400
2.51189e-09,1.35689,0.5,10,2,400
3.16228e-09,1.52233,0.5,10,2,400
3.98107e-09,1.69613,0.5,10,2,400
5.01187e-09,1.87742,0.5,10,2,400
6.30957e-09,2.06529,0.5,10,2,400
7.94328e-09,2.25885,0.5,10,2,400
1e-08,2.45725,0.5,10,2,400
1.25893e-08,2.65963,0.5,10,2,400
1.58489e-08,2.86519,0.5,10,2,400
1.99526e-08,3.07317,0.5,10,2,400
2.51189e-08,3.28284,0.5,10,2,400
3.16228e-08,3.49351,0.5,10,2,400
3.98107e-08,3.7045,0.5,10,2,400
5.01187e-08,3.91512,0.5,10,2,400
6.30957e-08,4.12466,0.5,10,2,400
7.94328e-08,4.33237,0.5,10,2,400
1e-07,4.53751,0.5,10,2,400
1.25893e-07,4.73928,0.5,10,2,400
1.58489e-07,4.93698,0.5,10,2,400
1.99526e-07,5.12993,0.5,10,2,400
2.51189e-07,5.31763,0.5,10,2,400
3.16228e-07,5.49972,0.5,10,2,400
3.98107e-07,5.67608,0.5,10,2,400
5.01187e-07,5.84675,0.5,10,2,400
6.30957e-07,6.0119,0.5,10,2,400
7.94328e-07,6.17176,0.5,10,2,400
1e-06,6.32646,0.5,10,2,400
1.25893e-06,6.47595,0.5,10,2,400
1.58489e-06,6.61988,0.5,10,2,400
1.99526e-06,6.75761,0.5,10,2,400
2.51189e-06,6.88823,0.5,10,2,400
3.16228e-06,7.01071,0.5,10,2,400
3.98107e-06,7.12401,0.5,10,2,400
5.01187e-06,7.2273,0.5,10,2,400
6.30957e-06,7.32001,0.5,10,2,400
7.94328e-06,7.40197,0.5,10,2,400
1e-05,7.47335,0.5,10,2,400
1.25893e-05,7.53468,0.5,10,2,400
1.58489e-05,7.58672,0.5,10,2,400
1.99526e-05,7.63039,0.5,10,2,400
2.51189e-05,7.66669,0.5,10,2,400
3.16228e-05,7.69662,0.5,10,2,400
3.98107e-05,7.72113,0.5,10,2,400
5.01187e-05,7.74109,0.5,10,2,400
6.30957e-05,7.75726,0.5,10,2,400
7.94328e-05,7.77031,0.5,10,2,400
0.0001,7.78082,0.5,10,2,400
1e-09,0.794631,0.5,10,2,500
1.25893e-09,0.918945,0.5,10,2,500
1.58489e-09,1.05446,0.5,10,2,500
1.99526e-09,1.20067,0.5,10,2,500
2.51189e-09,1.35689,0.5,10,2,500
3.16228e-09,1.52233,0.5,10,2,500
3.98107e-09,1.69613,0.5,10,2,500
5.01187e-09,1.87742,0.5,10,2,500
6.30957e-09,2.06529,0.5,10,2,500
7.94328e-09,2.25885,0.5,10,2,500
1e-08,2.45725,0.5,10,2,500
1.25893e-08,2.65963,0.5,10,2,500
1.58489e-08,2.86519,0.5,10,2,500
1.99526e-08,3.07317,0.5,10,2,500
2.51189e-08,3.28284,0.5,10,2,500
3.16228e-08,3.49351,0.5,10,2,500
3.98107e-08,3.7045,0.5,10,2,500
5.01187e-08,3.91512,0.5,10,2,500
6.30957e-08,4.12466,0.5,10,2,500
7.94328e-08,4.33237,0.5,10,2,500
1e-07,4.53751,0.5,10,2,500
1.25893e-07,4.73928,0.5,10,2,500
1.58489e-07,4.93698,0.5,10,2,500
1.99526e-07,5.12993,0.5,10,2,500
2.51189e-07,5.31763,0.5,10,2,500
3.16228e-07,5.49972,0.5,10,2,500
3.98107e-07,5.67608,0.5,10,2,500
5.01187e-07,5.84675,0.5,10,2,500
6.30957e-07,6.0119,0.5,10,2,500
7.94328e-07,6.17176,0.5,10,2,500
1e-06,6.32646,0.5,10,2,500
1.25893e-06,6.47595,0.5,10,2,500
1.58489e-06,6.61988,0.5,10,2,500
1.99526e-06,6.75761,0.5,10,2,500
2.51189e-06,6.88823,0.5,10,2,500
3.16228e-06,7.01071,0.5,10,2,500
3.98107e-06,7.12401,0.5,10,2,500
5.01187e-06,7.2273,0.5,10,2,500
6.30957e-06,7.32001,0.5,10,2,500
7.94328e-06,7.40197,0.5,10,2,500
1e-05,7.47335,0.5,10,2,500
1.25893e-05,7.53468,0.5,10,2,500
1.58489e-05,7.58672,0.5,10,2,500
1.99526e-05,7.63039,0.5,10,2,500
2.51189e-05,7.66669,0.5,10,2,500
3.16228e-05,7.69662,0.5,10,2,500
3.98107e-05,7.72113,0.5,10,2,500
5.01187e-05,7.74109,0.5,10,2,500
6.30957e-05,7.75726,0.5,10,2,500
7.94328e-05,7.77031,0.5,10,2,500
0.0001,7.78082,0.5,10,2,500
1e-09,0.777156,0.5,10,5,300
1.25893e-09,0.89046,0.5,10,5,300
1.58489e-09,1.01196,0.5,10,5,300
1.99526e-09,1.14084,0.5,10,5,300
2.51189e-09,1.27619,0.5,10,5,300
3.16228e-09,1.41703,0.5,10,5,300
3.98107e-09,1.5624,0.5,10,5,300
5.01187e-09,1.71133,0.5,10,5,300
6.30957e-09,1.86291,0.5,10,5,300
7.94328e-09,2.01623,0.5,10,5,300
1e-08,2.1704,0.5,10,5,300
1.25893e-08,2.32455,0.5,10,5,300
1.58489e-08,2.47784,0.5,10,5,300
1.99526e-08,2.62945,0.5,10,5,300
2.51189e-08,2.7786,0.5,10,5,300
3.16228e-08,2.92455,0.5,10,5,300
3.98107e-08,3.06661,0.5,10,5,300
5.01187e-08,3.20415,0.5,10,5,300
6.30957e-08,3.3366,0.5,10,5,300
7.94328e-08,3.4634,0.5,10,5,300
1e-07,3.58408,0.5,10,5,300
1.25893e-07,3.69817,0.5,10,5,300
1.58489e-07,3.80525,0.5,10,5,300
1.99526e-07,3.90497,0.5,10,5,300
2.51189e-07,3.99702,0.5,10,5,300
3.16228e-07,4.08119,0.5,10,5,300
3.98107e-07,4.15738,0.5,10,5,300
5.01187e-07,4.2256,0.5,10,5,300
6.30957e-07,4.28602,0.5,10,5,300
7.94328e-07,4.33893,0.5,10,5,300
1e-06,4.38474,0.5,10,5,300
1.25893e-06,4.42399,0.5,10,5,300
1.58489e-06,4.45726,0.5,10,5,300
1.99526e-06,4.48521,0.5,10,5,300
2.51189e-06,4.50849,0.5,10,5,300
3.16228e-06,4.52772,0.5,10,5,300
3.98107e-06,4.5435,0.5,10,5,300
5.01187e-06,4.55638,0.5,10,5,300
6.30957e-06,4.56684,0.5,10,5,300
7.94328e-06,4.5753,0.5,10,5,300
1e-05,4.58212,0.5,10,5,300
1.25893e-05,4.5876,0.5,10,5,300
1.58489e-05,4.59199,0.5,10,5,300
1.99526e-05,4.59551,0.5,10,5,300
2.51189e-05,4.59832,0.5,10,5,300
3.16228e-05,4.60056,0.5,10,5,300
3.98107e-05,4.60235,0.5,10,5,300
5.01187e-05,4.60378,0.5,10,5,300
6.30957e-05,4.60491,0.5,10,5,300
7.94328e-05,4.60582,0.5,10,5,300
0.0001,4.60653,0.5,10,5,300
1e-09,0.777156,0.5,10,5,400
1.25893e-09,0.89046,0.5,10,5,400
1.58489e-09,1.01196,0.5,10,5,400
1.99526e-09,1.14084,0.5,10,5,400
2.51189e-09,1.27619,0.5,10,5,400
3.16228e-09,1.41703,0.5,10,5,400
3.98107e-09,1.5624,0.5,10,5,400
5.01187e-09,1.71133,0.5,10,5,400
6.30957e-09,1.86291,0.5,10,5,400
7.94328e-09,2.01623,0.5,10,5,400
1e-08,2.1704,0.5,10,5,400
1.25893e-08,2.32455,0.5,10,5,400
1.58489e-08,2.47784,0.5,10,5,400
1.99526e-08,2.62945,0.5,10,5,400
2.51189e-08,2.7786,0.5,10,5,400
3.16228e-08,2.92455,0.5,10,5,400
3.98107e-08,3.06661,0.5,10,5,400
5.01187e-08,3.20415,0.5,10,5,400
6.30957e-08,3.3366,0.5,10,5,400
7.94328e-08,3.4634,0.5,10,5,400
1e-07,3.58408,0.5,10,5,400
1.25893e-07,3.69817,0.5,10,5,400
1.58489e-07,3.80525,0.5,10,5,400
1.99526e-07,3.90497,0.5,10,5,400
2.51189e-07,3.99702,0.5,10,5,400
3.16228e-07,4.08119,0.5,10,5,400
3.98107e-07,4.15738,0.5,10,5,400
5.01187e-07,4.2256,0.5,10,5,400
6.30957e-07,4.28602,0.5,10,5,400
7.94328e-07,4.33893,0.5,10,5,400
1e-06,4.38474,0.5,10,5,400
1.25893e-06,4.42399,0.5,10,5,400
1.58489e-06,4.45726,0.5,10,5,400
1.99526e-06,4.48521,0.5,10,5,400
2.51189e-06,4.50849,0.5,10,5,400
3.16228e-06,4.52772,0.5,10,5,400
3.98107e-06,4.5435,0.5,10,5,400
5.01187e-06,4.55638,0.5,10,5,400
6.30957e-06,4.56684,0.5,10,5,400
7.94328e-06,4.5753,0.5,10,5,400
1e-05,4.58212,0.5,10,5,400
1.25893e-05,4.5876,0.5,10,5,400
1.58489e-05,4.59199,0.5,10,5,400
1.99526e-05,4.59551,0.5,10,5,400
2.51189e-05,4.59832,0.5,10,5,400
3.16228e-05,4.60056,0.5,10,5,400
3.98107e-05,4.60235,0.5,10,5,400
5.01187e-05,4.60378,0.5,10,5,400
6.30957e-05,4.60491,0.5,10,5,400
7.94328e-05,4.60582,0.5,10,5,400
0.0001,4.60653,0.5,10,5,400
1e-09,0.777156,0.5,10,5,500
1.25893e-09,0.89046,0.5,10,5,500
1.58489e-09,1.01196,0.5,10,5,500
1.99526e-09,1.14084,0.5,10,5,500
2.51189e-09,1.27619,0.5,10,5,500
3.16228e-09,1.41703,0.5,10,5,500
3.98107e-09,1.5624,0.5,10,5,500
5.01187e-09,1.71133,0.5,10,5,500
6.30957e-09,1.86291,0.5,10,5,500
7.94328e-09,2.01623,0.5,10,5,500
1e-08,2.1704,0.5,10,5,500
1.25893e-08,2.32455,0.5,10,5,500
1.58489e-08,2.47784,0.5,10,5,500
1.99526e-08,2.62945,0.5,10,5,500
2.51189e-08,2.7786,0.5,10,5,500
3.16228e-08,2.92455,0.5,10,5,500
3.98107e-08,3.06661,0.5,10,5,500
5.01187e-08,3.20415,0.5,10,5,500
6.30957e-08,3.3366,0.5,10,5,500
7.94328e-08,3.4634,0.5,10,5,500
1e-07,3.58408,0.5,10,5,500
1.25893e-07,3.69817,0.5,10,5,500
1.58489e-07,3.80525,0.5,10,5,500
1.99526e-07,3.90497,0.5,10,5,500
2.51189e-07,3.99702,0.5,10,5,500
3.16228e-07,4.08119,0.5,10,5,500
3.98107e-07,4.15738,0.5,10,5,500
5.01187e-07,4.2256,0.5,10,5,500
6.30957e-07,4.28602,0.5,10,5,500
7.94328e-07,4.33893,0.5,10,5,500
1e-06,4.38474,0.5,10,5,500
1.25893e-06,4.42399,0.5,10,5,500
1.58489e-06,4.45726,0.5,10,5,500
1.99526e-06,4.48521,0.5,10,5,500
2.51189e-06,4.50849,0.5,10,5,500
3.16228e-06,4.52772,0.5,10,5,500
3.98107e-06,4.5435,0.5,10,5,500
5.01187e-06,4.55638,0.5,10,5,500
6.30957e-06,4.56684,0.5,10,5,500
7.94328e-06,4.5753,0.5,10,5,500
1e-05,4.58212,0.5,10,5,500
1.25893e-05,4.5876,0.5,10,5,500
1.58489e-05,4.59199,0.5,10,5,500
1.99526e-05,4.59551,0.5,10,5,500
2.51189e-05,4.59832,0.5,10,5,500
3.16228e-05,4.60056,0.5,10,5,500
3.98107e-05,4.60235,0.5,10,5,500
5.01187e-05,4.60378,0.5,10,5,500
6.30957e-05,4.60491,0.5,10,5,500
7.94328e-05,4.60582,0.5,10,5,500
0.0001,4.60653,0.5,10,5,500
1e-09,0.888209,0.5,10,10,300
1.25893e-09,1.02315,0.5,10,10,300
1.58489e-09,1.16856,0.5,10,10,300
1.99526e-09,1.32328,0.5,10,10,300
2.51189e-09,1.48593,0.5,10,10,300
3.16228e-09,1.65498,0.5,10,10,300
3.98107e-09,1.82886,0.5,10,10,300
5.01187e-09,2.00597,0.5,10,10,300
6.30957e-09,2.18478,0.5,10,10,300
7.94328e-09,2.36382,0.5,10,10,300
1e-08,2.54174,0.5,10,10,300
1.25893e-08,2.71725,0.5,10,10,300
1.58489e-08,2.88921,0.5,10,10,300
1.99526e-08,3.05656,0.5,10,10,300
2.51189e-08,3.21844,0.5,10,10,300
3.16228e-08,3.37411,0.5,10,10,300
3.98107e-08,3.52303,0.5,10,10,300
5.01187e-08,3.66484,0.5,10,10,300
6.30957e-08,3.79934,0.5,10,10,300
7.94328e-08,3.92648,0.5,10,10,300
1e-07,4.0463,0.5,10,10,300
1.25893e-07,4.15892,0.5,10,10,300
1.58489e-07,4.26447,0.5,10,10,300
1.99526e-07,4.36305,0.5,10,10,300
2.51189e-07,4.45475,0.5,10,10,300
3.16228e-07,4.53958,0.5,10,10,300
3.98107e-07,4.61754,0.5,10,10,300
5.01187e-07,4.68861,0.5,10,10,300
6.30957e-07,4.75281,0.5,10,10,300
7.94328e-07,4.81021,0.5,10,10,300
1e-06,4.86098,0.5,10,10,300
1.25893e-06,4.90538,0.5,10,10,300
1.58489e-06,4.94378,0.5,10,10,300
1.99526e-06,4.97664,0.5,10,10,300
2.51189e-06,5.00446,0.5,10,10,300
3.16228e-06,5.0278,0.5,10,10,300
3.98107e-06,5.04721,0.5,10,10,300
5.01187e-06,5.06323,0.5,10,10,300
6.30957e-06,5.07636,0.5,10,10,300
7.94328e-06,5.08707,0.5,10,10,300
1e-05,5.09576,0.5,10,10,300
1.25893e-05,5.10278,0.5,10,10,300
1.58489e-05,5.10844,0.5,10,10,300
1.99526e-05,5.11298,0.5,10,10,300
2.51189e-05,5.11663,0.5,10,10,300
3.16228e-05,5.11954,0.5,10,10,300
3.98107e-05,5.12187,0.5,10,10,300
5.01187e-05,5.12373,0.5,10,10,300
6.30957e-05,5.12521,0.5,10,10,300
7.94328e-05,5.12639,0.5,10,10,300
0.0001,5.12733,0.5,10,10,300
1e-09,0.888209,0.5,10,10,400
1.25893e-09,1.02315,0.5,10,10,400
1.58489e-09,1.16856,0.5,10,10,400
1.99526e-09,1.32328,0.5,10,10,400
2.51189e-09,1.48593,0.5,10,10,400
3.16228e-09,1.65498,0.5,10,10,400
3.98107e-09,1.82886,0.5,10,10,400
5.01187e-09,2.00597,0.5,10,10,400
6.30957e-09,2.18478,0.5,10,10,400
7.94328e-09,2.36382,0.5,10,10,400
1e-08,2.54174,0.5,10,10,400
1.25893e-08,2.71725,0.5,10,10,400
1.58489e-08,2.88921,0.5,10,10,400
1.99526e-08,3.05656,0.5,10,10,400
2.51189e-08,3.21844,0.5,10,10,400
3.16228e-08,3.37411,0.5,10,10,400
3.98107e-08,3.52303,0.5,10,10,400
5.01187e-08,3.66484,0.5,10,10,400
6.30957e-08,3.79934,0.5,10,10,400
7.94328e-08,3.92648,0.5,10,10,400
1e-07,4.0463,0.5,10,10,400
1.25893e-07,4.15892,0.5,10,10,400
1.58489e-07,4.26447,0.5,10,10,400
1.99526e-07,4.36305,0.5,10,10,400
2.51189e-07,4.45475,0.5,10,10,400
3.16228e-07,4.53958,0.5,10,10,400
3.98107e-07,4.61754,0.5,10,10,400
5.01187e-07,4.68861,0.5,10,10,400
6.30957e-07,4.75281,0.5,10,10,400
7.94328e-07,4.81021,0.5,10,10,400
1e-06,4.86098,0.5,10,10,400
1.25893e-06,4.90538,0.5,10,10,400
1.58489e-06,4.94378,0.5,10,10,400
1.99526e-06,4.97664,0.5,10,10,400
2.51189e-06,5.00446,0.5,10,10,400
3.16228e-06,5.0278,0.5,10,10,400
3.98107e-06,5.04721,0.5,10,10,400
5.01187e-06,5.06323,0.5,10,10,400
6.30957e-06,5.07636,0.5,10,10,400
7.94328e-06,5.08707,0.5,10,10,400
1e-05,5.09576,0.5,10,10,400
1.25893e-05,5.10278,0.5,10,10,400
1.58489e-05,5.10844,0.5,10,10,400
1.99526e-05,5.11298,0.5,10,10,400
2.51189e-05,5.11663,0.5,10,10,400
3.16228e-05,5.11954,0.5,10,10,400
3.98107e-05,5.12187,0.5,10,10,400
5.01187e-05,5.12373,0.5,10,10,400
6.30957e-05,5.12521,0.5,10,10,400
7.94328e-05,5.12639,0.5,10,10,400
0.0001,5.12733,0.5,10,10,400
1e-09,0.888209,0.5,10,10,500
1.25893e-09,1.02315,0.5,10,10,500
1.58489e-09,1.16856,0.5,10,10,500
1.99526e-09,1.32328,0.5,10,10,500
2.51189e-09,1.48593,0.5,10,10,500
3.16228e-09,1.65498,0.5,10,10,500
3.98107e-09,1.82886,0.5,10,10,500
5.01187e-09,2.00597,0.5,10,10,500
6.30957e-09,2.18478,0.5,10,10,500
7.94328e-09,2.36382,0.5,10,10,500
1e-08,2.54174,0.5,10,10,500
1.25893e-08,2.71725,0.5,10,10,500
1.58489e-08,2.88921,0.5,10,10,500
1.99526e-08,3.05656,0.5,10,10,500
2.51189e-08,3.21844,0.5,10,10,500
3.16228e-08,3.37411,0.5,10,10,500
3.98107e-08,3.52303,0.5,10,10,500
5.01187e-08,3.66484,0.5,10,10,500
6.30957e-08,3.79934,0.5,10,10,500
7.94328e-08,3.92648,0.5,10,10,500
1e-07,4.0463,0.5,10,10,500
1.25893e-07,4.15892,0.5,10,10,500
1.58489e-07,4.26447,0.5,10,10,500
1.99526e-07,4.36305,0.5,10,10,500
2.51189e-07,4.45475,0.5,10,10,500
3.16228e-07,4.53958,0.5,10,10,500
3.98107e-07,4.61754,0.5,10,10,500
5.01187e-07,4.68861,0.5,10,10,500
6.30957e-07,4.75281,0.5,10,10,500
7.94328e-07,4.81021,0.5,10,10,500
1e-06,4.86098,0.5,10,10,500
1.25893e-06,4.90538,0.5,10,10,500
1.58489e-06,4.94378,0.5,10,10,500
1.99526e-06,4.97664,0.5,10,10,500
2.51189e-06,5.00446,0.5,10,10,500
3.16228e-06,5.0278,0.5,10,10,500
3.98107e-06,5.04721,0.5,10,10,500
5.01187e-06,5.06323,0.5,10,10,500
6.30957e-06,5.07636,0.5,10,10,500
7.94328e-06,5.08707,0.5,10,10,500
1e-05,5.09576,0.5,10,10,500
1.25893e-05,5.10278,0.5,10,10,500
1.58489e-05,5.10844,0.5,10,10,500
1.99526e-05,5.11298,0.5,10,10,500
2.51189e-05,5.11663,0.5,10,10,500
3.16228e-05,5.11954,0.5,10,10,500
3.98107e-05,5.12187,0.5,10,10,500
5.01187e-05,5.12373,0.5,10,10,500
6.30957e-05,5.12521,0.5,10,10,500
7.94328e-05,5.12639,0.5,10,10,500
0.0001,5.12733,0.5,10,10,500
1e-09,1.0879,0.5,10,20,300
1.25893e-09,1.27009,0.5,10,20,300
1.58489e-09,1.4702,0.5,10,20,300
1.99526e-09,1.68696,0.5,10,20,300
2.51189e-09,1.91847,0.5,10,20,300
3.16228e-09,2.16233,0.5,10,20,300
3.98107e-09,2.41572,0.5,10,20,300
5.01187e-09,2.67562,0.5,10,20,300
6.30957e-09,2.93888,0.5,10,20,300
7.94328e-09,3.20242,0.5,10,20,300
1e-08,3.46327,0.5,10,20,300
1.25893e-08,3.71869,0.5,10,20,300
1.58489e-08,3.96623,0.5,10,20,300
1.99526e-08,4.20374,0.5,10,20,300
2.51189e-08,4.42946,0.5,10,20,300
3.16228e-08,4.64206,0.5,10,20,300
3.98107e-08,4.84063,0.5,10,20,300
5.01187e-08,5.02475,0.5,10,20,300
6.30957e-08,5.19446,0.5,10,20,300
7.94328e-08,5.3502,0.5,10,20,300
1e-07,5.49279,0.5,10,20,300
1.25893e-07,5.62328,0.5,10,20,300
1.58489e-07,5.74288,0.5,10,20,300
1.99526e-07,5.85279,0.5,10,20,300
2.51189e-07,5.95414,0.5,10,20,300
3.16228e-07,6.04784,0.5,10,20,300
3.98107e-07,6.13457,0.5,10,20,300
5.01187e-07,6.21473,0.5,10,20,300
6.30957e-07,6.28851,0.5,10,20,300
7.94328e-07,6.35594,0.5,10,20,300
1e-06,6.417,0.5,10,20,300
1.25893e-06,6.47167,0.5,10,20,300
1.58489e-06,6.52003,0.5,10,20,300
1.99526e-06,6.56227,0.5,10,20,300
2.51189e-06,6.5987,0.5,10,20,300
3.16228e-06,6.62976,0.5,10,20,300
3.98107e-06,6.65596,0.5,10,20,300
5.01187e-06,6.67784,0.5,10,20,300
6.30957e-06,6.69596,0.5,10,20,300
7.94328e-06,6.71085,0.5,10,20,300
1e-05,6.72302,0.5,10,20,300
1.25893e-05,6.73291,0.5,10,20,300
1.58489e-05,6.74091,0.5,10,20,300
1.99526e-05,6.74736,0.5,10,20,300
2.51189e-05,6.75255,0.5,10,20,300
3.16228e-05,6.75671,0.5,10,20,300
3.98107e-05,6.76004,0.5,10,20,300
5.01187e-05,6.7627,0.5,10,20,300
6.30957e-05,6.76482,0.5,10,20,300
7.94328e-05,6.76651,0.5,10,20,300
0.0001,6.76786,0.5,10,20,300
1e-09,1.0879,0.5,10,20,400
1.25893e-09,1.27009,0.5,10,20,400
1.58489e-09,1.4702,0.5,10,20,400
1.99526e-09,1.68696,0.5,10,20,400
2.51189e-09,1.91847,0.5,10,20,400
3.16228e-09,2.16233,0.5,10,20,400
3.98107e-09,2.41572,0.5,10,20,400
5.01187e-09,2.67562,0.5,10,20,400
6.30957e-09,2.93888,0.5,10,20,400
7.94328e-09,3.20242,0.5,10,20,400
1e-08,3.46327,0.5,10,20,400
1.25893e-08,3.71869,0.5,10,20,400
1.58489e-08,3.96623,0.5,10,20,400
1.99526e-08,4.20374,0.5,10,20,400
2.51189e-08,4.42946,0.5,10,20,400
3.16228e-08,4.64206,0.5,10,20,400
3.98107e-08,4.84063,0.5,10,20,400
5.01187e-08,5.02475,0.5,10,20,400
6.30957e-08,5.19446,0.5,10,20,400
7.94328e-08,5.3502,0.5,10,20,400
1e-07,5.49279,0.5,10,20,400
1.25893e-07,5.62328,0.5,10,20,400
1.58489e-07,5.74288,0.5,10,20,400
1.99526e-07,5.85279,0.5,10,20,400
2.51189e-07,5.95414,0.5,10,20,400
3.16228e-07,6.04784,0.5,10,20,400
3.98107e-07,6.13457,0.5,10,20,400
5.01187e-07,6.21473,0.5,10,20,400
6.30957e-07,6.28851,0.5,10,20,400
7.94328e-07,6.35594,0.5,10,20,400
1e-06,6.417,0.5,10,20,400
1.25893e-06,6.47167,0.5,10,20,400
1.58489e-06,6.52003,0.5,10,20,400
1.99526e-06,6.56227,0.5,10,20,400
2.51189e-06,6.5987,0.5,10,20,400
3.16228e-06,6.62976,0.5,10,20,400
3.98107e-06,6.65596,0.5,10,20,400
5.01187e-06,6.67784,0.5,10,20,400
6.30957e-06,6.69596,0.5,10,20,400
7.94328e-06,6.71085,0.5,10,20,400
1e-05,6.72302,0.5,10,20,400
1.25893e-05,6.73291,0.5,10,20,400
1.58489e-05,6.74091,0.5,10,20,400
1.99526e-05,6.74736,0.5,10,20,400
2.51189e-05,6.75255,0.5,10,20,400
3.16228e-05,6.75671,0.5,10,20,400
3.98107e-05,6.76004,0.5,10,20,400
5.01187e-05,6.7627,0.5,10,20,400
6.30957e-05,6.76482,0.5,10,20,400
7.94328e-05,6.76651,0.5,10,20,400
0.0001,6.76786,0.5,10,20,400
1e-09,1.0879,0.5,10,20,500
1.25893e-09,1.27009,0.5,10,20,500
1.58489e-09,1.4702,0.5,10,20,500
1.99526e-09,1.68696,0.5,10,20,500
2.51189e-09,1.91847,0.5,10,20,500
3.16228e-09,2.16233,0.5,10,20,500
3.98107e-09,2.41572,0.5,10,20,500
5.01187e-09,2.67562,0.5,10,20,500
6.30957e-09,2.93888,0.5,10,20,500
7.94328e-09,3.20242,0.5,10,20,500
1e-08,3.46327,0.5,10,20,500
1.25893e-08,3.71869,0.5,10,20,500
1.58489e-08,3.96623,0.5,10,20,500
1.99526e-08,4.20374,0.5,10,20,500
2.51189e-08,4.42946,0.5,10,20,500
3.16228e-08,4.64206,0.5,10,20,500
3.98107e-08,4.84063,0.5,10,20,500
5.01187e-08,5.02475,0.5,10,20,500
6.30957e-08,5.19446,0.5,10,20,500
7.94328e-08,5.3502,0.5,10,20,500
1e-07,5.49279,0.5,10,20,500
1.25893e-07,5.62328,0.5,10,20,500
1.58489e-07,5.74288,0.5,10,20,500
1.99526e-07,5.85279,0.5,10,20,500
2.51189e-07,5.95414,0.5,10,20,500
3.16228e-07,6.04784,0.5,10,20,500
3.98107e-07,6.13457,0.5,10,20,500
5.01187e-07,6.21473,0.5,10,20,500
6.30957e-07,6.28851,0.5,10,20,500
7.94328e-07,6.35594,0.5,10,20,500
1e-06,6.417,0.5,10,20,500
1.25893e-06,6.47167,0.5,10,20,500
1.58489e-06,6.52003,0.5,10,20,500
1.99526e-06,6.56227,0.5,10,20,500
2.51189e-06,6.5987,0.5,10,20,500
3.16228e-06,6.62976,0.5,10,20,500
3.98107e-06,6.65596,0.5,10,20,500
5.01187e-06,6.67784,0.5,10,20,500
6.30957e-06,6.69596,0.5,10,20,500
7.94328e-06,6.71085,0.5,10,20,500
1e-05,6.72302,0.5,10,20,500
1.25893e-05,6.73291,0.5,10,20,500
1.58489e-05,6.74091,0.5,10,20,500
1.99526e-05,6.74736,0.5,10,20,500
2.51189e-05,6.75255,0.5,10,20,500
3.16228e-05,6.75671,0.5,10,20,500
3.98107e-05,6.76004,0.5,10,20,500
5.01187e-05,6.7627,0.5,10,20,500
6.30957e-05,6.76482,0.5,10,20,500
7.94328e-05,6.76651,0.5,10,20,500
0.0001,6.76786,0.5,10,20,500
1e-09,0.921191,0.5,20,2,300
1.25893e-09,1.08528,0.5,20,2,300
1.58489e-09,1.26881,0.5,20,2,300
1.99526e-09,1.47164,0.5,20,2,300
2.51189e-09,1.69311,0.5,20,2,300
3.16228e-09,1.93211,0.5,20,2,300
3.98107e-09,2.18714,0.5,20,2,300
5.01187e-09,2.45641,0.5,20,2,300
6.30957e-09,2.738,0.5,20,2,300
7.94328e-09,3.02994,0.5,20,2,300
1e-08,3.33034,0.5,20,2,300
1.25893e-08,3.63747,0.5,20,2,300
1.58489e-08,3.94976,0.5,20,2,300
1.99526e-08,4.26585,0.5,20,2,300
2.51189e-08,4.58451,0.5,20,2,300
3.16228e-08,4.90468,0.5,20,2,300
3.98107e-08,5.22533,0.5,20,2,300
5.01187e-08,5.54548,0.5,20,2,300
6.30957e-08,5.86411,0.5,20,2,300
7.94328e-08,6.18022,0.5,20,2,300
1e-07,6.49274,0.5,20,2,300
1.25893e-07,6.80063,0.5,20,2,300
1.58489e-07,7.10285,0.5,20,2,300
1.99526e-07,7.39837,0.5,20,2,300
2.51189e-07,7.68619,0.5,20,2,300
3.16228e-07,7.96532,0.5,20,2,300
3.98107e-07,8.23474,0.5,20,2,300
5.01187e-07,8.49342,0.5,20,2,300
6.30957e-07,8.74027,0.5,20,2,300
7.94328e-07,8.97421,0.5,20,2,300
1e-06,9.19416,0.5,20,2,300
1.25893e-06,9.39915,0.5,20,2,300
1.58489e-06,9.58834,0.5,20,2,300
1.99526e-06,9.7611,0.5,20,2,300
2.51189e-06,9.9171,0.5,20,2,300
3.16228e-06,10.0563,0.5,20,2,300
3.98107e-06,10.179,0.5,20,2,300
5.01187e-06,10.286,0.5,20,2,300
6.30957e-06,10.378,0.5,20,2,300
7.94328e-06,10.4565,0.5,20,2,300
1e-05,10.5226,0.5,20,2,300
1.25893e-05,10.5778,0.5,20,2,300
1.58489e-05,10.6235,0.5,20,2,300
1.99526e-05,10.6611,0.5,20,2,300
2.51189e-05,10.6919,0.5,20,2,300
3.16228e-05,10.7169,0.5,20,2,300
3.98107e-05,10.7371,0.5,20,2,300
5.01187e-05,10.7534,0.5,20,2,300
6.30957e-05,10.7666,0.5,20,2,300
7.94328e-05,10.7771,0.5,20,2,300
0.0001,10.7855,0.5,20,2,300
1e-09,0.921191,0.5,20,2,400
1.25893e-09,1.08528,0.5,20,2,400
1.58489e-09,1.26881,0.5,20,2,400
1.99526e-09,1.47164,0.5,20,2,400
2.51189e-09,1.69311,0.5,20,2,400
3.16228e-09,1.93211,0.5,20,2,400
3.98107e-09,2.18714,0.5,20,2,400
5.01187e-09,2.45641,0.5,20,2,400
6.30957e-09,2.738,0.5,20,2,400
7.94328e-09,3.02994,0.5,20,2,400
1e-08,3.33034,0.5,20,2,400
1.25893e-08,3.63747,0.5,20,2,400
1.58489e-08,3.94976,0.5,20,2,400
1.99526e-08,4.26585,0.5,20,2,400
2.51189e-08,4.58451,0.5,20,2,400
3.16228e-08,4.90468,0.5,20,2,400
3.98107e-08,5.22533,0.5,20,2,400
5.01187e-08,5.54548,0.5,20,2,400
6.30957e-08,5.86411,0.5,20,2,400
7.94328e-08,6.18022,0.5,20,2,400
1e-07,6.49274,0.5,20,2,400
1.25893e-07,6.80063,0.5,20,2,400
1.58489e-07,7.10285,0.5,20,2,400
1.99526e-07,7.39837,0.5,20,2,400
2.51189e-07,7.68619,0.5,20,2,400
3.16228e-07,7.96532,0.5,20,2,400
3.98107e-07,8.23474,0.5,20,2,400
5.01187e-07,8.49342,0.5,20,2,400
6.30957e-07,8.74027,0.5,20,2,400
7.94328e-07,8.97421,0.5,20,2,400
1e-06,9.19416,0.5,20,2,400
1.25893e-06,9.39915,0.5,20,2,400
1.58489e-06,9.58834,0.5,20,2,400
1.99526e-06,9.7611,0.5,20,2,400
2.51189e-06,9.9171,0.5,20,2,400
3.16228e-06,10.0563,0.5,20,2,400
3.98107e-06,10.179,0.5,20,2,400
5.01187e-06,10.286,0.5,20,2,400
6.30957e-06,10.378,0.5,20,2,400
7.94328e-06,10.4565,0.5,20,2,400
1e-05,10.5226,0.5,20,2,400
1.25893e-05,10.5778,0.5,20,2,400
1.58489e-05,10.6235,0.5,20,2,400
1.99526e-05,10.6611,0.5,20,2,400
2.51189e-05,10.6919,0.5,20,2,400
3.16228e-05,10.7169,0.5,20,2,400
3.98107e-05,10.7371,0.5,20,2,400
5.01187e-05,10.7534,0.5,20,2,400
6.30957e-05,10.7666,0.5,20,2,400
7.94328e-05,10.7771,0.5,20,2,400
0.0001,10.7855,0.5,20,2,400
1e-09,0.921191,0.5,20,2,500
1.25893e-09,1.08528,0.5,20,2,500
1.58489e-09,1.26881,0.5,20,2,500
1.99526e-09,1.47164,0.5,20,2,500
2.51189e-09,1.69311,0.5,20,2,500
3.16228e-09,1.93211,0.5,20,2,500
3.98107e-09,2.18714,0.5,20,2,500
5.01187e-09,2.45641,0.5,20,2,500
6.30957e-09,2.738,0.5,20,2,500
7.94328e-09,3.02994,0.5,20,2,500
1e-08,3.33034,0.5,20,2,500
1.25893e-08,3.63747,0.5,20,2,500
1.58489e-08,3.94976,0.5,20,2,500
1.99526e-08,4.26585,0.5,20,2,500
2.51189e-08,4.58451,0.5,20,2,500
3.16228e-08,4.90468,0.5,20,2,500
3.98107e-08,5.22533,0.5,20,2,500
5.01187e-08,5.54548,0.5,20,2,500
6.30957e-08,5.86411,0.5,20,2,500
7.94328e-08,6.18022,0.5,20,2,500
1e-07,6.49274,0.5,20,2,500
1.25893e-07,6.80063,0.5,20,2,500
1.58489e-07,7.10285,0.5,20,2,500
1.99526e-07,7.39837,0.5,20,2,500
2.51189e-07,7.68619,0.5,20,2,500
3.16228e-07,7.96532,0.5,20,2,500
3.98107e-07,8.23474,0.5,20,2,500
5.01187e-07,8.49342,0.5,20,2,500
6.30957e-07,8.74027,0.5,20,2,500
7.94328e-07,8.97421,0.5,20,2,500
1e-06,9.19416,0.5,20,2,500
1.25893e-06,9.39915,0.5,20,2,500
1.58489e-06,9.58834,0.5,20,2,500
1.99526e-06,9.7611,0.5,20,2,500
2.51189e-06,9.9171,0.5,20,2,500
3.16228e-06,10.0563,0.5,20,2,500
3.98107e-06,10.179,0.5,20,2,500
5.01187e-06,10.286,0.5,20,2,500
6.30957e-06,10.378,0.5,20,2,500
7.94328e-06,10.4565,0.5,20,2,500
1e-05,10.5226,0.5,20,2,500
1.25893e-05,10.5778,0.5,20,2,500
1.58489e-05,10.6235,0.5,20,2,500
1.99526e-05,10.6611,0.5,20,2,500
2.51189e-05,10.6919,0.5,20,2,500
3.16228e-05,10.7169,0.5,20,2,500
3.98107e-05,10.7371,0.5,20,2,500
5.01187e-05,10.7534,0.5,20,2,500
6.30957e-05,10.7666,0.5,20,2,500
7.94328e-05,10.7771,0.5,20,2,500
0.0001,10.7855,0.5,20,2,500
1e-09,0.881719,0.5,20,5,300
1.25893e-09,1.02857,0.5,20,5,300
1.58489e-09,1.19019,0.5,20,5,300
1.99526e-09,1.3659,0.5,20,5,300
2.51189e-09,1.55469,0.5,20,5,300
3.16228e-09,1.75529,0.5,20,5,300
3.98107e-09,1.96624,0.5,20,5,300
5.01187e-09,2.18601,0.5,20,5,300
6.30957e-09,2.41302,0.5,20,5,300
7.94328e-09,2.64579,0.5,20,5,300
1e-08,2.88286,0.5,20,5,300
1.25893e-08,3.12287,0.5,20,5,300
1.58489e-08,3.36451,0.5,20,5,300
1.99526e-08,3.60649,0.5,20,5,300
2.51189e-08,3.84754,0.5,20,5,300
3.16228e-08,4.08635,0.5,20,5,300
3.98107e-08,4.32161,0.5,20,5,300
5.01187e-08,4.55196,0.5,20,5,300
6.30957e-08,4.77605,0.5,20,5,300
7.94328e-08,4.99257,0.5,20,5,300
1e-07,5.2003,0.5,20,5,300
1.25893e-07,5.39814,0.5,20,5,300
1.58489e-07,5.58514,0.5,20,5,300
1.99526e-07,5.76055,0.5,20,5,300
2.51189e-07,5.92374,0.5,20,5,300
3.16228e-07,6.07431,0.5,20,5,300
3.98107e-07,6.21196,0.5,20,5,300
5.01187e-07,6.33659,0.5,20,5,300
6.30957e-07,6.44827,0.5,20,5,300
7.94328e-07,6.54727,0.5,20,5,300
1e-06,6.63406,0.5,20,5,300
1.25893e-06,6.70929,0.5,20,5,300
1.58489e-06,6.77379,0.5,20,5,300
1.99526e-06,6.82852,0.5,20,5,300
2.51189e-06,6.87451,0.5,20,5,300
3.16228e-06,6.91283,0.5,20,5,300
3.98107e-06,6.94449,0.5,20,5,300
5.01187e-06,6.97048,0.5,20,5,300
6.30957e-06,6.9917,0.5,20,5,300
7.94328e-06,7.00893,0.5,20,5,300
1e-05,7.02286,0.5,20,5,300
1.25893e-05,7.03409,0.5,20,5,300
1.58489e-05,7.04312,0.5,20,5,300
1.99526e-05,7.05035,0.5,20,5,300
2.51189e-05,7.05615,0.5,20,5,300
3.16228e-05,7.06077,0.5,20,5,300
3.98107e-05,7.06447,0.5,20,5,300
5.01187e-05,7.06742,0.5,20,5,300
6.30957e-05,7.06976,0.5,20,5,300
7.94328e-05,7.07163,0.5,20,5,300
0.0001,7.07312,0.5,20,5,300
1e-09,0.881719,0.5,20,5,400
1.25893e-09,1.02857,0.5,20,5,400
1.58489e-09,1.19019,0.5,20,5,400
1.99526e-09,1.3659,0.5,20,5,400
2.51189e-09,1.55469,0.5,20,5,400
3.16228e-09,1.75529,0.5,20,5,400
3.98107e-09,1.96624,0.5,20,5,400
5.01187e-09,2.18601,0.5,20,5,400
6.30957e-09,2.41302,0.5,20,5,400
7.94328e-09,2.64579,0.5,20,5,400
1e-08,2.88286,0.5,20,5,400
1.25893e-08,3.12287,0.5,20,5,400
1.58489e-08,3.36451,0.5,20,5,400
1.99526e-08,3.60649,0.5,20,5,400
2.51189e-08,3.84754,0.5,20,5,400
3.16228e-08,4.08635,0.5,20,5,400
3.98107e-08,4.32161,0.5,20,5,400
5.01187e-08,4.55196,0.5,20,5,400
6.30957e-08,4.77605,0.5,20,5,400
7.94328e-08,4.99257,0.5,20,5,400
1e-07,5.2003,0.5,20,5,400
1.25893e-07,5.39814,0.5,20,5,400
1.58489e-07,5.58514,0.5,20,5,400
1.99526e-07,5.76055,0.5,20,5,400
2.51189e-07,5.92374,0.5,20,5,400
3.16228e-07,6.07431,0.5,20,5,400
3.98107e-07,6.21196,0.5,20,5,400
5.01187e-07,6.33659,0.5,20,5,400
6.30957e-07,6.44827,0.5,20,5,400
7.94328e-07,6.54727,0.5,20,5,400
1e-06,6.63406,0.5,20,5,400
1.25893e-06,6.70929,0.5,20,5,400
1.58489e-06,6.77379,0.5,20,5,400
1.99526e-06,6.82852,0.5,20,5,400
2.51189e-06,6.87451,0.5,20,5,400
3.16228e-06,6.91283,0.5,20,5,400
3.98107e-06,6.94449,0.5,20,5,400
5.01187e-06,6.97048,0.5,20,5,400
6.30957e-06,6.9917,0.5,20,5,400
7.94328e-06,7.00893,0.5,20,5,400
1e-05,7.02286,0.5,20,5,400
1.25893e-05,7.03409,0.5,20,5,400
1.58489e-05,7.04312,0.5,20,5,400
1.99526e-05,7.05035,0.5,20,5,400
2.51189e-05,7.05615,0.5,20,5,400
3.16228e-05,7.06077,0.5,20,5,400
3.98107e-05,7.06447,0.5,20,5,400
5.01187e-05,7.06742,0.5,20,5,400
6.30957e-05,7.06976,0.5,20,5,400
7.94328e-05,7.07163,0.5,20,5,400
0.0001,7.07312,0.5,20,5,400
1e-09,0.881719,0.5,20,5,500
1.25893e-09,1.02857,0.5,20,5,500
1.58489e-09,1.19019,0.5,20,5,500
1.99526e-09,1.3659,0.5,20,5,500
2.51189e-09,1.55469,0.5,20,5,500
3.16228e-09,1.75529,0.5,20,5,500
3.98107e-09,1.96624,0.5,20,5,500
5.01187e-09,2.18601,0.5,20,5,500
6.30957e-09,2.41302,0.5,20,5,500
7.94328e-09,2.64579,0.5,20,5,500
1e-08,2.88286,0.5,20,5,500
1.25893e-08,3.12287,0.5,20,5,500
1.58489e-08,3.36451,0.5,20,5,500
1.99526e-08,3.60649,0.5,20,5,500
2.51189e-08,3.84754,0.5,20,5,500
3.16228e-08,4.08635,0.5,20,5,500
3.98107e-08,4.32161,0.5,20,5,500
5.01187e-08,4.55196,0.5,20,5,500
6.30957e-08,4.77605,0.5,20,5,500
7.94328e-08,4.99257,0.5,20,5,500
1e-07,5.2003,0.5,20,5,500
1.25893e-07,5.39814,0.5,20,5,500
1.58489e-07,5.58514,0.5,20,5,500
1.99526e-07,5.76055,0.5,20,5,500
2.51189e-07,5.92374,0.5,20,5,500
3.16228e-07,6.07431,0.5,20,5,500
3.98107e-07,6.21196,0.5,20,5,500
5.01187e-07,6.33659,0.5,20,5,500
6.30957e-07,6.44827,0.5,20,5,500
7.94328e-07,6.54727,0.5,20,5,500
1e-06,6.63406,0.5,20,5,500
1.25893e-06,6.70929,0.5,20,5,500
1.58489e-06,6.77379,0.5,20,5,500
1.99526e-06,6.82852,0.5,20,5,500
2.51189e-06,6.87451,0.5,20,5,500
3.16228e-06,6.91283,0.5,20,5,500
3.98107e-06,6.94449,0.5,20,5,500
5.01187e-06,6.97048,0.5,20,5,500
6.30957e-06,6.9917,0.5,20,5,500
7.94328e-06,7.00893,0.5,20,5,500
1e-05,7.02286,0.5,20,5,500
1.25893e-05,7.03409,0.5,20,5,500
1.58489e-05,7.04312,0.5,20,5,500
1.99526e-05,7.05035,0.5,20,5,500
2.51189e-05,7.05615,0.5,20,5,500
3.16228e-05,7.06077,0.5,20,5,500
3.98107e-05,7.06447,0.5,20,5,500
5.01187e-05,7.06742,0.5,20,5,500
6.30957e-05,7.06976,0.5,20,5,500
7.94328e-05,7.07163,0.5,20,5,500
0.0001,7.07312,0.5,20,5,500
1e-09,0.941674,0.5,20,10,300
1.25893e-09,1.09924,0.5,20,10,300
1.58489e-09,1.27244,0.5,20,10,300
1.99526e-09,1.46034,0.5,20,10,300
2.51189e-09,1.66157,0.5,20,10,300
3.16228e-09,1.87439,0.5,20,10,300
3.98107e-09,2.09684,0.5,20,10,300
5.01187e-09,2.32686,0.5,20,10,300
6.30957e-09,2.56239,0.5,20,10,300
7.94328e-09,2.80146,0.5,20,10,300
1e-08,3.04225,0.5,20,10,300
1.25893e-08,3.28309,0.5,20,10,300
1.58489e-08,3.52247,0.5,20,10,300
1.99526e-08,3.75899,0.5,20,10,300
2.51189e-08,3.99138,0.5,20,10,300
3.16228e-08,4.21847,0.5,20,10,300
3.98107e-08,4.4392,0.5,20,10,300
5.01187e-08,4.65265,0.5,20,10,300
6.30957e-08,4.85806,0.5,20,10,300
7.94328e-08,5.05481,0.5,20,10,300
1e-07,5.24246,0.5,20,10,300
1.25893e-07,5.42068,0.5,20,10,300
1.58489e-07,5.58925,0.5,20,10,300
1.99526e-07,5.74797,0.5,20,10,300
2.51189e-07,5.89664,0.5,20,10,300
3.16228e-07,6.03504,0.5,20,10,300
3.98107e-07,6.16291,0.5,20,10,300
5.01187e-07,6.28001,0.5,20,10,300
6.30957e-07,6.38616,0.5,20,10,300
7.94328e-07,6.48132,0.5,20,10,300
1e-06,6.56561,0.5,20,10,300
1.25893e-06,6.63939,0.5,20,10,300
1.58489e-06,6.7032,0.5,20,10,300
1.99526e-06,6.75776,0.5,20,10,300
2.51189e-06,6.80391,0.5,20,10,300
3.16228e-06,6.84258,0.5,20,10,300
3.98107e-06,6.8747,0.5,20,10,300
5.01187e-06,6.90117,0.5,20,10,300
6.30957e-06,6.92286,0.5,20,10,300
7.94328e-06,6.94052,0.5,20,10,300
1e-05,6.95483,0.5,20,10,300
1.25893e-05,6.96639,0.5,20,10,300
1.58489e-05,6.9757,0.5,20,10,300
1.99526e-05,6.98317,0.5,20,10,300
2.51189e-05,6.98916,0.5,20,10,300
3.16228e-05,6.99394,0.5,20,10,300
3.98107e-05,6.99777,0.5,20,10,300
5.01187e-05,7.00082,0.5,20,10,300
6.30957e-05,7.00325,0.5,20,10,300
7.94328e-05,7.00519,0.5,20,10,300
0.0001,7.00673,0.5,20,10,300
1e-09,0.941674,0.5,20,10,400
1.25893e-09,1.09924,0.5,20,10,400
1.58489e-09,1.27244,0.5,20,10,400
1.99526e-09,1.46034,0.5,20,10,400
2.51189e-09,1.66157,0.5,20,10,400
3.16228e-09,1.87439,0.5,20,10,400
3.98107e-09,2.09684,0.5,20,10,400
5.01187e-09,2.32686,0.5,20,10,400
6.30957e-09,2.56239,0.5,20,10,400
7.94328e-09,2.80146,0.5,20,10,400
1e-08,3.04225,0.5,20,10,400
1.25893e-08,3.28309,0.5,20,10,400
1.58489e-08,3.52247,0.5,20,10,400
1.99526e-08,3.75899,0.5,20,10,400
2.51189e-08,3.99138,0.5,20,10,400
3.16228e-08,4.21847,0.5,20,10,400
3.98107e-08,4.4392,0.5,20,10,400
5.01187e-08,4.65265,0.5,20,10,400
6.30957e-08,4.85806,0.5,20,10,400
7.94328e-08,5.05481,0.5,20,10,400
1e-07,5.24246,0.5,20,10,400
1.25893e-07,5.42068,0.5,20,10,400
1.58489e-07,5.58925,0.5,20,10,400
1.99526e-07,5.74797,0.5,20,10,400
2.51189e-07,5.89664,0.5,20,10,400
3.16228e-07,6.03504,0.5,20,10,400
3.98107e-07,6.16291,0.5,20,10,400
5.01187e-07,6.28001,0.5,20,10,400
6.30957e-07,6.38616,0.5,20,10,400
7.94328e-07,6.48132,0.5,20,10,400
1e-06,6.56561,0.5,20,10,400
1.25893e-06,6.63939,0.5,20,10,400
1.58489e-06,6.7032,0.5,20,10,400
1.99526e-06,6.75776,0.5,20,10,400
2.51189e-06,6.80391,0.5,20,10,400
3.16228e-06,6.84258,0.5,20,10,400
3.98107e-06,6.8747,0.5,20,10,400
5.01187e-06,6.90117,0.5,20,10,400
6.30957e-06,6.92286,0.5,20,10,400
7.94328e-06,6.94052,0.5,20,10,400
1e-05,6.95483,0.5,20,10,400
1.25893e-05,6.96639,0.5,20,10,400
1.58489e-05,6.9757,0.5,20,10,400
1.99526e-05,6.98317,0.5,20,10,400
2.51189e-05,6.98916,0.5,20,10,400
3.16228e-05,6.99394,0.5,20,10,400
3.98107e-05,6.99777,0.5,20,10,400
5.01187e-05,7.00082,0.5,20,10,400
6.30957e-05,7.00325,0.5,20,10,400
7.94328e-05,7.00519,0.5,20,10,400
0.0001,7.00673,0.5,20,10,400
1e-09,0.941674,0.5,20,10,500
1.25893e-09,1.09924,0.5,20,10,500
1.58489e-09,1.27244,0.5,20,10,500
1.99526e-09,1.46034,0.5,20,10,500
2.51189e-09,1.66157,0.5,20,10,500
3.16228e-09,1.87439,0.5,20,10,500
3.98107e-09,2.09684,0.5,20,10,500
5.01187e-09,2.32686,0.5,20,10,500
6.30957e-09,2.56239,0.5,20,10,500
7.94328e-09,2.80146,0.5,20,10,500
1e-08,3.04225,0.5,20,10,500
1.25893e-08,3.28309,0.5,20,10,500
1.58489e-08,3.52247,0.5,20,10,500
1.99526e-08,3.75899,0.5,20,10,500
2.51189e-08,3.99138,0.5,20,10,500
3.16228e-08,4.21847,0.5,20,10,500
3.98107e-08,4.4392,0.5,20,10,500
5.01187e-08,4.65265,0.5,20,10,500
6.30957e-08,4.85806,0.5,20,10,500
7.94328e-08,5.05481,0.5,20,10,500
1e-07,5.24246,0.5,20,10,500
1.25893e-07,5.42068,0.5,20,10,500
1.58489e-07,5.58925,0.5,20,10,500
1.99526e-07,5.74797,0.5,20,10,500
2.51189e-07,5.89664,0.5,20,10,500
3.16228e-07,6.03504,0.5,20,10,500
3.98107e-07,6.16291,0.5,20,10,500
5.01187e-07,6.28001,0.5,20,10,500
6.30957e-07,6.38616,0.5,20,10,500
7.94328e-07,6.48132,0.5,20,10,500
1e-06,6.56561,0.5,20,10,500
1.25893e-06,6.63939,0.5,20,10,500
1.58489e-06,6.7032,0.5,20,10,500
1.99526e-06,6.75776,0.5,20,10,500
2.51189e-06,6.80391,0.5,20,10,500
3.16228e-06,6.84258,0.5,20,10,500
3.98107e-06,6.8747,0.5,20,10,500
5.01187e-06,6.90117,0.5,20,10,500
6.30957e-06,6.92286,0.5,20,10,500
7.94328e-06,6.94052,0.5,20,10,500
1e-05,6.95483,0.5,20,10,500
1.25893e-05,6.96639,0.5,20,10,500
1.58489e-05,6.9757,0.5,20,10,500
1.99526e-05,6.98317,0.5,20,10,500
2.51189e-05,6.98916,0.5,20,10,500
3.16228e-05,6.99394,0.5,20,10,500
3.98107e-05,6.99777,0.5,20,10,500
5.01187e-05,7.00082,0.5,20,10,500
6.30957e-05,7.00325,0.5,20,10,500
7.94328e-05,7.00519,0.5,20,10,500
0.0001,7.00673,0.5,20,10,500
1e-09,1.07581,0.5,20,20,300
1.25893e-09,1.26553,0.5,20,20,300
1.58489e-09,1.47661,0.5,20,20,300
1.99526e-09,1.70829,0.5,20,20,300
2.51189e-09,1.9591,0.5,20,20,300
3.16228e-09,2.2269,0.5,20,20,300
3.98107e-09,2.50896,0.5,20,20,300
5.01187e-09,2.80215,0.5,20,20,300
6.30957e-09,3.10308,0.5,20,20,300
7.94328e-09,3.40833,0.5,20,20,300
1e-08,3.71453,0.5,20,20,300
1.25893e-08,4.01849,0.5,20,20,300
1.58489e-08,4.31731,0.5,20,20,300
1.99526e-08,4.60836,0.5,20,20,300
2.51189e-08,4.88935,0.5,20,20,300
3.16228e-08,5.15833,0.5,20,20,300
3.98107e-08,5.41375,0.5,20,20,300
5.01187e-08,5.65445,0.5,20,20,300
6.30957e-08,5.87969,0.5,20,20,300
7.94328e-08,6.08917,0.5,20,20,300
1e-07,6.28304,0.5,20,20,300
1.25893e-07,6.46181,0.5,20,20,300
1.58489e-07,6.62631,0.5,20,20,300
1.99526e-07,6.77757,0.5,20,20,300
2.51189e-07,6.9167,0.5,20,20,300
3.16228e-07,7.04475,0.5,20,20,300
3.98107e-07,7.16264,0.5,20,20,300
5.01187e-07,7.27107,0.5,20,20,300
6.30957e-07,7.37051,0.5,20,20,300
7.94328e-07,7.46124,0.5,20,20,300
1e-06,7.54342,0.5,20,20,300
1.25893e-06,7.61717,0.5,20,20,300
1.58489e-06,7.68265,0.5,20,20,300
1.99526e-06,7.74011,0.5,20,20,300
2.51189e-06,7.78996,0.5,20,20,300
3.16228e-06,7.8327,0.5,20,20,300
3.98107e-06,7.86894,0.5,20,20,300
5.01187e-06,7.89937,0.5,20,20,300
6.30957e-06,7.92469,0.5,20,20,300
7.94328e-06,7.94559,0.5,20,20,300
1e-05,7.96273,0.5,20,20,300
1.25893e-05,7.9767,0.5,20,20,300
1.58489e-05,7.98803,0.5,20,20,300
1.99526e-05,7.99719,0.5,20,20,300
2.51189e-05,8.00457,0.5,20,20,300
3.16228e-05,8.01049,0.5,20,20,300
3.98107e-05,8.01524,0.5,20,20,300
5.01187e-05,8.01904,0.5,20,20,300
6.30957e-05,8.02207,0.5,20,20,300
7.94328e-05,8.02449,0.5,20,20,300
0.0001,8.02642,0.5,20,20,300
1e-09,1.07581,0.5,20,20,400
1.25893e-09,1.26553,0.5,20,20,400
1.58489e-09,1.47661,0.5,20,20,400
1.99526e-09,1.70829,0.5,20,20,400
2.51189e-09,1.9591,0.5,20,20,400
3.16228e-09,2.2269,0.5,20,20,400
3.98107e-09,2.50896,0.5,20,20,400
5.01187e-09,2.80215,0.5,20,20,400
6.30957e-09,3.10308,0.5,20,20,400
7.94328e-09,3.40833,0.5,20,20,400
1e-08,3.71453,0.5,20,20,400
1.25893e-08,4.01849,0.5,20,20,400
1.58489e-08,4.31731,0.5,20,20,400
1.99526e-08,4.60836,0.5,20,20,400
2.51189e-08,4.88935,0.5,20,20,400
3.16228e-08,5.15833,0.5,20,20,400
3.98107e-08,5.41375,0.5,20,20,400
5.01187e-08,5.65445,0.5,20,20,400
6.30957e-08,5.87969,0.5,20,20,400
7.94328e-08,6.08917,0.5,20,20,400
1e-07,6.28304,0.5,20,20,400
1.25893e-07,6.46181,0.5,20,20,400
1.58489e-07,6.62631,0.5,20,20,400
1.99526e-07,6.77757,0.5,20,20,400
2.51189e-07,6.9167,0.5,20,20,400
3.16228e-07,7.04475,0.5,20,20,400
3.98107e-07,7.16264,0.5,20,20,400
5.01187e-07,7.27107,0.5,20,20,400
6.30957e-07,7.37051,0.5,20,20,400
7.94328e-07,7.46124,0.5,20,20,400
1e-06,7.54342,0.5,20,20,400
1.25893e-06,7.61717,0.5,20,20,400
1.58489e-06,7.68265,0.5,20,20,400
1.99526e-06,7.74011,0.5,20,20,400
2.51189e-06,7.78996,0.5,20,20,400
3.16228e-06,7.8327,0.5,20,20,400
3.98107e-06,7.86894,0.5,20,20,400
5.01187e-06,7.89937,0.5,20,20,400
6.30957e-06,7.92469,0.5,20,20,400
7.94328e-06,7.94559,0.5,20,20,400
1e-05,7.96273,0.5,20,20,400
1.25893e-05,7.9767,0.5,20,20,400
1.58489e-05,7.98803,0.5,20,20,400
1.99526e-05,7.99719,0.5,20,20,400
2.51189e-05,8.00457,0.5,20,20,400
3.16228e-05,8.01049,0.5,20,20,400
3.98107e-05,8.01524,0.5,20,20,400
5.01187e-05,8.01904,0.5,20,20,400
6.30957e-05,8.02207,0.5,20,20,400
7.94328e-05,8.02449,0.5,20,20,400
0.0001,8.02642,0.5,20,20,400
1e-09,1.07581,0.5,20,20,500
1.25893e-09,1.26553,0.5,20,20,500
1.58489e-09,1.47661,0.5,20,20,500
1.99526e-09,1.70829,0.5,20,20,500
2.51189e-09,1.9591,0.5,20,20,500
3.16228e-09,2.2269,0.5,20,20,500
3.98107e-09,2.50896,0.5,20,20,500
5.01187e-09,2.80215,0.5,20,20,500
6.30957e-09,3.10308,0.5,20,20,500
7.94328e-09,3.40833,0.5,20,20,500
1e-08,3.71453,0.5,20,20,500
1.25893e-08,4.01849,0.5,20,20,500
1.58489e-08,4.31731,0.5,20,20,500
1.99526e-08,4.60836,0.5,20,20,500
2.51189e-08,4.88935,0.5,20,20,500
3.16228e-08,5.15833,0.5,20,20,500
3.98107e-08,5.41375,0.5,20,20,500
5.01187e-08,5.65445,0.5,20,20,500
6.30957e-08,5.87969,0.5,20,20,500
7.94328e-08,6.08917,0.5,20,20,500
1e-07,6.28304,0.5,20,20,500
1.25893e-07,6.46181,0.5,20,20,500
1.58489e-07,6.62631,0.5,20,20,500
1.99526e-07,6.77757,0.5,20,20,500
2.51189e-07,6.9167,0.5,20,20,500
3.16228e-07,7.04475,0.5,20,20,500
3.98107e-07,7.16264,0.5,20,20,500
5.01187e-07,7.27107,0.5,20,20,500
6.30957e-07,7.37051,0.5,20,20,500
7.94328e-07,7.46124,0.5,20,20,500
1e-06,7.54342,0.5,20,20,500
1.25893e-06,7.61717,0.5,20,20,500
1.58489e-06,7.68265,0.5,20,20,500
1.99526e-06,7.74011,0.5,20,20,500
2.51189e-06,7.78996,0.5,20,20,500
3.16228e-06,7.8327,0.5,20,20,500
3.98107e-06,7.86894,0.5,20,20,500
5.01187e-06,7.89937,0.5,20,20,500
6.30957e-06,7.92469,0.5,20,20,500
7.94328e-06,7.94559,0.5,20,20,500
1e-05,7.96273,0.5,20,20,500
1.25893e-05,7.9767,0.5,20,20,500
1.58489e-05,7.98803,0.5,20,20,500
1.99526e-05,7.99719,0.5,20,20,500
2.51189e-05,8.00457,0.5,20,20,500
3.16228e-05,8.01049,0.5,20,20,500
3.98107e-05,8.01524,0.5,20,20,500
5.01187e-05,8.01904,0.5,20,20,500
6.30957e-05,8.02207,0.5,20,20,500
7.94328e-05,8.02449,0.5,20,20,500
0.0001,8.02642,0.5,20,20,500
1e-09,0.633578,0.7,2,2,300
1.25893e-09,0.714334,0.7,2,2,300
1.58489e-09,0.801147,0.7,2,2,300
1.99526e-09,0.894261,0.7,2,2,300
2.51189e-09,0.99401,0.7,2,2,300
3.16228e-09,1.10081,0.7,2,2,300
3.98107e-09,1.21518,0.7,2,2,300
5.01187e-09,1.33767,0.7,2,2,300
6.30957e-09,1.46893,0.7,2,2,300
7.94328e-09,1.60964,0.7,2,2,300
1e-08,1.76049,0.7,2,2,300
1.25893e-08,1.92219,0.7,2,2,300
1.58489e-08,2.09541,0.7,2,2,300
1.99526e-08,2.28078,0.7,2,2,300
2.51189e-08,2.47885,0.7,2,2,300
3.16228e-08,2.69009,0.7,2,2,300
3.98107e-08,2.91483,0.7,2,2,300
5.01187e-08,3.15331,0.7,2,2,300
6.30957e-08,3.40561,0.7,2,2,300
7.94328e-08,3.67169,0.7,2,2,300
1e-07,3.95134,0.7,2,2,300
1.25893e-07,4.2442,0.7,2,2,300
1.58489e-07,4.54965,0.7,2,2,300
1.99526e-07,4.86683,0.7,2,2,300
2.51189e-07,5.19454,0.7,2,2,300
3.16228e-07,5.53124,0.7,2,2,300
3.98107e-07,5.87496,0.7,2,2,300
5.01187e-07,6.22337,0.7,2,2,300
6.30957e-07,6.57378,0.7,2,2,300
7.94328e-07,6.92316,0.7,2,2,300
1e-06,7.26821,0.7,2,2,300
1.25893e-06,7.60537,0.7,2,2,300
1.58489e-06,7.93097,0.7,2,2,300
1.99526e-06,8.24134,0.7,2,2,300
2.51189e-06,8.53306,0.7,2,2,300
3.16228e-06,8.80316,0.7,2,2,300
3.98107e-06,9.04938,0.7,2,2,300
5.01187e-06,9.27034,0.7,2,2,300
6.30957e-06,9.46562,0.7,2,2,300
7.94328e-06,9.63569,0.7,2,2,300
1e-05,9.78183,0.7,2,2,300
1.25893e-05,9.90585,0.7,2,2,300
1.58489e-05,10.01,0.7,2,2,300
1.99526e-05,10.0966,0.7,2,2,300
2.51189e-05,10.168,0.7,2,2,300
3.16228e-05,10.2265,0.7,2,2,300
3.98107e-05,10.2742,0.7,2,2,300
5.01187e-05,10.3128,0.7,2,2,300
6.30957e-05,10.344,0.7,2,2,300
7.94328e-05,10.3691,0.7,2,2,300
0.0001,10.3892,0.7,2,2,300
1e-09,0.633578,0.7,2,2,400
1.25893e-09,0.714334,0.7,2,2,400
1.58489e-09,0.801147,0.7,2,2,400
1.99526e-09,0.894261,0.7,2,2,400
2.51189e-09,0.99401,0.7,2,2,400
3.16228e-09,1.10081,0.7,2,2,400
3.98107e-09,1.21518,0.7,2,2,400
5.01187e-09,1.33767,0.7,2,2,400
6.30957e-09,1.46893,0.7,2,2,400
7.94328e-09,1.60964,0.7,2,2,400
1e-08,1.76049,0.7,2,2,400
1.25893e-08,1.92219,0.7,2,2,400
1.58489e-08,2.09541,0.7,2,2,400
1.99526e-08,2.28078,0.7,2,2,400
2.51189e-08,2.47885,0.7,2,2,400
3.16228e-08,2.69009,0.7,2,2,400
3.98107e-08,2.91483,0.7,2,2,400
5.01187e-08,3.15331,0.7,2,2,400
6.30957e-08,3.40561,0.7,2,2,400
7.94328e-08,3.67169,0.7,2,2,400
1e-07,3.95134,0.7,2,2,400
1.25893e-07,4.2442,0.7,2,2,400
1.58489e-07,4.54965,0.7,2,2,400
1.99526e-07,4.86683,0.7,2,2,400
2.51189e-07,5.19454,0.7,2,2,400
3.16228e-07,5.53124,0.7,2,2,400
3.98107e-07,5.87496,0.7,2,2,400
5.01187e-07,6.22337,0.7,2,2,400
6.30957e-07,6.57378,0.7,2,2,400
7.94328e-07,6.92316,0.7,2,2,400
1e-06,7.26821,0.7,2,2,400
1.25893e-06,7.60537,0.7,2,2,400
1.58489e-06,7.93097,0.7,2,2,400
1.99526e-06,8.24134,0.7,2,2,400
2.51189e-06,8.53306,0.7,2,2,400
3.16228e-06,8.80316,0.7,2,2,400
3.98107e-06,9.04938,0.7,2,2,400
5.01187e-06,9.27034,0.7,2,2,400
6.30957e-06,9.46562,0.7,2,2,400
7.94328e-06,9.63569,0.7,2,2,400
1e-05,9.78183,0.7,2,2,400
1.25893e-05,9.90585,0.7,2,2,400
1.58489e-05,10.01,0.7,2,2,400
1.99526e-05,10.0966,0.7,2,2,400
2.51189e-05,10.168,0.7,2,2,400
3.16228e-05,10.2265,0.7,2,2,400
3.98107e-05,10.2742,0.7,2,2,400
5.01187e-05,10.3128,0.7,2,2,400
6.30957e-05,10.344,0.7,2,2,400
7.94328e-05,10.3691,0.7,2,2,400
0.0001,10.3892,0.7,2,2,400
1e-09,0.633578,0.7,2,2,500
1.25893e-09,0.714334,0.7,2,2,500
1.58489e-09,0.801147,0.7,2,2,500
1.99526e-09,0.894261,0.7,2,2,500
2.51189e-09,0.99401,0.7,2,2,500
3.16228e-09,1.10081,0.7,2,2,500
3.98107e-09,1.21518,0.7,2,2,500
5.01187e-09,1.33767,0.7,2,2,500
6.30957e-09,1.46893,0.7,2,2,500
7.94328e-09,1.60964,0.7,2,2,500
1e-08,1.76049,0.7,2,2,500
1.25893e-08,1.92219,0.7,2,2,500
1.58489e-08,2.09541,0.7,2,2,500
1.99526e-08,2.28078,0.7,2,2,500
2.51189e-08,2.47885,0.7,2,2,500
3.16228e-08,2.69009,0.7,2,2,500
3.98107e-08,2.91483,0.7,2,2,500
5.01187e-08,3.15331,0.7,2,2,500
6.30957e-08,3.40561,0.7,2,2,500
7.94328e-08,3.67169,0.7,2,2,500
1e-07,3.95134,0.7,2,2,500
1.25893e-07,4.2442,0.7,2,2,500
1.58489e-07,4.54965,0.7,2,2,500
1.99526e-07,4.86683,0.7,2,2,500
2.51189e-07,5.19454,0.7,2,2,500
3.16228e-07,5.53124,0.7,2,2,500
3.98107e-07,5.87496,0.7,2,2,500
5.01187e-07,6.22337,0.7,2,2,500
6.30957e-07,6.57378,0.7,2,2,500
7.94328e-07,6.92316,0.7,2,2,500
1e-06,7.26821,0.7,2,2,500
1.25893e-06,7.60537,0.7,2,2,500
1.58489e-06,7.93097,0.7,2,2,500
1.99526e-06,8.24134,0.7,2,2,500
2.51189e-06,8.53306,0.7,2,2,500
3.16228e-06,8.80316,0.7,2,2,500
3.98107e-06,9.04938,0.7,2,2,500
5.01187e-06,9.27034,0.7,2,2,500
6.30957e-06,9.46562,0.7,2,2,500
7.94328e-06,9.63569,0.7,2,2,500
1e-05,9.78183,0.7,2,2,500
1.25893e-05,9.90585,0.7,2,2,500
1.58489e-05,10.01,0.7,2,2,500
1.99526e-05,10.0966,0.7,2,2,500
2.51189e-05,10.168,0.7,2,2,500
3.16228e-05,10.2265,0.7,2,2,500
3.98107e-05,10.2742,0.7,2,2,500
5.01187e-05,10.3128,0.7,2,2,500
6.30957e-05,10.344,0.7,2,2,500
7.94328e-05,10.3691,0.7,2,2,500
0.0001,10.3892,0.7,2,2,500
1e-09,0.687536,0.7,2,5,300
1.25893e-09,0.775439,0.7,2,5,300
1.58489e-09,0.869361,0.7,2,5,300
1.99526e-09,0.969289,0.7,2,5,300
2.51189e-09,1.07526,0.7,2,5,300
3.16228e-09,1.18737,0.7,2,5,300
3.98107e-09,1.30574,0.7,2,5,300
5.01187e-09,1.43051,0.7,2,5,300
6.30957e-09,1.56185,0.7,2,5,300
7.94328e-09,1.69987,0.7,2,5,300
1e-08,1.84464,0.7,2,5,300
1.25893e-08,1.99617,0.7,2,5,300
1.58489e-08,2.15433,0.7,2,5,300
1.99526e-08,2.31889,0.7,2,5,300
2.51189e-08,2.48947,0.7,2,5,300
3.16228e-08,2.66556,0.7,2,5,300
3.98107e-08,2.84646,0.7,2,5,300
5.01187e-08,3.03131,0.7,2,5,300
6.30957e-08,3.21908,0.7,2,5,300
7.94328e-08,3.40859,0.7,2,5,300
1e-07,3.59854,0.7,2,5,300
1.25893e-07,3.78756,0.7,2,5,300
1.58489e-07,3.9743,0.7,2,5,300
1.99526e-07,4.15745,0.7,2,5,300
2.51189e-07,4.33589,0.7,2,5,300
3.16228e-07,4.5086,0.7,2,5,300
3.98107e-07,4.67477,0.7,2,5,300
5.01187e-07,4.83367,0.7,2,5,300
6.30957e-07,4.98466,0.7,2,5,300
7.94328e-07,5.12711,0.7,2,5,300
1e-06,5.26039,0.7,2,5,300
1.25893e-06,5.3839,0.7,2,5,300
1.58489e-06,5.4971,0.7,2,5,300
1.99526e-06,5.5996,0.7,2,5,300
2.51189e-06,5.69121,0.7,2,5,300
3.16228e-06,5.772,0.7,2,5,300
3.98107e-06,5.84231,0.7,2,5,300
5.01187e-06,5.90275,0.7,2,5,300
6.30957e-06,5.95409,0.7,2,5,300
7.94328e-06,5.99724,0.7,2,5,300
1e-05,6.03316,0.7,2,5,300
1.25893e-05,6.06283,0.7,2,5,300
1.58489e-05,6.08716,0.7,2,5,300
1.99526e-05,6.107,0.7,2,5,300
2.51189e-05,6.12309,0.7,2,5,300
3.16228e-05,6.13609,0.7,2,5,300
3.98107e-05,6.14656,0.7,2,5,300
5.01187e-05,6.15497,0.7,2,5,300
6.30957e-05,6.16171,0.7,2,5,300
7.94328e-05,6.1671,0.7,2,5,300
0.0001,6.17141,0.7,2,5,300
1e-09,0.687536,0.7,2,5,400
1.25893e-09,0.775439,0.7,2,5,400
1.58489e-09,0.869361,0.7,2,5,400
1.99526e-09,0.969289,0.7,2,5,400
2.51189e-09,1.07526,0.7,2,5,400
3.16228e-09,1.18737,0.7,2,5,400
3.98107e-09,1.30574,0.7,2,5,400
5.01187e-09,1.43051,0.7,2,5,400
6.30957e-09,1.56185,0.7,2,5,400
7.94328e-09,1.69987,0.7,2,5,400
1e-08,1.84464,0.7,2,5,400
1.25893e-08,1.99617,0.7,2,5,400
1.58489e-08,2.15433,0.7,2,5,400
1.99526e-08,2.31889,0.7,2,5,400
2.51189e-08,2.48947,0.7,2,5,400
3.16228e-08,2.66556,0.7,2,5,400
3.98107e-08,2.84646,0.7,2,5,400
5.01187e-08,3.03131,0.7,2,5,400
6.30957e-08,3.21908,0.7,2,5,400
7.94328e-08,3.40859,0.7,2,5,400
1e-07,3.59854,0.7,2,5,400
1.25893e-07,3.78756,0.7,2,5,400
1.58489e-07,3.9743,0.7,2,5,400
1.99526e-07,4.15745,0.7,2,5,400
2.51189e-07,4.33589,0.7,2,5,400
3.16228e-07,4.5086,0.7,2,5,400
3.98107e-07,4.67477,0.7,2,5,400
5.01187e-07,4.83367,0.7,2,5,400
6.30957e-07,4.98466,0.7,2,5,400
7.94328e-07,5.12711,0.7,2,5,400
1e-06,5.26039,0.7,2,5,400
1.25893e-06,5.3839,0.7,2,5,400
1.58489e-06,5.4971,0.7,2,5,400
1.99526e-06,5.5996,0.7,2,5,400
2.51189e-06,5.69121,0.7,2,5,400
3.16228e-06,5.772,0.7,2,5,400
3.98107e-06,5.84231,0.7,2,5,400
5.01187e-06,5.90275,0.7,2,5,400
6.30957e-06,5.95409,0.7,2,5,400
7.94328e-06,5.99724,0.7,2,5,400
1e-05,6.03316,0.7,2,5,400
1.25893e-05,6.06283,0.7,2,5,400
1.58489e-05,6.08716,0.7,2,5,400
1.99526e-05,6.107,0.7,2,5,400
2.51189e-05,6.12309,0.7,2,5,400
3.16228e-05,6.13609,0.7,2,5,400
3.98107e-05,6.14656,0.7,2,5,400
5.01187e-05,6.15497,0.7,2,5,400
6.30957e-05,6.16171,0.7,2,5,400
7.94328e-05,6.1671,0.7,2,5,400
0.0001,6.17141,0.7,2,5,400
1e-09,0.687536,0.7,2,5,500
1.25893e-09,0.775439,0.7,2,5,500
1.58489e-09,0.869361,0.7,2,5,500
1.99526e-09,0.969289,0.7,2,5,500
2.51189e-09,1.07526,0.7,2,5,500
3.16228e-09,1.18737,0.7,2,5,500
3.98107e-09,1.30574,0.7,2,5,500
5.01187e-09,1.43051,0.7,2,5,500
6.30957e-09,1.56185,0.7,2,5,500
7.94328e-09,1.69987,0.7,2,5,500
1e-08,1.84464,0.7,2,5,500
1.25893e-08,1.99617,0.7,2,5,500
1.58489e-08,2.15433,0.7,2,5,500
1.99526e-08,2.31889,0.7,2,5,500
2.51189e-08,2.48947,0.7,2,5,500
3.16228e-08,2.66556,0.7,2,5,500
3.98107e-08,2.84646,0.7,2,5,500
5.01187e-08,3.03131,0.7,2,5,500
6.30957e-08,3.21908,0.7,2,5,500
7.94328e-08,3.40859,0.7,2,5,500
1e-07,3.59854,0.7,2,5,500
1.25893e-07,3.78756,0.7,2,5,500
1.58489e-07,3.9743,0.7,2,5,500
1.99526e-07,4.15745,0.7,2,5,500
2.51189e-07,4.33589,0.7,2,5,500
3.16228e-07,4.5086,0.7,2,5,500
3.98107e-07,4.67477,0.7,2,5,500
5.01187e-07,4.83367,0.7,2,5,500
6.30957e-07,4.98466,0.7,2,5,500
7.94328e-07,5.12711,0.7,2,5,500
1e-06,5.26039,0.7,2,5,500
1.25893e-06,5.3839,0.7,2,5,500
1.58489e-06,5.4971,0.7,2,5,500
1.99526e-06,5.5996,0.7,2,5,500
2.51189e-06,5.69121,0.7,2,5,500
3.16228e-06,5.772,0.7,2,5,500
3.98107e-06,5.84231,0.7,2,5,500
5.01187e-06,5.90275,0.7,2,5,500
6.30957e-06,5.95409,0.7,2,5,500
7.94328e-06,5.99724,0.7,2,5,500
1e-05,6.03316,0.7,2,5,500
1.25893e-05,6.06283,0.7,2,5,500
1.58489e-05,6.08716,0.7,2,5,500
1.99526e-05,6.107,0.7,2,5,500
2.51189e-05,6.12309,0.7,2,5,500
3.16228e-05,6.13609,0.7,2,5,500
3.98107e-05,6.14656,0.7,2,5,500
5.01187e-05,6.15497,0.7,2,5,500
6.30957e-05,6.16171,0.7,2,5,500
7.94328e-05,6.1671,0.7,2,5,500
0.0001,6.17141,0.7,2,5,500
1e-09,0.838977,0.7,2,10,300
1.25893e-09,0.953959,0.7,2,10,300
1.58489e-09,1.07704,0.7,2,10,300
1.99526e-09,1.20782,0.7,2,10,300
2.51189e-09,1.34594,0.7,2,10,300
3.16228e-09,1.49106,0.7,2,10,300
3.98107e-09,1.6429,0.7,2,10,300
5.01187e-09,1.8012,0.7,2,10,300
6.30957e-09,1.9657,0.7,2,10,300
7.94328e-09,2.1361,0.7,2,10,300
1e-08,2.31199,0.7,2,10,300
1.25893e-08,2.49285,0.7,2,10,300
1.58489e-08,2.67801,0.7,2,10,300
1.99526e-08,2.8666,0.7,2,10,300
2.51189e-08,3.0576,0.7,2,10,300
3.16228e-08,3.24982,0.7,2,10,300
3.98107e-08,3.44194,0.7,2,10,300
5.01187e-08,3.63255,0.7,2,10,300
6.30957e-08,3.82016,0.7,2,10,300
7.94328e-08,4.00329,0.7,2,10,300
1e-07,4.18045,0.7,2,10,300
1.25893e-07,4.35025,0.7,2,10,300
1.58489e-07,4.51141,0.7,2,10,300
1.99526e-07,4.66281,0.7,2,10,300
2.51189e-07,4.80355,0.7,2,10,300
3.16228e-07,4.93293,0.7,2,10,300
3.98107e-07,5.05052,0.7,2,10,300
5.01187e-07,5.15617,0.7,2,10,300
6.30957e-07,5.24998,0.7,2,10,300
7.94328e-07,5.33231,0.7,2,10,300
1e-06,5.40374,0.7,2,10,300
1.25893e-06,5.46504,0.7,2,10,300
1.58489e-06,5.51708,0.7,2,10,300
1.99526e-06,5.56085,0.7,2,10,300
2.51189e-06,5.59733,0.7,2,10,300
3.16228e-06,5.6275,0.7,2,10,300
3.98107e-06,5.65229,0.7,2,10,300
5.01187e-06,5.67253,0.7,2,10,300
6.30957e-06,5.68898,0.7,2,10,300
7.94328e-06,5.70229,0.7,2,10,300
1e-05,5.71302,0.7,2,10,300
1.25893e-05,5.72164,0.7,2,10,300
1.58489e-05,5.72856,0.7,2,10,300
1.99526e-05,5.7341,0.7,2,10,300
2.51189e-05,5.73853,0.7,2,10,300
3.16228e-05,5.74206,0.7,2,10,300
3.98107e-05,5.74488,0.7,2,10,300
5.01187e-05,5.74713,0.7,2,10,300
6.30957e-05,5.74892,0.7,2,10,300
7.94328e-05,5.75034,0.7,2,10,300
0.0001,5.75147,0.7,2,10,300
1e-09,0.838977,0.7,2,10,400
1.25893e-09,0.953959,0.7,2,10,400
1.58489e-09,1.07704,0.7,2,10,400
1.99526e-09,1.20782,0.7,2,10,400
2.51189e-09,1.34594,0.7,2,10,400
3.16228e-09,1.49106,0.7,2,10,400
3.98107e-09,1.6429,0.7,2,10,400
5.01187e-09,1.8012,0.7,2,10,400
6.30957e-09,1.9657,0.7,2,10,400
7.94328e-09,2.1361,0.7,2,10,400
1e-08,2.31199,0.7,2,10,400
1.25893e-08,2.49285,0.7,2,10,400
1.58489e-08,2.67801,0.7,2,10,400
1.99526e-08,2.8666,0.7,2,10,400
2.51189e-08,3.0576,0.7,2,10,400
3.16228e-08,3.24982,0.7,2,10,400
3.98107e-08,3.44194,0.7,2,10,400
5.01187e-08,3.63255,0.7,2,10,400
6.30957e-08,3.82016,0.7,2,10,400
7.94328e-08,4.00329,0.7,2,10,400
1e-07,4.18045,0.7,2,10,400
1.25893e-07,4.35025,0.7,2,10,400
1.58489e-07,4.51141,0.7,2,10,400
1.99526e-07,4.66281,0.7,2,10,400
2.51189e-07,4.80355,0.7,2,10,400
3.16228e-07,4.93293,0.7,2,10,400
3.98107e-07,5.05052,0.7,2,10,400
5.01187e-07,5.15617,0.7,2,10,400
6.30957e-07,5.24998,0.7,2,10,400
7.94328e-07,5.33231,0.7,2,10,400
1e-06,5.40374,0.7,2,10,400
1.25893e-06,5.46504,0.7,2,10,400
1.58489e-06,5.51708,0.7,2,10,400
1.99526e-06,5.56085,0.7,2,10,400
2.51189e-06,5.59733,0.7,2,10,400
3.16228e-06,5.6275,0.7,2,10,400
3.98107e-06,5.65229,0.7,2,10,400
5.01187e-06,5.67253,0.7,2,10,400
6.30957e-06,5.68898,0.7,2,10,400
7.94328e-06,5.70229,0.7,2,10,400
1e-05,5.71302,0.7,2,10,400
1.25893e-05,5.72164,0.7,2,10,400
1.58489e-05,5.72856,0.7,2,10,400
1.99526e-05,5.7341,0.7,2,10,400
2.51189e-05,5.73853,0.7,2,10,400
3.16228e-05,5.74206,0.7,2,10,400
3.98107e-05,5.74488,0.7,2,10,400
5.01187e-05,5.74713,0.7,2,10,400
6.30957e-05,5.74892,0.7,2,10,400
7.94328e-05,5.75034,0.7,2,10,400
0.0001,5.75147,0.7,2,10,400
1e-09,0.838977,0.7,2,10,500
1.25893e-09,0.953959,0.7,2,10,500
1.58489e-09,1.07704,0.7,2,10,500
1.99526e-09,1.20782,0.7,2,10,500
2.51189e-09,1.34594,0.7,2,10,500
3.16228e-09,1.49106,0.7,2,10,500
3.98107e-09,1.6429,0.7,2,10,500
5.01187e-09,1.8012,0.7,2,10,500
6.30957e-09,1.9657,0.7,2,10,500
7.94328e-09,2.1361,0.7,2,10,500
1e-08,2.31199,0.7,2,10,500
1.25893e-08,2.49285,0.7,2,10,500
1.58489e-08,2.67801,0.7,2,10,500
1.99526e-08,2.8666,0.7,2,10,500
2.51189e-08,3.0576,0.7,2,10,500
3.16228e-08,3.24982,0.7,2,10,500
3.98107e-08,3.44194,0.7,2,10,500
5.01187e-08,3.63255,0.7,2,10,500
6.30957e-08,3.82016,0.7,2,10,500
7.94328e-08,4.00329,0.7,2,10,500
1e-07,4.18045,0.7,2,10,500
1.25893e-07,4.35025,0.7,2,10,500
1.58489e-07,4.51141,0.7,2,10,500
1.99526e-07,4.66281,0.7,2,10,500
2.51189e-07,4.80355,0.7,2,10,500
3.16228e-07,4.93293,0.7,2,10,500
3.98107e-07,5.05052,0.7,2,10,500
5.01187e-07,5.15617,0.7,2,10,500
6.30957e-07,5.24998,0.7,2,10,500
7.94328e-07,5.33231,0.7,2,10,500
1e-06,5.40374,0.7,2,10,500
1.25893e-06,5.46504,0.7,2,10,500
1.58489e-06,5.51708,0.7,2,10,500
1.99526e-06,5.56085,0.7,2,10,500
2.51189e-06,5.59733,0.7,2,10,500
3.16228e-06,5.6275,0.7,2,10,500
3.98107e-06,5.65229,0.7,2,10,500
5.01187e-06,5.67253,0.7,2,10,500
6.30957e-06,5.68898,0.7,2,10,500
7.94328e-06,5.70229,0.7,2,10,500
1e-05,5.71302,0.7,2,10,500
1.25893e-05,5.72164,0.7,2,10,500
1.58489e-05,5.72856,0.7,2,10,500
1.99526e-05,5.7341,0.7,2,10,500
2.51189e-05,5.73853,0.7,2,10,500
3.16228e-05,5.74206,0.7,2,10,500
3.98107e-05,5.74488,0.7,2,10,500
5.01187e-05,5.74713,0.7,2,10,500
6.30957e-05,5.74892,0.7,2,10,500
7.94328e-05,5.75034,0.7,2,10,500
0.0001,5.75147,0.7,2,10,500
1e-09,1.09368,0.7,2,20,300
1.25893e-09,1.26584,0.7,2,20,300
1.58489e-09,1.45359,0.7,2,20,300
1.99526e-09,1.65617,0.7,2,20,300
2.51189e-09,1.8726,0.7,2,20,300
3.16228e-09,2.10179,0.7,2,20,300
3.98107e-09,2.34267,0.7,2,20,300
5.01187e-09,2.59422,0.7,2,20,300
6.30957e-09,2.85548,0.7,2,20,300
7.94328e-09,3.12557,0.7,2,20,300
1e-08,3.40359,0.7,2,20,300
1.25893e-08,3.68856,0.7,2,20,300
1.58489e-08,3.97933,0.7,2,20,300
1.99526e-08,4.27452,0.7,2,20,300
2.51189e-08,4.57253,0.7,2,20,300
3.16228e-08,4.87149,0.7,2,20,300
3.98107e-08,5.16936,0.7,2,20,300
5.01187e-08,5.46396,0.7,2,20,300
6.30957e-08,5.75307,0.7,2,20,300
7.94328e-08,6.03452,0.7,2,20,300
1e-07,6.30625,0.7,2,20,300
1.25893e-07,6.56636,0.7,2,20,300
1.58489e-07,6.81318,0.7,2,20,300
1.99526e-07,7.04528,0.7,2,20,300
2.51189e-07,7.26149,0.7,2,20,300
3.16228e-07,7.46093,0.7,2,20,300
3.98107e-07,7.64304,0.7,2,20,300
5.01187e-07,7.80756,0.7,2,20,300
6.30957e-07,7.95457,0.7,2,20,300
7.94328e-07,8.08446,0.7,2,20,300
1e-06,8.19795,0.7,2,20,300
1.25893e-06,8.29602,0.7,2,20,300
1.58489e-06,8.37987,0.7,2,20,300
1.99526e-06,8.45084,0.7,2,20,300
2.51189e-06,8.51036,0.7,2,20,300
3.16228e-06,8.55985,0.7,2,20,300
3.98107e-06,8.60069,0.7,2,20,300
5.01187e-06,8.63418,0.7,2,20,300
6.30957e-06,8.66149,0.7,2,20,300
7.94328e-06,8.68365,0.7,2,20,300
1e-05,8.70157,0.7,2,20,300
1.25893e-05,8.716,0.7,2,20,300
1.58489e-05,8.72759,0.7,2,20,300
1.99526e-05,8.73688,0.7,2,20,300
2.51189e-05,8.74432,0.7,2,20,300
3.16228e-05,8.75026,0.7,2,20,300
3.98107e-05,8.755,0.7,2,20,300
5.01187e-05,8.75879,0.7,2,20,300
6.30957e-05,8.7618,0.7,2,20,300
7.94328e-05,8.7642,0.7,2,20,300
0.0001,8.76611,0.7,2,20,300
1e-09,1.09368,0.7,2,20,400
1.25893e-09,1.26584,0.7,2,20,400
1.58489e-09,1.45359,0.7,2,20,400
1.99526e-09,1.65617,0.7,2,20,400
2.51189e-09,1.8726,0.7,2,20,400
3.16228e-09,2.10179,0.7,2,20,400
3.98107e-09,2.34267,0.7,2,20,400
5.01187e-09,2.59422,0.7,2,20,400
6.30957e-09,2.85548,0.7,2,20,400
7.94328e-09,3.12557,0.7,2,20,400
1e-08,3.40359,0.7,2,20,400
1.25893e-08,3.68856,0.7,2,20,400
1.58489e-08,3.97933,0.7,2,20,400
1.99526e-08,4.27452,0.7,2,20,400
2.51189e-08,4.57253,0.7,2,20,400
3.16228e-08,4.87149,0.7,2,20,400
3.98107e-08,5.16936,0.7,2,20,400
5.01187e-08,5.46396,0.7,2,20,400
6.30957e-08,5.75307,0.7,2,20,400
7.94328e-08,6.03452,0.7,2,20,400
1e-07,6.30625,0.7,2,20,400
1.25893e-07,6.56636,0.7,2,20,400
1.58489e-07,6.81318,0.7,2,20,400
1.99526e-07,7.04528,0.7,2,20,400
2.51189e-07,7.26149,0.7,2,20,400
3.16228e-07,7.46093,0.7,2,20,400
3.98107e-07,7.64304,0.7,2,20,400
5.01187e-07,7.80756,0.7,2,20,400
6.30957e-07,7.95457,0.7,2,20,400
7.94328e-07,8.08446,0.7,2,20,400
1e-06,8.19795,0.7,2,20,400
1.25893e-06,8.29602,0.7,2,20,400
1.58489e-06,8.37987,0.7,2,20,400
1.99526e-06,8.45084,0.7,2,20,400
2.51189e-06,8.51036,0.7,2,20,400
3.16228e-06,8.55985,0.7,2,20,400
3.98107e-06,8.60069,0.7,2,20,400
5.01187e-06,8.63418,0.7,2,20,400
6.30957e-06,8.66149,0.7,2,20,400
7.94328e-06,8.68365,0.7,2,20,400
1e-05,8.70157,0.7,2,20,400
1.25893e-05,8.716,0.7,2,20,400
1.58489e-05,8.72759,0.7,2,20,400
1.99526e-05,8.73688,0.7,2,20,400
2.51189e-05,8.74432,0.7,2,20,400
3.16228e-05,8.75026,0.7,2,20,400
3.98107e-05,8.755,0.7,2,20,400
5.01187e-05,8.75879,0.7,2,20,400
6.30957e-05,8.7618,0.7,2,20,400
7.94328e-05,8.7642,0.7,2,20,400
0.0001,8.76611,0.7,2,20,400
1e-09,1.09368,0.7,2,20,500
1.25893e-09,1.26584,0.7,2,20,500
1.58489e-09,1.45359,0.7,2,20,500
1.99526e-09,1.65617,0.7,2,20,500
2.51189e-09,1.8726,0.7,2,20,500
3.16228e-09,2.10179,0.7,2,20,500
3.98107e-09,2.34267,0.7,2,20,500
5.01187e-09,2.59422,0.7,2,20,500
6.30957e-09,2.85548,0.7,2,20,500
7.94328e-09,3.12557,0.7,2,20,500
1e-08,3.40359,0.7,2,20,500
1.25893e-08,3.68856,0.7,2,20,500
1.58489e-08,3.97933,0.7,2,20,500
1.99526e-08,4.27452,0.7,2,20,500
2.51189e-08,4.57253,0.7,2,20,500
3.16228e-08,4.87149,0.7,2,20,500
3.98107e-08,5.16936,0.7,2,20,500
5.01187e-08,5.46396,0.7,2,20,500
6.30957e-08,5.75307,0.7,2,20,500
7.94328e-08,6.03452,0.7,2,20,500
1e-07,6.30625,0.7,2,20,500
1.25893e-07,6.56636,0.7,2,20,500
1.58489e-07,6.81318,0.7,2,20,500
1.99526e-07,7.04528,0.7,2,20,500
2.51189e-07,7.26149,0.7,2,20,500
3.16228e-07,7.46093,0.7,2,20,500
3.98107e-07,7.64304,0.7,2,20,500
5.01187e-07,7.80756,0.7,2,20,500
6.30957e-07,7.95457,0.7,2,20,500
7.94328e-07,8.08446,0.7,2,20,500
1e-06,8.19795,0.7,2,20,500
1.25893e-06,8.29602,0.7,2,20,500
1.58489e-06,8.37987,0.7,2,20,500
1.99526e-06,8.45084,0.7,2,20,500
2.51189e-06,8.51036,0.7,2,20,500
3.16228e-06,8.55985,0.7,2,20,500
3.98107e-06,8.60069,0.7,2,20,500
5.01187e-06,8.63418,0.7,2,20,500
6.30957e-06,8.66149,0.7,2,20,500
7.94328e-06,8.68365,0.7,2,20,500
1e-05,8.70157,0.7,2,20,500
1.25893e-05,8.716,0.7,2,20,500
1.58489e-05,8.72759,0.7,2,20,500
1.99526e-05,8.73688,0.7,2,20,500
2.51189e-05,8.74432,0.7,2,20,500
3.16228e-05,8.75026,0.7,2,20,500
3.98107e-05,8.755,0.7,2,20,500
5.01187e-05,8.75879,0.7,2,20,500
6.30957e-05,8.7618,0.7,2,20,500
7.94328e-05,8.7642,0.7,2,20,500
0.0001,8.76611,0.7,2,20,500
1e-09,0.645874,0.7,5,2,300
1.25893e-09,0.730943,0.7,5,2,300
1.58489e-09,0.821939,0.7,5,2,300
1.99526e-09,0.918777,0.7,5,2,300
2.51189e-09,1.02142,0.7,5,2,300
3.16228e-09,1.12989,0.7,5,2,300
3.98107e-09,1.24425,0.7,5,2,300
5.01187e-09,1.36463,0.7,5,2,300
6.30957e-09,1.49117,0.7,5,2,300
7.94328e-09,1.62405,0.7,5,2,300
1e-08,1.76347,0.7,5,2,300
1.25893e-08,1.90958,0.7,5,2,300
1.58489e-08,2.06255,0.7,5,2,300
1.99526e-08,2.22249,0.7,5,2,300
2.51189e-08,2.38945,0.7,5,2,300
3.16228e-08,2.56343,0.7,5,2,300
3.98107e-08,2.74434,0.7,5,2,300
5.01187e-08,2.93202,0.7,5,2,300
6.30957e-08,3.1262,0.7,5,2,300
7.94328e-08,3.32652,0.7,5,2,300
1e-07,3.5325,0.7,5,2,300
1.25893e-07,3.74357,0.7,5,2,300
1.58489e-07,3.959,0.7,5,2,300
1.99526e-07,4.17799,0.7,5,2,300
2.51189e-07,4.39961,0.7,5,2,300
3.16228e-07,4.62282,0.7,5,2,300
3.98107e-07,4.84651,0.7,5,2,300
5.01187e-07,5.06948,0.7,5,2,300
6.30957e-07,5.29042,0.7,5,2,300
7.94328e-07,5.50799,0.7,5,2,300
1e-06,5.72072,0.7,5,2,300
1.25893e-06,5.9271,0.7,5,2,300
1.58489e-06,6.12552,0.7,5,2,300
1.99526e-06,6.31434,0.7,5,2,300
2.51189e-06,6.49198,0.7,5,2,300
3.16228e-06,6.65696,0.7,5,2,300
3.98107e-06,6.80812,0.7,5,2,300
5.01187e-06,6.94463,0.7,5,2,300
6.30957e-06,7.06613,0.7,5,2,300
7.94328e-06,7.17273,0.7,5,2,300
1e-05,7.265,0.7,5,2,300
1.25893e-05,7.34384,0.7,5,2,300
1.58489e-05,7.41046,0.7,5,2,300
1.99526e-05,7.46616,0.7,5,2,300
2.51189e-05,7.51233,0.7,5,2,300
3.16228e-05,7.55031,0.7,5,2,300
3.98107e-05,7.58135,0.7,5,2,300
5.01187e-05,7.60658,0.7,5,2,300
6.30957e-05,7.62701,0.7,5,2,300
7.94328e-05,7.64348,0.7,5,2,300
0.0001,7.65672,0.7,5,2,300
1e-09,0.645874,0.7,5,2,400
1.25893e-09,0.730943,0.7,5,2,400
1.58489e-09,0.821939,0.7,5,2,400
1.99526e-09,0.918777,0.7,5,2,400
2.51189e-09,1.02142,0.7,5,2,400
3.16228e-09,1.12989,0.7,5,2,400
3.98107e-09,1.24425,0.7,5,2,400
5.01187e-09,1.36463,0.7,5,2,400
6.30957e-09,1.49117,0.7,5,2,400
7.94328e-09,1.62405,0.7,5,2,400
1e-08,1.76347,0.7,5,2,400
1.25893e-08,1.90958,0.7,5,2,400
1.58489e-08,2.06255,0.7,5,2,400
1.99526e-08,2.22249,0.7,5,2,400
2.51189e-08,2.38945,0.7,5,2,400
3.16228e-08,2.56343,0.7,5,2,400
3.98107e-08,2.74434,0.7,5,2,400
5.01187e-08,2.93202,0.7,5,2,400
6.30957e-08,3.1262,0.7,5,2,400
7.94328e-08,3.32652,0.7,5,2,400
1e-07,3.5325,0.7,5,2,400
1.25893e-07,3.74357,0.7,5,2,400
1.58489e-07,3.959,0.7,5,2,400
1.99526e-07,4.17799,0.7,5,2,400
2.51189e-07,4.39961,0.7,5,2,400
3.16228e-07,4.62282,0.7,5,2,400
3.98107e-07,4.84651,0.7,5,2,400
5.01187e-07,5.06948,0.7,5,2,400
6.30957e-07,5.29042,0.7,5,2,400
7.94328e-07,5.50799,0.7,5,2,400
1e-06,5.72072,0.7,5,2,400
1.25893e-06,5.9271,0.7,5,2,400
1.58489e-06,6.12552,0.7,5,2,400
1.99526e-06,6.31434,0.7,5,2,400
2.51189e-06,6.49198,0.7,5,2,400
3.16228e-06,6.65696,0.7,5,2,400
3.98107e-06,6.80812,0.7,5,2,400
5.01187e-06,6.94463,0.7,5,2,400
6.30957e-06,7.06613,0.7,5,2,400
7.94328e-06,7.17273,0.7,5,2,400
1e-05,7.265,0.7,5,2,400
1.25893e-05,7.34384,0.7,5,2,400
1.58489e-05,7.41046,0.7,5,2,400
1.99526e-05,7.46616,0.7,5,2,400
2.51189e-05,7.51233,0.7,5,2,400
3.16228e-05,7.55031,0.7,5,2,400
3.98107e-05,7.58135,0.7,5,2,400
5.01187e-05,7.60658,0.7,5,2,400
6.30957e-05,7.62701,0.7,5,2,400
7.94328e-05,7.64348,0.7,5,2,400
0.0001,7.65672,0.7,5,2,400
1e-09,0.645874,0.7,5,2,500
1.25893e-09,0.730943,0.7,5,2,500
1.58489e-09,0.821939,0.7,5,2,500
1.99526e-09,0.918777,0.7,5,2,500
2.51189e-09,1.02142,0.7,5,2,500
3.16228e-09,1.12989,0.7,5,2,500
3.98107e-09,1.24425,0.7,5,2,500
5.01187e-09,1.36463,0.7,5,2,500
6.30957e-09,1.49117,0.7,5,2,500
7.94328e-09,1.62405,0.7,5,2,500
1e-08,1.76347,0.7,5,2,500
1.25893e-08,1.90958,0.7,5,2,500
1.58489e-08,2.06255,0.7,5,2,500
1.99526e-08,2.22249,0.7,5,2,500
2.51189e-08,2.38945,0.7,5,2,500
3.16228e-08,2.56343,0.7,5,2,500
3.98107e-08,2.74434,0.7,5,2,500
5.01187e-08,2.93202,0.7,5,2,500
6.30957e-08,3.1262,0.7,5,2,500
7.94328e-08,3.32652,0.7,5,2,500
1e-07,3.5325,0.7,5,2,500
1.25893e-07,3.74357,0.7,5,2,500
1.58489e-07,3.959,0.7,5,2,500
1.99526e-07,4.17799,0.7,5,2,500
2.51189e-07,4.39961,0.7,5,2,500
3.16228e-07,4.62282,0.7,5,2,500
3.98107e-07,4.84651,0.7,5,2,500
5.01187e-07,5.06948,0.7,5,2,500
6.30957e-07,5.29042,0.7,5,2,500
7.94328e-07,5.50799,0.7,5,2,500
1e-06,5.72072,0.7,5,2,500
1.25893e-06,5.9271,0.7,5,2,500
1.58489e-06,6.12552,0.7,5,2,500
1.99526e-06,6.31434,0.7,5,2,500
2.51189e-06,6.49198,0.7,5,2,500
3.16228e-06,6.65696,0.7,5,2,500
3.98107e-06,6.80812,0.7,5,2,500
5.01187e-06,6.94463,0.7,5,2,500
6.30957e-06,7.06613,0.7,5,2,500
7.94328e-06,7.17273,0.7,5,2,500
1e-05,7.265,0.7,5,2,500
1.25893e-05,7.34384,0.7,5,2,500
1.58489e-05,7.41046,0.7,5,2,500
1.99526e-05,7.46616,0.7,5,2,500
2.51189e-05,7.51233,0.7,5,2,500
3.16228e-05,7.55031,0.7,5,2,500
3.98107e-05,7.58135,0.7,5,2,500
5.01187e-05,7.60658,0.7,5,2,500
6.30957e-05,7.62701,0.7,5,2,500
7.94328e-05,7.64348,0.7,5,2,500
0.0001,7.65672,0.7,5,2,500
1e-09,0.639107,0.7,5,5,300
1.25893e-09,0.720086,0.7,5,5,300
1.58489e-09,0.806121,0.7,5,5,300
1.99526e-09,0.897019,0.7,5,5,300
2.51189e-09,0.992606,0.7,5,5,300
3.16228e-09,1.09271,0.7,5,5,300
3.98107e-09,1.19716,0.7,5,5,300
5.01187e-09,1.30575,0.7,5,5,300
6.30957e-09,1.41827,0.7,5,5,300
7.94328e-09,1.53443,0.7,5,5,300
1e-08,1.65391,0.7,5,5,300
1.25893e-08,1.77632,0.7,5,5,300
1.58489e-08,1.9012,0.7,5,5,300
1.99526e-08,2.02802,0.7,5,5,300
2.51189e-08,2.15621,0.7,5,5,300
3.16228e-08,2.28514,0.7,5,5,300
3.98107e-08,2.41412,0.7,5,5,300
5.01187e-08,2.54245,0.7,5,5,300
6.30957e-08,2.66939,0.7,5,5,300
7.94328e-08,2.79421,0.7,5,5,300
1e-07,2.91621,0.7,5,5,300
1.25893e-07,3.03474,0.7,5,5,300
1.58489e-07,3.1492,0.7,5,5,300
1.99526e-07,3.25911,0.7,5,5,300
2.51189e-07,3.36402,0.7,5,5,300
3.16228e-07,3.46361,0.7,5,5,300
3.98107e-07,3.55755,0.7,5,5,300
5.01187e-07,3.64557,0.7,5,5,300
6.30957e-07,3.72739,0.7,5,5,300
7.94328e-07,3.80275,0.7,5,5,300
1e-06,3.87146,0.7,5,5,300
1.25893e-06,3.93337,0.7,5,5,300
1.58489e-06,3.98847,0.7,5,5,300
1.99526e-06,4.03689,0.7,5,5,300
2.51189e-06,4.07891,0.7,5,5,300
3.16228e-06,4.11492,0.7,5,5,300
3.98107e-06,4.14544,0.7,5,5,300
5.01187e-06,4.17105,0.7,5,5,300
6.30957e-06,4.19233,0.7,5,5,300
7.94328e-06,4.20989,0.7,5,5,300
1e-05,4.22427,0.7,5,5,300
1.25893e-05,4.23598,0.7,5,5,300
1.58489e-05,4.24547,0.7,5,5,300
1.99526e-05,4.25314,0.7,5,5,300
2.51189e-05,4.25931,0.7,5,5,300
3.16228e-05,4.26427,0.7,5,5,300
3.98107e-05,4.26824,0.7,5,5,300
5.01187e-05,4.27141,0.7,5,5,300
6.30957e-05,4.27395,0.7,5,5,300
7.94328e-05,4.27597,0.7,5,5,300
0.0001,4.27759,0.7,5,5,300
1e-09,0.639107,0.7,5,5,400
1.25893e-09,0.720086,0.7,5,5,400
1.58489e-09,0.806121,0.7,5,5,400
1.99526e-09,0.897019,0.7,5,5,400
2.51189e-09,0.992606,0.7,5,5,400
3.16228e-09,1.09271,0.7,5,5,400
3.98107e-09,1.19716,0.7,5,5,400
5.01187e-09,1.30575,0.7,5,5,400
6.30957e-09,1.41827,0.7,5,5,400
7.94328e-09,1.53443,0.7,5,5,400
1e-08,1.65391,0.7,5,5,400
1.25893e-08,1.77632,0.7,5,5,400
1.58489e-08,1.9012,0.7,5,5,400
1.99526e-08,2.02802,0.7,5,5,400
2.51189e-08,2.15621,0.7,5,5,400
3.16228e-08,2.28514,0.7,5,5,400
3.98107e-08,2.41412,0.7,5,5,400
5.01187e-08,2.54245,0.7,5,5,400
6.30957e-08,2.66939,0.7,5,5,400
7.94328e-08,2.79421,0.7,5,5,400
1e-07,2.91621,0.7,5,5,400
1.25893e-07,3.03474,0.7,5,5,400
1.58489e-07,3.1492,0.7,5,5,400
1.99526e-07,3.25911,0.7,5,5,400
2.51189e-07,3.36402,0.7,5,5,400
3.16228e-07,3.46361,0.7,5,5,400
3.98107e-07,3.55755,0.7,5,5,400
5.01187e-07,3.64557,0.7,5,5,400
6.30957e-07,3.72739,0.7,5,5,400
7.94328e-07,3.80275,0.7,5,5,400
1e-06,3.87146,0.7,5,5,400
1.25893e-06,3.93337,0.7,5,5,400
1.58489e-06,3.98847,0.7,5,5,400
1.99526e-06,4.03689,0.7,5,5,400
2.51189e-06,4.07891,0.7,5,5,400
3.16228e-06,4.11492,0.7,5,5,400
3.98107e-06,4.14544,0.7,5,5,400
5.01187e-06,4.17105,0.7,5,5,400
6.30957e-06,4.19233,0.7,5,5,400
7.94328e-06,4.20989,0.7,5,5,400
1e-05,4.22427,0.7,5,5,400
1.25893e-05,4.23598,0.7,5,5,400
1.58489e-05,4.24547,0.7,5,5,400
1.99526e-05,4.25314,0.7,5,5,400
2.51189e-05,4.25931,0.7,5,5,400
3.16228e-05,4.26427,0.7,5,5,400
3.98107e-05,4.26824,0.7,5,5,400
5.01187e-05,4.27141,0.7,5,5,400
6.30957e-05,4.27395,0.7,5,5,400
7.94328e-05,4.27597,0.7,5,5,400
0.0001,4.27759,0.7,5,5,400
1e-09,0.639107,0.7,5,5,500
1.25893e-09,0.720086,0.7,5,5,500
1.58489e-09,0.806121,0.7,5,5,500
1.99526e-09,0.897019,0.7,5,5,500
2.51189e-09,0.992606,0.7,5,5,500
3.16228e-09,1.09271,0.7,5,5,500
3.98107e-09,1.19716,0.7,5,5,500
5.01187e-09,1.30575,0.7,5,5,500
6.30957e-09,1.41827,0.7,5,5,500
7.94328e-09,1.53443,0.7,5,5,500
1e-08,1.65391,0.7,5,5,500
1.25893e-08,1.77632,0.7,5,5,500
1.58489e-08,1.9012,0.7,5,5,500
1.99526e-08,2.02802,0.7,5,5,500
2.51189e-08,2.15621,0.7,5,5,500
3.16228e-08,2.28514,0.7,5,5,500
3.98107e-08,2.41412,0.7,5,5,500
5.01187e-08,2.54245,0.7,5,5,500
6.30957e-08,2.66939,0.7,5,5,500
7.94328e-08,2.79421,0.7,5,5,500
1e-07,2.91621,0.7,5,5,500
1.25893e-07,3.03474,0.7,5,5,500
1.58489e-07,3.1492,0.7,5,5,500
1.99526e-07,3.25911,0.7,5,5,500
2.51189e-07,3.36402,0.7,5,5,500
3.16228e-07,3.46361,0.7,5,5,500
3.98107e-07,3.55755,0.7,5,5,500
5.01187e-07,3.64557,0.7,5,5,500
6.30957e-07,3.72739,0.7,5,5,500
7.94328e-07,3.80275,0.7,5,5,500
1e-06,3.87146,0.7,5,5,500
1.25893e-06,3.93337,0.7,5,5,500
1.58489e-06,3.98847,0.7,5,5,500
1.99526e-06,4.03689,0.7,5,5,500
2.51189e-06,4.07891,0.7,5,5,500
3.16228e-06,4.11492,0.7,5,5,500
3.98107e-06,4.14544,0.7,5,5,500
5.01187e-06,4.17105,0.7,5,5,500
6.30957e-06,4.19233,0.7,5,5,500
7.94328e-06,4.20989,0.7,5,5,500
1e-05,4.22427,0.7,5,5,500
1.25893e-05,4.23598,0.7,5,5,500
1.58489e-05,4.24547,0.7,5,5,500
1.99526e-05,4.25314,0.7,5,5,500
2.51189e-05,4.25931,0.7,5,5,500
3.16228e-05,4.26427,0.7,5,5,500
3.98107e-05,4.26824,0.7,5,5,500
5.01187e-05,4.27141,0.7,5,5,500
6.30957e-05,4.27395,0.7,5,5,500
7.94328e-05,4.27597,0.7,5,5,500
0.0001,4.27759,0.7,5,5,500
1e-09,0.728786,0.7,5,10,300
1.25893e-09,0.823769,0.7,5,10,300
1.58489e-09,0.924503,0.7,5,10,300
1.99526e-09,1.03053,0.7,5,10,300
2.51189e-09,1.14138,0.7,5,10,300
3.16228e-09,1.25656,0.7,5,10,300
3.98107e-09,1.37558,0.7,5,10,300
5.01187e-09,1.49792,0.7,5,10,300
6.30957e-09,1.62297,0.7,5,10,300
7.94328e-09,1.75008,0.7,5,10,300
1e-08,1.87853,0.7,5,10,300
1.25893e-08,2.00751,0.7,5,10,300
1.58489e-08,2.13616,0.7,5,10,300
1.99526e-08,2.26362,0.7,5,10,300
2.51189e-08,2.38899,0.7,5,10,300
3.16228e-08,2.51145,0.7,5,10,300
3.98107e-08,2.63023,0.7,5,10,300
5.01187e-08,2.74466,0.7,5,10,300
6.30957e-08,2.85415,0.7,5,10,300
7.94328e-08,2.95821,0.7,5,10,300
1e-07,3.05647,0.7,5,10,300
1.25893e-07,3.14861,0.7,5,10,300
1.58489e-07,3.23439,0.7,5,10,300
1.99526e-07,3.31365,0.7,5,10,300
2.51189e-07,3.38628,0.7,5,10,300
3.16228e-07,3.45227,0.7,5,10,300
3.98107e-07,3.51167,0.7,5,10,300
5.01187e-07,3.56463,0.7,5,10,300
6.30957e-07,3.61138,0.7,5,10,300
7.94328e-07,3.65224,0.7,5,10,300
1e-06,3.68759,0.7,5,10,300
1.25893e-06,3.71786,0.7,5,10,300
1.58489e-06,3.74354,0.7,5,10,300
1.99526e-06,3.76513,0.7,5,10,300
2.51189e-06,3.78312,0.7,5,10,300
3.16228e-06,3.79801,0.7,5,10,300
3.98107e-06,3.81024,0.7,5,10,300
5.01187e-06,3.82023,0.7,5,10,300
6.30957e-06,3.82836,0.7,5,10,300
7.94328e-06,3.83493,0.7,5,10,300
1e-05,3.84024,0.7,5,10,300
1.25893e-05,3.8445,0.7,5,10,300
1.58489e-05,3.84793,0.7,5,10,300
1.99526e-05,3.85067,0.7,5,10,300
2.51189e-05,3.85286,0.7,5,10,300
3.16228e-05,3.85461,0.7,5,10,300
3.98107e-05,3.856,0.7,5,10,300
5.01187e-05,3.85711,0.7,5,10,300
6.30957e-05,3.858,0.7,5,10,300
7.94328e-05,3.85871,0.7,5,10,300
0.0001,3.85927,0.7,5,10,300
1e-09,0.728786,0.7,5,10,400
1.25893e-09,0.823769,0.7,5,10,400
1.58489e-09,0.924503,0.7,5,10,400
1.99526e-09,1.03053,0.7,5,10,400
2.51189e-09,1.14138,0.7,5,10,400
3.16228e-09,1.25656,0.7,5,10,400
3.98107e-09,1.37558,0.7,5,10,400
5.01187e-09,1.49792,0.7,5,10,400
6.30957e-09,1.62297,0.7,5,10,400
7.94328e-09,1.75008,0.7,5,10,400
1e-08,1.87853,0.7,5,10,400
1.25893e-08,2.00751,0.7,5,10,400
1.58489e-08,2.13616,0.7,5,10,400
1.99526e-08,2.26362,0.7,5,10,400
2.51189e-08,2.38899,0.7,5,10,400
3.16228e-08,2.51145,0.7,5,10,400
3.98107e-08,2.63023,0.7,5,10,400
5.01187e-08,2.74466,0.7,5,10,400
6.30957e-08,2.85415,0.7,5,10,400
7.94328e-08,2.95821,0.7,5,10,400
1e-07,3.05647,0.7,5,10,400
1.25893e-07,3.14861,0.7,5,10,400
1.58489e-07,3.23439,0.7,5,10,400
1.99526e-07,3.31365,0.7,5,10,400
2.51189e-07,3.38628,0.7,5,10,400
3.16228e-07,3.45227,0.7,5,10,400
3.98107e-07,3.51167,0.7,5,10,400
5.01187e-07,3.56463,0.7,5,10,400
6.30957e-07,3.61138,0.7,5,10,400
7.94328e-07,3.65224,0.7,5,10,400
1e-06,3.68759,0.7,5,10,400
1.25893e-06,3.71786,0.7,5,10,400
1.58489e-06,3.74354,0.7,5,10,400
1.99526e-06,3.76513,0.7,5,10,400
2.51189e-06,3.78312,0.7,5,10,400
3.16228e-06,3.79801,0.7,5,10,400
3.98107e-06,3.81024,0.7,5,10,400
5.01187e-06,3.82023,0.7,5,10,400
6.30957e-06,3.82836,0.7,5,10,400
7.94328e-06,3.83493,0.7,5,10,400
1e-05,3.84024,0.7,5,10,400
1.25893e-05,3.8445,0.7,5,10,400
1.58489e-05,3.84793,0.7,5,10,400
1.99526e-05,3.85067,0.7,5,10,400
2.51189e-05,3.85286,0.7,5,10,400
3.16228e-05,3.85461,0.7,5,10,400
3.98107e-05,3.856,0.7,5,10,400
5.01187e-05,3.85711,0.7,5,10,400
6.30957e-05,3.858,0.7,5,10,400
7.94328e-05,3.85871,0.7,5,10,400
0.0001,3.85927,0.7,5,10,400
1e-09,0.728786,0.7,5,10,500
1.25893e-09,0.823769,0.7,5,10,500
1.58489e-09,0.924503,0.7,5,10,500
1.99526e-09,1.03053,0.7,5,10,500
2.51189e-09,1.14138,0.7,5,10,500
3.16228e-09,1.25656,0.7,5,10,500
3.98107e-09,1.37558,0.7,5,10,500
5.01187e-09,1.49792,0.7,5,10,500
6.30957e-09,1.62297,0.7,5,10,500
7.94328e-09,1.75008,0.7,5,10,500
1e-08,1.87853,0.7,5,10,500
1.25893e-08,2.00751,0.7,5,10,500
1.58489e-08,2.13616,0.7,5,10,500
1.99526e-08,2.26362,0.7,5,10,500
2.51189e-08,2.38899,0.7,5,10,500
3.16228e-08,2.51145,0.7,5,10,500
3.98107e-08,2.63023,0.7,5,10,500
5.01187e-08,2.74466,0.7,5,10,500
6.30957e-08,2.85415,0.7,5,10,500
7.94328e-08,2.95821,0.7,5,10,500
1e-07,3.05647,0.7,5,10,500
1.25893e-07,3.14861,0.7,5,10,500
1.58489e-07,3.23439,0.7,5,10,500
1.99526e-07,3.31365,0.7,5,10,500
2.51189e-07,3.38628,0.7,5,10,500
3.16228e-07,3.45227,0.7,5,10,500
3.98107e-07,3.51167,0.7,5,10,500
5.01187e-07,3.56463,0.7,5,10,500
6.30957e-07,3.61138,0.7,5,10,500
7.94328e-07,3.65224,0.7,5,10,500
1e-06,3.68759,0.7,5,10,500
1.25893e-06,3.71786,0.7,5,10,500
1.58489e-06,3.74354,0.7,5,10,500
1.99526e-06,3.76513,0.7,5,10,500
2.51189e-06,3.78312,0.7,5,10,500
3.16228e-06,3.79801,0.7,5,10,500
3.98107e-06,3.81024,0.7,5,10,500
5.01187e-06,3.82023,0.7,5,10,500
6.30957e-06,3.82836,0.7,5,10,500
7.94328e-06,3.83493,0.7,5,10,500
1e-05,3.84024,0.7,5,10,500
1.25893e-05,3.8445,0.7,5,10,500
1.58489e-05,3.84793,0.7,5,10,500
1.99526e-05,3.85067,0.7,5,10,500
2.51189e-05,3.85286,0.7,5,10,500
3.16228e-05,3.85461,0.7,5,10,500
3.98107e-05,3.856,0.7,5,10,500
5.01187e-05,3.85711,0.7,5,10,500
6.30957e-05,3.858,0.7,5,10,500
7.94328e-05,3.85871,0.7,5,10,500
0.0001,3.85927,0.7,5,10,500
1e-09,0.947914,0.7,5,20,300
1.25893e-09,1.08738,0.7,5,20,300
1.58489e-09,1.23735,0.7,5,20,300
1.99526e-09,1.39684,0.7,5,20,300
2.51189e-09,1.56472,0.7,5,20,300
3.16228e-09,1.73977,0.7,5,20,300
3.98107e-09,1.9207,0.7,5,20,300
5.01187e-09,2.10623,0.7,5,20,300
6.30957e-09,2.29502,0.7,5,20,300
7.94328e-09,2.4857,0.7,5,20,300
1e-08,2.67685,0.7,5,20,300
1.25893e-08,2.86701,0.7,5,20,300
1.58489e-08,3.05464,0.7,5,20,300
1.99526e-08,3.23825,0.7,5,20,300
2.51189e-08,3.41638,0.7,5,20,300
3.16228e-08,3.58773,0.7,5,20,300
3.98107e-08,3.75118,0.7,5,20,300
5.01187e-08,3.90588,0.7,5,20,300
6.30957e-08,4.05126,0.7,5,20,300
7.94328e-08,4.18703,0.7,5,20,300
1e-07,4.31314,0.7,5,20,300
1.25893e-07,4.42976,0.7,5,20,300
1.58489e-07,4.53717,0.7,5,20,300
1.99526e-07,4.63574,0.7,5,20,300
2.51189e-07,4.72585,0.7,5,20,300
3.16228e-07,4.80787,0.7,5,20,300
3.98107e-07,4.88213,0.7,5,20,300
5.01187e-07,4.94894,0.7,5,20,300
6.30957e-07,5.00859,0.7,5,20,300
7.94328e-07,5.06142,0.7,5,20,300
1e-06,5.10776,0.7,5,20,300
1.25893e-06,5.14801,0.7,5,20,300
1.58489e-06,5.18262,0.7,5,20,300
1.99526e-06,5.21209,0.7,5,20,300
2.51189e-06,5.23694,0.7,5,20,300
3.16228e-06,5.25772,0.7,5,20,300
3.98107e-06,5.27495,0.7,5,20,300
5.01187e-06,5.28913,0.7,5,20,300
6.30957e-06,5.30074,0.7,5,20,300
7.94328e-06,5.31019,0.7,5,20,300
1e-05,5.31785,0.7,5,20,300
1.25893e-05,5.32404,0.7,5,20,300
1.58489e-05,5.32901,0.7,5,20,300
1.99526e-05,5.33301,0.7,5,20,300
2.51189e-05,5.33621,0.7,5,20,300
3.16228e-05,5.33877,0.7,5,20,300
3.98107e-05,5.34081,0.7,5,20,300
5.01187e-05,5.34244,0.7,5,20,300
6.30957e-05,5.34374,0.7,5,20,300
7.94328e-05,5.34478,0.7,5,20,300
0.0001,5.3456,0.7,5,20,300
1e-09,0.947914,0.7,5,20,400
1.25893e-09,1.08738,0.7,5,20,400
1.58489e-09,1.23735,0.7,5,20,400
1.99526e-09,1.39684,0.7,5,20,400
2.51189e-09,1.56472,0.7,5,20,400
3.16228e-09,1.73977,0.7,5,20,400
3.98107e-09,1.9207,0.7,5,20,400
5.01187e-09,2.10623,0.7,5,20,400
6.30957e-09,2.29502,0.7,5,20,400
7.94328e-09,2.4857,0.7,5,20,400
1e-08,2.67685,0.7,5,20,400
1.25893e-08,2.86701,0.7,5,20,400
1.58489e-08,3.05464,0.7,5,20,400
1.99526e-08,3.23825,0.7,5,20,400
2.51189e-08,3.41638,0.7,5,20,400
3.16228e-08,3.58773,0.7,5,20,400
3.98107e-08,3.75118,0.7,5,20,400
5.01187e-08,3.90588,0.7,5,20,400
6.30957e-08,4.05126,0.7,5,20,400
7.94328e-08,4.18703,0.7,5,20,400
1e-07,4.31314,0.7,5,20,400
1.25893e-07,4.42976,0.7,5,20,400
1.58489e-07,4.53717,0.7,5,20,400
1.99526e-07,4.63574,0.7,5,20,400
2.51189e-07,4.72585,0.7,5,20,400
3.16228e-07,4.80787,0.7,5,20,400
3.98107e-07,4.88213,0.7,5,20,400
5.01187e-07,4.94894,0.7,5,20,400
6.30957e-07,5.00859,0.7,5,20,400
7.94328e-07,5.06142,0.7,5,20,400
1e-06,5.10776,0.7,5,20,400
1.25893e-06,5.14801,0.7,5,20,400
1.58489e-06,5.18262,0.7,5,20,400
1.99526e-06,5.21209,0.7,5,20,400
2.51189e-06,5.23694,0.7,5,20,400
3.16228e-06,5.25772,0.7,5,20,400
3.98107e-06,5.27495,0.7,5,20,400
5.01187e-06,5.28913,0.7,5,20,400
6.30957e-06,5.30074,0.7,5,20,400
7.94328e-06,5.31019,0.7,5,20,400
1e-05,5.31785,0.7,5,20,400
1.25893e-05,5.32404,0.7,5,20,400
1.58489e-05,5.32901,0.7,5,20,400
1.99526e-05,5.33301,0.7,5,20,400
2.51189e-05,5.33621,0.7,5,20,400
3.16228e-05,5.33877,0.7,5,20,400
3.98107e-05,5.34081,0.7,5,20,400
5.01187e-05,5.34244,0.7,5,20,400
6.30957e-05,5.34374,0.7,5,20,400
7.94328e-05,5.34478,0.7,5,20,400
0.0001,5.3456,0.7,5,20,400
1e-09,0.947914,0.7,5,20,500
1.25893e-09,1.08738,0.7,5,20,500
1.58489e-09,1.23735,0.7,5,20,500
1.99526e-09,1.39684,0.7,5,20,500
2.51189e-09,1.56472,0.7,5,20,500
3.16228e-09,1.73977,0.7,5,20,500
3.98107e-09,1.9207,0.7,5,20,500
5.01187e-09,2.10623,0.7,5,20,500
6.30957e-09,2.29502,0.7,5,20,500
7.94328e-09,2.4857,0.7,5,20,500
1e-08,2.67685,0.7,5,20,500
1.25893e-08,2.86701,0.7,5,20,500
1.58489e-08,3.05464,0.7,5,20,500
1.99526e-08,3.23825,0.7,5,20,500
2.51189e-08,3.41638,0.7,5,20,500
3.16228e-08,3.58773,0.7,5,20,500
3.98107e-08,3.75118,0.7,5,20,500
5.01187e-08,3.90588,0.7,5,20,500
6.30957e-08,4.05126,0.7,5,20,500
7.94328e-08,4.18703,0.7,5,20,500
1e-07,4.31314,0.7,5,20,500
1.25893e-07,4.42976,0.7,5,20,500
1.58489e-07,4.53717,0.7,5,20,500
1.99526e-07,4.63574,0.7,5,20,500
2.51189e-07,4.72585,0.7,5,20,500
3.16228e-07,4.80787,0.7,5,20,500
3.98107e-07,4.88213,0.7,5,20,500
5.01187e-07,4.94894,0.7,5,20,500
6.30957e-07,5.00859,0.7,5,20,500
7.94328e-07,5.06142,0.7,5,20,500
1e-06,5.10776,0.7,5,20,500
1.25893e-06,5.14801,0.7,5,20,500
1.58489e-06,5.18262,0.7,5,20,500
1.99526e-06,5.21209,0.7,5,20,500
2.51189e-06,5.23694,0.7,5,20,500
3.16228e-06,5.25772,0.7,5,20,500
3.98107e-06,5.27495,0.7,5,20,500
5.01187e-06,5.28913,0.7,5,20,500
6.30957e-06,5.30074,0.7,5,20,500
7.94328e-06,5.31019,0.7,5,20,500
1e-05,5.31785,0.7,5,20,500
1.25893e-05,5.32404,0.7,5,20,500
1.58489e-05,5.32901,0.7,5,20,500
1.99526e-05,5.33301,0.7,5,20,500
2.51189e-05,5.33621,0.7,5,20,500
3.16228e-05,5.33877,0.7,5,20,500
3.98107e-05,5.34081,0.7,5,20,500
5.01187e-05,5.34244,0.7,5,20,500
6.30957e-05,5.34374,0.7,5,20,500
7.94328e-05,5.34478,0.7,5,20,500
0.0001,5.3456,0.7,5,20,500
1e-09,0.73436,0.7,10,2,300
1.25893e-09,0.842118,0.7,10,2,300
1.58489e-09,0.958618,0.7,10,2,300
1.99526e-09,1.08351,0.7,10,2,300
2.51189e-09,1.2164,0.7,10,2,300
3.16228e-09,1.35687,0.7,10,2,300
3.98107e-09,1.50449,0.7,10,2,300
5.01187e-09,1.65883,0.7,10,2,300
6.30957e-09,1.81945,0.7,10,2,300
7.94328e-09,1.9859,0.7,10,2,300
1e-08,2.15769,0.7,10,2,300
1.25893e-08,2.33431,0.7,10,2,300
1.58489e-08,2.51522,0.7,10,2,300
1.99526e-08,2.69984,0.7,10,2,300
2.51189e-08,2.88756,0.7,10,2,300
3.16228e-08,3.0777,0.7,10,2,300
3.98107e-08,3.26951,0.7,10,2,300
5.01187e-08,3.46217,0.7,10,2,300
6.30957e-08,3.65476,0.7,10,2,300
7.94328e-08,3.84625,0.7,10,2,300
1e-07,4.03553,0.7,10,2,300
1.25893e-07,4.22144,0.7,10,2,300
1.58489e-07,4.40282,0.7,10,2,300
1.99526e-07,4.57851,0.7,10,2,300
2.51189e-07,4.74748,0.7,10,2,300
3.16228e-07,4.90882,0.7,10,2,300
3.98107e-07,5.0618,0.7,10,2,300
5.01187e-07,5.20585,0.7,10,2,300
6.30957e-07,5.34054,0.7,10,2,300
7.94328e-07,5.46558,0.7,10,2,300
1e-06,5.58078,0.7,10,2,300
1.25893e-06,5.68599,0.7,10,2,300
1.58489e-06,5.78117,0.7,10,2,300
1.99526e-06,5.86639,0.7,10,2,300
2.51189e-06,5.94183,0.7,10,2,300
3.16228e-06,6.00785,0.7,10,2,300
3.98107e-06,6.06494,0.7,10,2,300
5.01187e-06,6.11376,0.7,10,2,300
6.30957e-06,6.15507,0.7,10,2,300
7.94328e-06,6.18967,0.7,10,2,300
1e-05,6.21841,0.7,10,2,300
1.25893e-05,6.2421,0.7,10,2,300
1.58489e-05,6.26149,0.7,10,2,300
1.99526e-05,6.27729,0.7,10,2,300
2.51189e-05,6.29009,0.7,10,2,300
3.16228e-05,6.30043,0.7,10,2,300
3.98107e-05,6.30875,0.7,10,2,300
5.01187e-05,6.31542,0.7,10,2,300
6.30957e-05,6.32077,0.7,10,2,300
7.94328e-05,6.32505,0.7,10,2,300
0.0001,6.32847,0.7,10,2,300
1e-09,0.73436,0.7,10,2,400
1.25893e-09,0.842118,0.7,10,2,400
1.58489e-09,0.958618,0.7,10,2,400
1.99526e-09,1.08351,0.7,10,2,400
2.51189e-09,1.2164,0.7,10,2,400
3.16228e-09,1.35687,0.7,10,2,400
3.98107e-09,1.50449,0.7,10,2,400
5.01187e-09,1.65883,0.7,10,2,400
6.30957e-09,1.81945,0.7,10,2,400
7.94328e-09,1.9859,0.7,10,2,400
1e-08,2.15769,0.7,10,2,400
1.25893e-08,2.33431,0.7,10,2,400
1.58489e-08,2.51522,0.7,10,2,400
1.99526e-08,2.69984,0.7,10,2,400
2.51189e-08,2.88756,0.7,10,2,400
3.16228e-08,3.0777,0.7,10,2,400
3.98107e-08,3.26951,0.7,10,2,400
5.01187e-08,3.46217,0.7,10,2,400
6.30957e-08,3.65476,0.7,10,2,400
7.94328e-08,3.84625,0.7,10,2,400
1e-07,4.03553,0.7,10,2,400
1.25893e-07,4.22144,0.7,10,2,400
1.58489e-07,4.40282,0.7,10,2,400
1.99526e-07,4.57851,0.7,10,2,400
2.51189e-07,4.74748,0.7,10,2,400
3.16228e-07,4.90882,0.7,10,2,400
3.98107e-07,5.0618,0.7,10,2,400
5.01187e-07,5.20585,0.7,10,2,400
6.30957e-07,5.34054,0.7,10,2,400
7.94328e-07,5.46558,0.7,10,2,400
1e-06,5.58078,0.7,10,2,400
1.25893e-06,5.68599,0.7,10,2,400
1.58489e-06,5.78117,0.7,10,2,400
1.99526e-06,5.86639,0.7,10,2,400
2.51189e-06,5.94183,0.7,10,2,400
3.16228e-06,6.00785,0.7,10,2,400
3.98107e-06,6.06494,0.7,10,2,400
5.01187e-06,6.11376,0.7,10,2,400
6.30957e-06,6.15507,0.7,10,2,400
7.94328e-06,6.18967,0.7,10,2,400
1e-05,6.21841,0.7,10,2,400
1.25893e-05,6.2421,0.7,10,2,400
1.58489e-05,6.26149,0.7,10,2,400
1.99526e-05,6.27729,0.7,10,2,400
2.51189e-05,6.29009,0.7,10,2,400
3.16228e-05,6.30043,0.7,10,2,400
3.98107e-05,6.30875,0.7,10,2,400
5.01187e-05,6.31542,0.7,10,2,400
6.30957e-05,6.32077,0.7,10,2,400
7.94328e-05,6.32505,0.7,10,2,400
0.0001,6.32847,0.7,10,2,400
1e-09,0.73436,0.7,10,2,500
1.25893e-09,0.842118,0.7,10,2,500
1.58489e-09,0.958618,0.7,10,2,500
1.99526e-09,1.08351,0.7,10,2,500
2.51189e-09,1.2164,0.7,10,2,500
3.16228e-09,1.35687,0.7,10,2,500
3.98107e-09,1.50449,0.7,10,2,500
5.01187e-09,1.65883,0.7,10,2,500
6.30957e-09,1.81945,0.7,10,2,500
7.94328e-09,1.9859,0.7,10,2,500
1e-08,2.15769,0.7,10,2,500
1.25893e-08,2.33431,0.7,10,2,500
1.58489e-08,2.51522,0.7,10,2,500
1.99526e-08,2.69984,0.7,10,2,500
2.51189e-08,2.88756,0.7,10,2,500
3.16228e-08,3.0777,0.7,10,2,500
3.98107e-08,3.26951,0.7,10,2,500
5.01187e-08,3.46217,0.7,10,2,500
6.30957e-08,3.65476,0.7,10,2,500
7.94328e-08,3.84625,0.7,10,2,500
1e-07,4.03553,0.7,10,2,500
1.25893e-07,4.22144,0.7,10,2,500
1.58489e-07,4.40282,0.7,10,2,500
1.99526e-07,4.57851,0.7,10,2,500
2.51189e-07,4.74748,0.7,10,2,500
3.16228e-07,4.90882,0.7,10,2,500
3.98107e-07,5.0618,0.7,10,2,500
5.01187e-07,5.20585,0.7,10,2,500
6.30957e-07,5.34054,0.7,10,2,500
7.94328e-07,5.46558,0.7,10,2,500
1e-06,5.58078,0.7,10,2,500
1.25893e-06,5.68599,0.7,10,2,500
1.58489e-06,5.78117,0.7,10,2,500
1.99526e-06,5.86639,0.7,10,2,500
2.51189e-06,5.94183,0.7,10,2,500
3.16228e-06,6.00785,0.7,10,2,500
3.98107e-06,6.06494,0.7,10,2,500
5.01187e-06,6.11376,0.7,10,2,500
6.30957e-06,6.15507,0.7,10,2,500
7.94328e-06,6.18967,0.7,10,2,500
1e-05,6.21841,0.7,10,2,500
1.25893e-05,6.2421,0.7,10,2,500
1.58489e-05,6.26149,0.7,10,2,500
1.99526e-05,6.27729,0.7,10,2,500
2.51189e-05,6.29009,0.7,10,2,500
3.16228e-05,6.30043,0.7,10,2,500
3.98107e-05,6.30875,0.7,10,2,500
5.01187e-05,6.31542,0.7,10,2,500
6.30957e-05,6.32077,0.7,10,2,500
7.94328e-05,6.32505,0.7,10,2,500
0.0001,6.32847,0.7,10,2,500
1e-09,0.688209,0.7,10,5,300
1.25893e-09,0.781942,0.7,10,5,300
1.58489e-09,0.881968,0.7,10,5,300
1.99526e-09,0.987867,0.7,10,5,300
2.51189e-09,1.0992,0.7,10,5,300
3.16228e-09,1.21555,0.7,10,5,300
3.98107e-09,1.33647,0.7,10,5,300
5.01187e-09,1.46155,0.7,10,5,300
6.30957e-09,1.59035,0.7,10,5,300
7.94328e-09,1.72243,0.7,10,5,300
1e-08,1.85728,0.7,10,5,300
1.25893e-08,1.9944,0.7,10,5,300
1.58489e-08,2.13322,0.7,10,5,300
1.99526e-08,2.27315,0.7,10,5,300
2.51189e-08,2.41355,0.7,10,5,300
3.16228e-08,2.55377,0.7,10,5,300
3.98107e-08,2.69312,0.7,10,5,300
5.01187e-08,2.8309,0.7,10,5,300
6.30957e-08,2.96638,0.7,10,5,300
7.94328e-08,3.09884,0.7,10,5,300
1e-07,3.22755,0.7,10,5,300
1.25893e-07,3.3518,0.7,10,5,300
1.58489e-07,3.47088,0.7,10,5,300
1.99526e-07,3.58416,0.7,10,5,300
2.51189e-07,3.69102,0.7,10,5,300
3.16228e-07,3.79092,0.7,10,5,300
3.98107e-07,3.88343,0.7,10,5,300
5.01187e-07,3.96821,0.7,10,5,300
6.30957e-07,4.04505,0.7,10,5,300
7.94328e-07,4.11389,0.7,10,5,300
1e-06,4.17483,0.7,10,5,300
1.25893e-06,4.22812,0.7,10,5,300
1.58489e-06,4.27418,0.7,10,5,300
1.99526e-06,4.31354,0.7,10,5,300
2.51189e-06,4.34681,0.7,10,5,300
3.16228e-06,4.37467,0.7,10,5,300
3.98107e-06,4.39779,0.7,10,5,300
5.01187e-06,4.41684,0.7,10,5,300
6.30957e-06,4.43244,0.7,10,5,300
7.94328e-06,4.44514,0.7,10,5,300
1e-05,4.45543,0.7,10,5,300
1.25893e-05,4.46373,0.7,10,5,300
1.58489e-05,4.47042,0.7,10,5,300
1.99526e-05,4.47578,0.7,10,5,300
2.51189e-05,4.48008,0.7,10,5,300
3.16228e-05,4.48352,0.7,10,5,300
3.98107e-05,4.48626,0.7,10,5,300
5.01187e-05,4.48845,0.7,10,5,300
6.30957e-05,4.4902,0.7,10,5,300
7.94328e-05,4.49159,0.7,10,5,300
0.0001,4.4927,0.7,10,5,300
1e-09,0.688209,0.7,10,5,400
1.25893e-09,0.781942,0.7,10,5,400
1.58489e-09,0.881968,0.7,10,5,400
1.99526e-09,0.987867,0.7,10,5,400
2.51189e-09,1.0992,0.7,10,5,400
3.16228e-09,1.21555,0.7,10,5,400
3.98107e-09,1.33647,0.7,10,5,400
5.01187e-09,1.46155,0.7,10,5,400
6.30957e-09,1.59035,0.7,10,5,400
7.94328e-09,1.72243,0.7,10,5,400
1e-08,1.85728,0.7,10,5,400
1.25893e-08,1.9944,0.7,10,5,400
1.58489e-08,2.13322,0.7,10,5,400
1.99526e-08,2.27315,0.7,10,5,400
2.51189e-08,2.41355,0.7,10,5,400
3.16228e-08,2.55377,0.7,10,5,400
3.98107e-08,2.69312,0.7,10,5,400
5.01187e-08,2.8309,0.7,10,5,400
6.30957e-08,2.96638,0.7,10,5,400
7.94328e-08,3.09884,0.7,10,5,400
1e-07,3.22755,0.7,10,5,400
1.25893e-07,3.3518,0.7,10,5,400
1.58489e-07,3.47088,0.7,10,5,400
1.99526e-07,3.58416,0.7,10,5,400
2.51189e-07,3.69102,0.7,10,5,400
3.16228e-07,3.79092,0.7,10,5,400
3.98107e-07,3.88343,0.7,10,5,400
5.01187e-07,3.96821,0.7,10,5,400
6.30957e-07,4.04505,0.7,10,5,400
7.94328e-07,4.11389,0.7,10,5,400
1e-06,4.17483,0.7,10,5,400
1.25893e-06,4.22812,0.7,10,5,400
1.58489e-06,4.27418,0.7,10,5,400
1.99526e-06,4.31354,0.7,10,5,400
2.51189e-06,4.34681,0.7,10,5,400
3.16228e-06,4.37467,0.7,10,5,400
3.98107e-06,4.39779,0.7,10,5,400
5.01187e-06,4.41684,0.7,10,5,400
6.30957e-06,4.43244,0.7,10,5,400
7.94328e-06,4.44514,0.7,10,5,400
1e-05,4.45543,0.7,10,5,400
1.25893e-05,4.46373,0.7,10,5,400
1.58489e-05,4.47042,0.7,10,5,400
1.99526e-05,4.47578,0.7,10,5,400
2.51189e-05,4.48008,0.7,10,5,400
3.16228e-05,4.48352,0.7,10,5,400
3.98107e-05,4.48626,0.7,10,5,400
5.01187e-05,4.48845,0.7,10,5,400
6.30957e-05,4.4902,0.7,10,5,400
7.94328e-05,4.49159,0.7,10,5,400
0.0001,4.4927,0.7,10,5,400
1e-09,0.688209,0.7,10,5,500
1.25893e-09,0.781942,0.7,10,5,500
1.58489e-09,0.881968,0.7,10,5,500
1.99526e-09,0.987867,0.7,10,5,500
2.51189e-09,1.0992,0.7,10,5,500
3.16228e-09,1.21555,0.7,10,5,500
3.98107e-09,1.33647,0.7,10,5,500
5.01187e-09,1.46155,0.7,10,5,500
6.30957e-09,1.59035,0.7,10,5,500
7.94328e-09,1.72243,0.7,10,5,500
1e-08,1.85728,0.7,10,5,500
1.25893e-08,1.9944,0.7,10,5,500
1.58489e-08,2.13322,0.7,10,5,500
1.99526e-08,2.27315,0.7,10,5,500
2.51189e-08,2.41355,0.7,10,5,500
3.16228e-08,2.55377,0.7,10,5,500
3.98107e-08,2.69312,0.7,10,5,500
5.01187e-08,2.8309,0.7,10,5,500
6.30957e-08,2.96638,0.7,10,5,500
7.94328e-08,3.09884,0.7,10,5,500
1e-07,3.22755,0.7,10,5,500
1.25893e-07,3.3518,0.7,10,5,500
1.58489e-07,3.47088,0.7,10,5,500
1.99526e-07,3.58416,0.7,10,5,500
2.51189e-07,3.69102,0.7,10,5,500
3.16228e-07,3.79092,0.7,10,5,500
3.98107e-07,3.88343,0.7,10,5,500
5.01187e-07,3.96821,0.7,10,5,500
6.30957e-07,4.04505,0.7,10,5,500
7.94328e-07,4.11389,0.7,10,5,500
1e-06,4.17483,0.7,10,5,500
1.25893e-06,4.22812,0.7,10,5,500
1.58489e-06,4.27418,0.7,10,5,500
1.99526e-06,4.31354,0.7,10,5,500
2.51189e-06,4.34681,0.7,10,5,500
3.16228e-06,4.37467,0.7,10,5,500
3.98107e-06,4.39779,0.7,10,5,500
5.01187e-06,4.41684,0.7,10,5,500
6.30957e-06,4.43244,0.7,10,5,500
7.94328e-06,4.44514,0.7,10,5,500
1e-05,4.45543,0.7,10,5,500
1.25893e-05,4.46373,0.7,10,5,500
1.58489e-05,4.47042,0.7,10,5,500
1.99526e-05,4.47578,0.7,10,5,500
2.51189e-05,4.48008,0.7,10,5,500
3.16228e-05,4.48352,0.7,10,5,500
3.98107e-05,4.48626,0.7,10,5,500
5.01187e-05,4.48845,0.7,10,5,500
6.30957e-05,4.4902,0.7,10,5,500
7.94328e-05,4.49159,0.7,10,5,500
0.0001,4.4927,0.7,10,5,500
1e-09,0.729979,0.7,10,10,300
1.25893e-09,0.828771,0.7,10,10,300
1.58489e-09,0.933888,0.7,10,10,300
1.99526e-09,1.04477,0.7,10,10,300
2.51189e-09,1.16085,0.7,10,10,300
3.16228e-09,1.28151,0.7,10,10,300
3.98107e-09,1.40617,0.7,10,10,300
5.01187e-09,1.53419,0.7,10,10,300
6.30957e-09,1.66491,0.7,10,10,300
7.94328e-09,1.7976,0.7,10,10,300
1e-08,1.9315,0.7,10,10,300
1.25893e-08,2.06578,0.7,10,10,300
1.58489e-08,2.19958,0.7,10,10,300
1.99526e-08,2.33205,0.7,10,10,300
2.51189e-08,2.46239,0.7,10,10,300
3.16228e-08,2.58987,0.7,10,10,300
3.98107e-08,2.71388,0.7,10,10,300
5.01187e-08,2.8339,0.7,10,10,300
6.30957e-08,2.94953,0.7,10,10,300
7.94328e-08,3.06042,0.7,10,10,300
1e-07,3.16627,0.7,10,10,300
1.25893e-07,3.26675,0.7,10,10,300
1.58489e-07,3.36155,0.7,10,10,300
1.99526e-07,3.45032,0.7,10,10,300
2.51189e-07,3.53273,0.7,10,10,300
3.16228e-07,3.60849,0.7,10,10,300
3.98107e-07,3.67742,0.7,10,10,300
5.01187e-07,3.73943,0.7,10,10,300
6.30957e-07,3.79458,0.7,10,10,300
7.94328e-07,3.84306,0.7,10,10,300
1e-06,3.8852,0.7,10,10,300
1.25893e-06,3.92142,0.7,10,10,300
1.58489e-06,3.95223,0.7,10,10,300
1.99526e-06,3.97819,0.7,10,10,300
2.51189e-06,3.99987,0.7,10,10,300
3.16228e-06,4.01782,0.7,10,10,300
3.98107e-06,4.03259,0.7,10,10,300
5.01187e-06,4.04467,0.7,10,10,300
6.30957e-06,4.0545,0.7,10,10,300
7.94328e-06,4.06246,0.7,10,10,300
1e-05,4.06888,0.7,10,10,300
1.25893e-05,4.07404,0.7,10,10,300
1.58489e-05,4.07819,0.7,10,10,300
1.99526e-05,4.08151,0.7,10,10,300
2.51189e-05,4.08416,0.7,10,10,300
3.16228e-05,4.08629,0.7,10,10,300
3.98107e-05,4.08798,0.7,10,10,300
5.01187e-05,4.08932,0.7,10,10,300
6.30957e-05,4.0904,0.7,10,10,300
7.94328e-05,4.09125,0.7,10,10,300
0.0001,4.09193,0.7,10,10,300
1e-09,0.729979,0.7,10,10,400
1.25893e-09,0.828771,0.7,10,10,400
1.58489e-09,0.933888,0.7,10,10,400
1.99526e-09,1.04477,0.7,10,10,400
2.51189e-09,1.16085,0.7,10,10,400
3.16228e-09,1.28151,0.7,10,10,400
3.98107e-09,1.40617,0.7,10,10,400
5.01187e-09,1.53419,0.7,10,10,400
6.30957e-09,1.66491,0.7,10,10,400
7.94328e-09,1.7976,0.7,10,10,400
1e-08,1.9315,0.7,10,10,400
1.25893e-08,2.06578,0.7,10,10,400
1.58489e-08,2.19958,0.7,10,10,400
1.99526e-08,2.33205,0.7,10,10,400
2.51189e-08,2.46239,0.7,10,10,400
3.16228e-08,2.58987,0.7,10,10,400
3.98107e-08,2.71388,0.7,10,10,400
5.01187e-08,2.8339,0.7,10,10,400
6.30957e-08,2.94953,0.7,10,10,400
7.94328e-08,3.06042,0.7,10,10,400
1e-07,3.16627,0.7,10,10,400
1.25893e-07,3.26675,0.7,10,10,400
1.58489e-07,3.36155,0.7,10,10,400
1.99526e-07,3.45032,0.7,10,10,400
2.51189e-07,3.53273,0.7,10,10,400
3.16228e-07,3.60849,0.7,10,10,400
3.98107e-07,3.67742,0.7,10,10,400
5.01187e-07,3.73943,0.7,10,10,400
6.30957e-07,3.79458,0.7,10,10,400
7.94328e-07,3.84306,0.7,10,10,400
1e-06,3.8852,0.7,10,10,400
1.25893e-06,3.92142,0.7,10,10,400
1.58489e-06,3.95223,0.7,10,10,400
1.99526e-06,3.97819,0.7,10,10,400
2.51189e-06,3.99987,0.7,10,10,400
3.16228e-06,4.01782,0.7,10,10,400
3.98107e-06,4.03259,0.7,10,10,400
5.01187e-06,4.04467,0.7,10,10,400
6.30957e-06,4.0545,0.7,10,10,400
7.94328e-06,4.06246,0.7,10,10,400
1e-05,4.06888,0.7,10,10,400
1.25893e-05,4.07404,0.7,10,10,400
1.58489e-05,4.07819,0.7,10,10,400
1.99526e-05,4.08151,0.7,10,10,400
2.51189e-05,4.08416,0.7,10,10,400
3.16228e-05,4.08629,0.7,10,10,400
3.98107e-05,4.08798,0.7,10,10,400
5.01187e-05,4.08932,0.7,10,10,400
6.30957e-05,4.0904,0.7,10,10,400
7.94328e-05,4.09125,0.7,10,10,400
0.0001,4.09193,0.7,10,10,400
1e-09,0.729979,0.7,10,10,500
1.25893e-09,0.828771,0.7,10,10,500
1.58489e-09,0.933888,0.7,10,10,500
1.99526e-09,1.04477,0.7,10,10,500
2.51189e-09,1.16085,0.7,10,10,500
3.16228e-09,1.28151,0.7,10,10,500
3.98107e-09,1.40617,0.7,10,10,500
5.01187e-09,1.53419,0.7,10,10,500
6.30957e-09,1.66491,0.7,10,10,500
7.94328e-09,1.7976,0.7,10,10,500
1e-08,1.9315,0.7,10,10,500
1.25893e-08,2.06578,0.7,10,10,500
1.58489e-08,2.19958,0.7,10,10,500
1.99526e-08,2.33205,0.7,10,10,500
2.51189e-08,2.46239,0.7,10,10,500
3.16228e-08,2.58987,0.7,10,10,500
3.98107e-08,2.71388,0.7,10,10,500
5.01187e-08,2.8339,0.7,10,10,500
6.30957e-08,2.94953,0.7,10,10,500
7.94328e-08,3.06042,0.7,10,10,500
1e-07,3.16627,0.7,10,10,500
1.25893e-07,3.26675,0.7,10,10,500
1.58489e-07,3.36155,0.7,10,10,500
1.99526e-07,3.45032,0.7,10,10,500
2.51189e-07,3.53273,0.7,10,10,500
3.16228e-07,3.60849,0.7,10,10,500
3.98107e-07,3.67742,0.7,10,10,500
5.01187e-07,3.73943,0.7,10,10,500
6.30957e-07,3.79458,0.7,10,10,500
7.94328e-07,3.84306,0.7,10,10,500
1e-06,3.8852,0.7,10,10,500
1.25893e-06,3.92142,0.7,10,10,500
1.58489e-06,3.95223,0.7,10,10,500
1.99526e-06,3.97819,0.7,10,10,500
2.51189e-06,3.99987,0.7,10,10,500
3.16228e-06,4.01782,0.7,10,10,500
3.98107e-06,4.03259,0.7,10,10,500
5.01187e-06,4.04467,0.7,10,10,500
6.30957e-06,4.0545,0.7,10,10,500
7.94328e-06,4.06246,0.7,10,10,500
1e-05,4.06888,0.7,10,10,500
1.25893e-05,4.07404,0.7,10,10,500
1.58489e-05,4.07819,0.7,10,10,500
1.99526e-05,4.08151,0.7,10,10,500
2.51189e-05,4.08416,0.7,10,10,500
3.16228e-05,4.08629,0.7,10,10,500
3.98107e-05,4.08798,0.7,10,10,500
5.01187e-05,4.08932,0.7,10,10,500
6.30957e-05,4.0904,0.7,10,10,500
7.94328e-05,4.09125,0.7,10,10,500
0.0001,4.09193,0.7,10,10,500
1e-09,0.901579,0.7,10,20,300
1.25893e-09,1.03468,0.7,10,20,300
1.58489e-09,1.17781,0.7,10,20,300
1.99526e-09,1.32999,0.7,10,20,300
2.51189e-09,1.4901,0.7,10,20,300
3.16228e-09,1.65691,0.7,10,20,300
3.98107e-09,1.82913,0.7,10,20,300
5.01187e-09,2.00544,0.7,10,20,300
6.30957e-09,2.18448,0.7,10,20,300
7.94328e-09,2.36487,0.7,10,20,300
1e-08,2.54519,0.7,10,20,300
1.25893e-08,2.72403,0.7,10,20,300
1.58489e-08,2.89996,0.7,10,20,300
1.99526e-08,3.07158,0.7,10,20,300
2.51189e-08,3.23763,0.7,10,20,300
3.16228e-08,3.39697,0.7,10,20,300
3.98107e-08,3.54868,0.7,10,20,300
5.01187e-08,3.69211,0.7,10,20,300
6.30957e-08,3.82684,0.7,10,20,300
7.94328e-08,3.95273,0.7,10,20,300
1e-07,4.06984,0.7,10,20,300
1.25893e-07,4.17842,0.7,10,20,300
1.58489e-07,4.27882,0.7,10,20,300
1.99526e-07,4.37142,0.7,10,20,300
2.51189e-07,4.45659,0.7,10,20,300
3.16228e-07,4.53466,0.7,10,20,300
3.98107e-07,4.60591,0.7,10,20,300
5.01187e-07,4.67053,0.7,10,20,300
6.30957e-07,4.72872,0.7,10,20,300
7.94328e-07,4.78066,0.7,10,20,300
1e-06,4.82657,0.7,10,20,300
1.25893e-06,4.86672,0.7,10,20,300
1.58489e-06,4.90147,0.7,10,20,300
1.99526e-06,4.93122,0.7,10,20,300
2.51189e-06,4.95643,0.7,10,20,300
3.16228e-06,4.97759,0.7,10,20,300
3.98107e-06,4.9952,0.7,10,20,300
5.01187e-06,5.00974,0.7,10,20,300
6.30957e-06,5.02166,0.7,10,20,300
7.94328e-06,5.03139,0.7,10,20,300
1e-05,5.03928,0.7,10,20,300
1.25893e-05,5.04566,0.7,10,20,300
1.58489e-05,5.0508,0.7,10,20,300
1.99526e-05,5.05493,0.7,10,20,300
2.51189e-05,5.05825,0.7,10,20,300
3.16228e-05,5.0609,0.7,10,20,300
3.98107e-05,5.06301,0.7,10,20,300
5.01187e-05,5.0647,0.7,10,20,300
6.30957e-05,5.06605,0.7,10,20,300
7.94328e-05,5.06712,0.7,10,20,300
0.0001,5.06798,0.7,10,20,300
1e-09,0.901579,0.7,10,20,400
1.25893e-09,1.03468,0.7,10,20,400
1.58489e-09,1.17781,0.7,10,20,400
1.99526e-09,1.32999,0.7,10,20,400
2.51189e-09,1.4901,0.7,10,20,400
3.16228e-09,1.65691,0.7,10,20,400
3.98107e-09,1.82913,0.7,10,20,400
5.01187e-09,2.00544,0.7,10,20,400
6.30957e-09,2.18448,0.7,10,20,400
7.94328e-09,2.36487,0.7,10,20,400
1e-08,2.54519,0.7,10,20,400
1.25893e-08,2.72403,0.7,10,20,400
1.58489e-08,2.89996,0.7,10,20,400
1.99526e-08,3.07158,0.7,10,20,400
2.51189e-08,3.23763,0.7,10,20,400
3.16228e-08,3.39697,0.7,10,20,400
3.98107e-08,3.54868,0.7,10,20,400
5.01187e-08,3.69211,0.7,10,20,400
6.30957e-08,3.82684,0.7,10,20,400
7.94328e-08,3.95273,0.7,10,20,400
1e-07,4.06984,0.7,10,20,400
1.25893e-07,4.17842,0.7,10,20,400
1.58489e-07,4.27882,0.7,10,20,400
1.99526e-07,4.37142,0.7,10,20,400
2.51189e-07,4.45659,0.7,10,20,400
3.16228e-07,4.53466,0.7,10,20,400
3.98107e-07,4.60591,0.7,10,20,400
5.01187e-07,4.67053,0.7,10,20,400
6.30957e-07,4.72872,0.7,10,20,400
7.94328e-07,4.78066,0.7,10,20,400
1e-06,4.82657,0.7,10,20,400
1.25893e-06,4.86672,0.7,10,20,400
1.58489e-06,4.90147,0.7,10,20,400
1.99526e-06,4.93122,0.7,10,20,400
2.51189e-06,4.95643,0.7,10,20,400
3.16228e-06,4.97759,0.7,10,20,400
3.98107e-06,4.9952,0.7,10,20,400
5.01187e-06,5.00974,0.7,10,20,400
6.30957e-06,5.02166,0.7,10,20,400
7.94328e-06,5.03139,0.7,10,20,400
1e-05,5.03928,0.7,10,20,400
1.25893e-05,5.04566,0.7,10,20,400
1.58489e-05,5.0508,0.7,10,20,400
1.99526e-05,5.05493,0.7,10,20,400
2.51189e-05,5.05825,0.7,10,20,400
3.16228e-05,5.0609,0.7,10,20,400
3.98107e-05,5.06301,0.7,10,20,400
5.01187e-05,5.0647,0.7,10,20,400
6.30957e-05,5.06605,0.7,10,20,400
7.94328e-05,5.06712,0.7,10,20,400
0.0001,5.06798,0.7,10,20,400
1e-09,0.901579,0.7,10,20,500
1.25893e-09,1.03468,0.7,10,20,500
1.58489e-09,1.17781,0.7,10,20,500
1.99526e-09,1.32999,0.7,10,20,500
2.51189e-09,1.4901,0.7,10,20,500
3.16228e-09,1.65691,0.7,10,20,500
3.98107e-09,1.82913,0.7,10,20,500
5.01187e-09,2.00544,0.7,10,20,500
6.30957e-09,2.18448,0.7,10,20,500
7.94328e-09,2.36487,0.7,10,20,500
1e-08,2.54519,0.7,10,20,500
1.25893e-08,2.72403,0.7,10,20,500
1.58489e-08,2.89996,0.7,10,20,500
1.99526e-08,3.07158,0.7,10,20,500
2.51189e-08,3.23763,0.7,10,20,500
3.16228e-08,3.39697,0.7,10,20,500
3.98107e-08,3.54868,0.7,10,20,500
5.01187e-08,3.69211,0.7,10,20,500
6.30957e-08,3.82684,0.7,10,20,500
7.94328e-08,3.95273,0.7,10,20,500
1e-07,4.06984,0.7,10,20,500
1.25893e-07,4.17842,0.7,10,20,500
1.58489e-07,4.27882,0.7,10,20,500
1.99526e-07,4.37142,0.7,10,20,500
2.51189e-07,4.45659,0.7,10,20,500
3.16228e-07,4.53466,0.7,10,20,500
3.98107e-07,4.60591,0.7,10,20,500
5.01187e-07,4.67053,0.7,10,20,500
6.30957e-07,4.72872,0.7,10,20,500
7.94328e-07,4.78066,0.7,10,20,500
1e-06,4.82657,0.7,10,20,500
1.25893e-06,4.86672,0.7,10,20,500
1.58489e-06,4.90147,0.7,10,20,500
1.99526e-06,4.93122,0.7,10,20,500
2.51189e-06,4.95643,0.7,10,20,500
3.16228e-06,4.97759,0.7,10,20,500
3.98107e-06,4.9952,0.7,10,20,500
5.01187e-06,5.00974,0.7,10,20,500
6.30957e-06,5.02166,0.7,10,20,500
7.94328e-06,5.03139,0.7,10,20,500
1e-05,5.03928,0.7,10,20,500
1.25893e-05,5.04566,0.7,10,20,500
1.58489e-05,5.0508,0.7,10,20,500
1.99526e-05,5.05493,0.7,10,20,500
2.51189e-05,5.05825,0.7,10,20,500
3.16228e-05,5.0609,0.7,10,20,500
3.98107e-05,5.06301,0.7,10,20,500
5.01187e-05,5.0647,0.7,10,20,500
6.30957e-05,5.06605,0.7,10,20,500
7.94328e-05,5.06712,0.7,10,20,500
0.0001,5.06798,0.7,10,20,500
1e-09,0.857798,0.7,20,2,300
1.25893e-09,1.00159,0.7,20,2,300
1.58489e-09,1.16049,0.7,20,2,300
1.99526e-09,1.33413,0.7,20,2,300
2.51189e-09,1.52185,0.7,20,2,300
3.16228e-09,1.72275,0.7,20,2,300
3.98107e-09,1.93578,0.7,20,2,300
5.01187e-09,2.15976,0.7,20,2,300
6.30957e-09,2.39351,0.7,20,2,300
7.94328e-09,2.63585,0.7,20,2,300
1e-08,2.88566,0.7,20,2,300
1.25893e-08,3.14188,0.7,20,2,300
1.58489e-08,3.40352,0.7,20,2,300
1.99526e-08,3.66964,0.7,20,2,300
2.51189e-08,3.93935,0.7,20,2,300
3.16228e-08,4.21175,0.7,20,2,300
3.98107e-08,4.48593,0.7,20,2,300
5.01187e-08,4.76092,0.7,20,2,300
6.30957e-08,5.03568,0.7,20,2,300
7.94328e-08,5.30908,0.7,20,2,300
1e-07,5.57995,0.7,20,2,300
1.25893e-07,5.84701,0.7,20,2,300
1.58489e-07,6.10895,0.7,20,2,300
1.99526e-07,6.36439,0.7,20,2,300
2.51189e-07,6.61191,0.7,20,2,300
3.16228e-07,6.85008,0.7,20,2,300
3.98107e-07,7.07742,0.7,20,2,300
5.01187e-07,7.29248,0.7,20,2,300
6.30957e-07,7.49391,0.7,20,2,300
7.94328e-07,7.68051,0.7,20,2,300
1e-06,7.85134,0.7,20,2,300
1.25893e-06,8.00578,0.7,20,2,300
1.58489e-06,8.14361,0.7,20,2,300
1.99526e-06,8.26505,0.7,20,2,300
2.51189e-06,8.37069,0.7,20,2,300
3.16228e-06,8.46148,0.7,20,2,300
3.98107e-06,8.53863,0.7,20,2,300
5.01187e-06,8.60351,0.7,20,2,300
6.30957e-06,8.65759,0.7,20,2,300
7.94328e-06,8.70229,0.7,20,2,300
1e-05,8.73898,0.7,20,2,300
1.25893e-05,8.76893,0.7,20,2,300
1.58489e-05,8.79324,0.7,20,2,300
1.99526e-05,8.8129,0.7,20,2,300
2.51189e-05,8.82874,0.7,20,2,300
3.16228e-05,8.84147,0.7,20,2,300
3.98107e-05,8.85168,0.7,20,2,300
5.01187e-05,8.85985,0.7,20,2,300
6.30957e-05,8.86638,0.7,20,2,300
7.94328e-05,8.87159,0.7,20,2,300
0.0001,8.87574,0.7,20,2,300
1e-09,0.857798,0.7,20,2,400
1.25893e-09,1.00159,0.7,20,2,400
1.58489e-09,1.16049,0.7,20,2,400
1.99526e-09,1.33413,0.7,20,2,400
2.51189e-09,1.52185,0.7,20,2,400
3.16228e-09,1.72275,0.7,20,2,400
3.98107e-09,1.93578,0.7,20,2,400
5.01187e-09,2.15976,0.7,20,2,400
6.30957e-09,2.39351,0.7,20,2,400
7.94328e-09,2.63585,0.7,20,2,400
1e-08,2.88566,0.7,20,2,400
1.25893e-08,3.14188,0.7,20,2,400
1.58489e-08,3.40352,0.7,20,2,400
1.99526e-08,3.66964,0.7,20,2,400
2.51189e-08,3.93935,0.7,20,2,400
3.16228e-08,4.21175,0.7,20,2,400
3.98107e-08,4.48593,0.7,20,2,400
5.01187e-08,4.76092,0.7,20,2,400
6.30957e-08,5.03568,0.7,20,2,400
7.94328e-08,5.30908,0.7,20,2,400
1e-07,5.57995,0.7,20,2,400
1.25893e-07,5.84701,0.7,20,2,400
1.58489e-07,6.10895,0.7,20,2,400
1.99526e-07,6.36439,0.7,20,2,400
2.51189e-07,6.61191,0.7,20,2,400
3.16228e-07,6.85008,0.7,20,2,400
3.98107e-07,7.07742,0.7,20,2,400
5.01187e-07,7.29248,0.7,20,2,400
6.30957e-07,7.49391,0.7,20,2,400
7.94328e-07,7.68051,0.7,20,2,400
1e-06,7.85134,0.7,20,2,400
1.25893e-06,8.00578,0.7,20,2,400
1.58489e-06,8.14361,0.7,20,2,400
1.99526e-06,8.26505,0.7,20,2,400
2.51189e-06,8.37069,0.7,20,2,400
3.16228e-06,8.46148,0.7,20,2,400
3.98107e-06,8.53863,0.7,20,2,400
5.01187e-06,8.60351,0.7,20,2,400
6.30957e-06,8.65759,0.7,20,2,400
7.94328e-06,8.70229,0.7,20,2,400
1e-05,8.73898,0.7,20,2,400
1.25893e-05,8.76893,0.7,20,2,400
1.58489e-05,8.79324,0.7,20,2,400
1.99526e-05,8.8129,0.7,20,2,400
2.51189e-05,8.82874,0.7,20,2,400
3.16228e-05,8.84147,0.7,20,2,400
3.98107e-05,8.85168,0.7,20,2,400
5.01187e-05,8.85985,0.7,20,2,400
6.30957e-05,8.86638,0.7,20,2,400
7.94328e-05,8.87159,0.7,20,2,400
0.0001,8.87574,0.7,20,2,400
1e-09,0.857798,0.7,20,2,500
1.25893e-09,1.00159,0.7,20,2,500
1.58489e-09,1.16049,0.7,20,2,500
1.99526e-09,1.33413,0.7,20,2,500
2.51189e-09,1.52185,0.7,20,2,500
3.16228e-09,1.72275,0.7,20,2,500
3.98107e-09,1.93578,0.7,20,2,500
5.01187e-09,2.15976,0.7,20,2,500
6.30957e-09,2.39351,0.7,20,2,500
7.94328e-09,2.63585,0.7,20,2,500
1e-08,2.88566,0.7,20,2,500
1.25893e-08,3.14188,0.7,20,2,500
1.58489e-08,3.40352,0.7,20,2,500
1.99526e-08,3.66964,0.7,20,2,500
2.51189e-08,3.93935,0.7,20,2,500
3.16228e-08,4.21175,0.7,20,2,500
3.98107e-08,4.48593,0.7,20,2,500
5.01187e-08,4.76092,0.7,20,2,500
6.30957e-08,5.03568,0.7,20,2,500
7.94328e-08,5.30908,0.7,20,2,500
1e-07,5.57995,0.7,20,2,500
1.25893e-07,5.84701,0.7,20,2,500
1.58489e-07,6.10895,0.7,20,2,500
1.99526e-07,6.36439,0.7,20,2,500
2.51189e-07,6.61191,0.7,20,2,500
3.16228e-07,6.85008,0.7,20,2,500
3.98107e-07,7.07742,0.7,20,2,500
5.01187e-07,7.29248,0.7,20,2,500
6.30957e-07,7.49391,0.7,20,2,500
7.94328e-07,7.68051,0.7,20,2,500
1e-06,7.85134,0.7,20,2,500
1.25893e-06,8.00578,0.7,20,2,500
1.58489e-06,8.14361,0.7,20,2,500
1.99526e-06,8.26505,0.7,20,2,500
2.51189e-06,8.37069,0.7,20,2,500
3.16228e-06,8.46148,0.7,20,2,500
3.98107e-06,8.53863,0.7,20,2,500
5.01187e-06,8.60351,0.7,20,2,500
6.30957e-06,8.65759,0.7,20,2,500
7.94328e-06,8.70229,0.7,20,2,500
1e-05,8.73898,0.7,20,2,500
1.25893e-05,8.76893,0.7,20,2,500
1.58489e-05,8.79324,0.7,20,2,500
1.99526e-05,8.8129,0.7,20,2,500
2.51189e-05,8.82874,0.7,20,2,500
3.16228e-05,8.84147,0.7,20,2,500
3.98107e-05,8.85168,0.7,20,2,500
5.01187e-05,8.85985,0.7,20,2,500
6.30957e-05,8.86638,0.7,20,2,500
7.94328e-05,8.87159,0.7,20,2,500
0.0001,8.87574,0.7,20,2,500
1e-09,0.792633,0.7,20,5,300
1.25893e-09,0.915554,0.7,20,5,300
1.58489e-09,1.04935,0.7,20,5,300
1.99526e-09,1.19352,0.7,20,5,300
2.51189e-09,1.34741,0.7,20,5,300
3.16228e-09,1.5103,0.7,20,5,300
3.98107e-09,1.6814,0.7,20,5,300
5.01187e-09,1.85991,0.7,20,5,300
6.30957e-09,2.04503,0.7,20,5,300
7.94328e-09,2.23594,0.7,20,5,300
1e-08,2.43177,0.7,20,5,300
1.25893e-08,2.63164,0.7,20,5,300
1.58489e-08,2.83461,0.7,20,5,300
1.99526e-08,3.03969,0.7,20,5,300
2.51189e-08,3.24582,0.7,20,5,300
3.16228e-08,3.45194,0.7,20,5,300
3.98107e-08,3.65693,0.7,20,5,300
5.01187e-08,3.85969,0.7,20,5,300
6.30957e-08,4.05913,0.7,20,5,300
7.94328e-08,4.25419,0.7,20,5,300
1e-07,4.44388,0.7,20,5,300
1.25893e-07,4.62722,0.7,20,5,300
1.58489e-07,4.8033,0.7,20,5,300
1.99526e-07,4.97122,0.7,20,5,300
2.51189e-07,5.13011,0.7,20,5,300
3.16228e-07,5.27914,0.7,20,5,300
3.98107e-07,5.41761,0.7,20,5,300
5.01187e-07,5.5449,0.7,20,5,300
6.30957e-07,5.66061,0.7,20,5,300
7.94328e-07,5.76459,0.7,20,5,300
1e-06,5.85692,0.7,20,5,300
1.25893e-06,5.93793,0.7,20,5,300
1.58489e-06,6.00819,0.7,20,5,300
1.99526e-06,6.06846,0.7,20,5,300
2.51189e-06,6.11962,0.7,20,5,300
3.16228e-06,6.16262,0.7,20,5,300
3.98107e-06,6.19846,0.7,20,5,300
5.01187e-06,6.2281,0.7,20,5,300
6.30957e-06,6.25244,0.7,20,5,300
7.94328e-06,6.27231,0.7,20,5,300
1e-05,6.28846,0.7,20,5,300
1.25893e-05,6.30153,0.7,20,5,300
1.58489e-05,6.31206,0.7,20,5,300
1.99526e-05,6.32053,0.7,20,5,300
2.51189e-05,6.32733,0.7,20,5,300
3.16228e-05,6.33277,0.7,20,5,300
3.98107e-05,6.33711,0.7,20,5,300
5.01187e-05,6.34058,0.7,20,5,300
6.30957e-05,6.34335,0.7,20,5,300
7.94328e-05,6.34556,0.7,20,5,300
0.0001,6.34731,0.7,20,5,300
1e-09,0.792633,0.7,20,5,400
1.25893e-09,0.915554,0.7,20,5,400
1.58489e-09,1.04935,0.7,20,5,400
1.99526e-09,1.19352,0.7,20,5,400
2.51189e-09,1.34741,0.7,20,5,400
3.16228e-09,1.5103,0.7,20,5,400
3.98107e-09,1.6814,0.7,20,5,400
5.01187e-09,1.85991,0.7,20,5,400
6.30957e-09,2.04503,0.7,20,5,400
7.94328e-09,2.23594,0.7,20,5,400
1e-08,2.43177,0.7,20,5,400
1.25893e-08,2.63164,0.7,20,5,400
1.58489e-08,2.83461,0.7,20,5,400
1.99526e-08,3.03969,0.7,20,5,400
2.51189e-08,3.24582,0.7,20,5,400
3.16228e-08,3.45194,0.7,20,5,400
3.98107e-08,3.65693,0.7,20,5,400
5.01187e-08,3.85969,0.7,20,5,400
6.30957e-08,4.05913,0.7,20,5,400
7.94328e-08,4.25419,0.7,20,5,400
1e-07,4.44388,0.7,20,5,400
1.25893e-07,4.62722,0.7,20,5,400
1.58489e-07,4.8033,0.7,20,5,400
1.99526e-07,4.97122,0.7,20,5,400
2.51189e-07,5.13011,0.7,20,5,400
3.16228e-07,5.27914,0.7,20,5,400
3.98107e-07,5.41761,0.7,20,5,400
5.01187e-07,5.5449,0.7,20,5,400
6.30957e-07,5.66061,0.7,20,5,400
7.94328e-07,5.76459,0.7,20,5,400
1e-06,5.85692,0.7,20,5,400
1.25893e-06,5.93793,0.7,20,5,400
1.58489e-06,6.00819,0.7,20,5,400
1.99526e-06,6.06846,0.7,20,5,400
2.51189e-06,6.11962,0.7,20,5,400
3.16228e-06,6.16262,0.7,20,5,400
3.98107e-06,6.19846,0.7,20,5,400
5.01187e-06,6.2281,0.7,20,5,400
6.30957e-06,6.25244,0.7,20,5,400
7.94328e-06,6.27231,0.7,20,5,400
1e-05,6.28846,0.7,20,5,400
1.25893e-05,6.30153,0.7,20,5,400
1.58489e-05,6.31206,0.7,20,5,400
1.99526e-05,6.32053,0.7,20,5,400
2.51189e-05,6.32733,0.7,20,5,400
3.16228e-05,6.33277,0.7,20,5,400
3.98107e-05,6.33711,0.7,20,5,400
5.01187e-05,6.34058,0.7,20,5,400
6.30957e-05,6.34335,0.7,20,5,400
7.94328e-05,6.34556,0.7,20,5,400
0.0001,6.34731,0.7,20,5,400
1e-09,0.792633,0.7,20,5,500
1.25893e-09,0.915554,0.7,20,5,500
1.58489e-09,1.04935,0.7,20,5,500
1.99526e-09,1.19352,0.7,20,5,500
2.51189e-09,1.34741,0.7,20,5,500
3.16228e-09,1.5103,0.7,20,5,500
3.98107e-09,1.6814,0.7,20,5,500
5.01187e-09,1.85991,0.7,20,5,500
6.30957e-09,2.04503,0.7,20,5,500
7.94328e-09,2.23594,0.7,20,5,500
1e-08,2.43177,0.7,20,5,500
1.25893e-08,2.63164,0.7,20,5,500
1.58489e-08,2.83461,0.7,20,5,500
1.99526e-08,3.03969,0.7,20,5,500
2.51189e-08,3.24582,0.7,20,5,500
3.16228e-08,3.45194,0.7,20,5,500
3.98107e-08,3.65693,0.7,20,5,500
5.01187e-08,3.85969,0.7,20,5,500
6.30957e-08,4.05913,0.7,20,5,500
7.94328e-08,4.25419,0.7,20,5,500
1e-07,4.44388,0.7,20,5,500
1.25893e-07,4.62722,0.7,20,5,500
1.58489e-07,4.8033,0.7,20,5,500
1.99526e-07,4.97122,0.7,20,5,500
2.51189e-07,5.13011,0.7,20,5,500
3.16228e-07,5.27914,0.7,20,5,500
3.98107e-07,5.41761,0.7,20,5,500
5.01187e-07,5.5449,0.7,20,5,500
6.30957e-07,5.66061,0.7,20,5,500
7.94328e-07,5.76459,0.7,20,5,500
1e-06,5.85692,0.7,20,5,500
1.25893e-06,5.93793,0.7,20,5,500
1.58489e-06,6.00819,0.7,20,5,500
1.99526e-06,6.06846,0.7,20,5,500
2.51189e-06,6.11962,0.7,20,5,500
3.16228e-06,6.16262,0.7,20,5,500
3.98107e-06,6.19846,0.7,20,5,500
5.01187e-06,6.2281,0.7,20,5,500
6.30957e-06,6.25244,0.7,20,5,500
7.94328e-06,6.27231,0.7,20,5,500
1e-05,6.28846,0.7,20,5,500
1.25893e-05,6.30153,0.7,20,5,500
1.58489e-05,6.31206,0.7,20,5,500
1.99526e-05,6.32053,0.7,20,5,500
2.51189e-05,6.32733,0.7,20,5,500
3.16228e-05,6.33277,0.7,20,5,500
3.98107e-05,6.33711,0.7,20,5,500
5.01187e-05,6.34058,0.7,20,5,500
6.30957e-05,6.34335,0.7,20,5,500
7.94328e-05,6.34556,0.7,20,5,500
0.0001,6.34731,0.7,20,5,500
1e-09,0.792911,0.7,20,10,300
1.25893e-09,0.910999,0.7,20,10,300
1.58489e-09,1.03833,0.7,20,10,300
1.99526e-09,1.1742,0.7,20,10,300
2.51189e-09,1.3178,0.7,20,10,300
3.16228e-09,1.46828,0.7,20,10,300
3.98107e-09,1.6248,0.7,20,10,300
5.01187e-09,1.7865,0.7,20,10,300
6.30957e-09,1.95258,0.7,20,10,300
7.94328e-09,2.12222,0.7,20,10,300
1e-08,2.29462,0.7,20,10,300
1.25893e-08,2.46893,0.7,20,10,300
1.58489e-08,2.64425,0.7,20,10,300
1.99526e-08,2.81966,0.7,20,10,300
2.51189e-08,2.9942,0.7,20,10,300
3.16228e-08,3.16694,0.7,20,10,300
3.98107e-08,3.33697,0.7,20,10,300
5.01187e-08,3.50346,0.7,20,10,300
6.30957e-08,3.66566,0.7,20,10,300
7.94328e-08,3.82298,0.7,20,10,300
1e-07,3.97489,0.7,20,10,300
1.25893e-07,4.12095,0.7,20,10,300
1.58489e-07,4.26076,0.7,20,10,300
1.99526e-07,4.39392,0.7,20,10,300
2.51189e-07,4.51999,0.7,20,10,300
3.16228e-07,4.63852,0.7,20,10,300
3.98107e-07,4.749,0.7,20,10,300
5.01187e-07,4.85098,0.7,20,10,300
6.30957e-07,4.94406,0.7,20,10,300
7.94328e-07,5.02801,0.7,20,10,300
1e-06,5.10277,0.7,20,10,300
1.25893e-06,5.1685,0.7,20,10,300
1.58489e-06,5.22556,0.7,20,10,300
1.99526e-06,5.2745,0.7,20,10,300
2.51189e-06,5.31601,0.7,20,10,300
3.16228e-06,5.35087,0.7,20,10,300
3.98107e-06,5.37987,0.7,20,10,300
5.01187e-06,5.40381,0.7,20,10,300
6.30957e-06,5.42344,0.7,20,10,300
7.94328e-06,5.43944,0.7,20,10,300
1e-05,5.45242,0.7,20,10,300
1.25893e-05,5.46291,0.7,20,10,300
1.58489e-05,5.47136,0.7,20,10,300
1.99526e-05,5.47815,0.7,20,10,300
2.51189e-05,5.48358,0.7,20,10,300
3.16228e-05,5.48793,0.7,20,10,300
3.98107e-05,5.49141,0.7,20,10,300
5.01187e-05,5.49418,0.7,20,10,300
6.30957e-05,5.49639,0.7,20,10,300
7.94328e-05,5.49815,0.7,20,10,300
0.0001,5.49956,0.7,20,10,300
1e-09,0.792911,0.7,20,10,400
1.25893e-09,0.910999,0.7,20,10,400
1.58489e-09,1.03833,0.7,20,10,400
1.99526e-09,1.1742,0.7,20,10,400
2.51189e-09,1.3178,0.7,20,10,400
3.16228e-09,1.46828,0.7,20,10,400
3.98107e-09,1.6248,0.7,20,10,400
5.01187e-09,1.7865,0.7,20,10,400
6.30957e-09,1.95258,0.7,20,10,400
7.94328e-09,2.12222,0.7,20,10,400
1e-08,2.29462,0.7,20,10,400
1.25893e-08,2.46893,0.7,20,10,400
1.58489e-08,2.64425,0.7,20,10,400
1.99526e-08,2.81966,0.7,20,10,400
2.51189e-08,2.9942,0.7,20,10,400
3.16228e-08,3.16694,0.7,20,10,400
3.98107e-08,3.33697,0.7,20,10,400
5.01187e-08,3.50346,0.7,20,10,400
6.30957e-08,3.66566,0.7,20,10,400
7.94328e-08,3.82298,0.7,20,10,400
1e-07,3.97489,0.7,20,10,400
1.25893e-07,4.12095,0.7,20,10,400
1.58489e-07,4.26076,0.7,20,10,400
1.99526e-07,4.39392,0.7,20,10,400
2.51189e-07,4.51999,0.7,20,10,400
3.16228e-07,4.63852,0.7,20,10,400
3.98107e-07,4.749,0.7,20,10,400
5.01187e-07,4.85098,0.7,20,10,400
6.30957e-07,4.94406,0.7,20,10,400
7.94328e-07,5.02801,0.7,20,10,400
1e-06,5.10277,0.7,20,10,400
1.25893e-06,5.1685,0.7,20,10,400
1.58489e-06,5.22556,0.7,20,10,400
1.99526e-06,5.2745,0.7,20,10,400
2.51189e-06,5.31601,0.7,20,10,400
3.16228e-06,5.35087,0.7,20,10,400
3.98107e-06,5.37987,0.7,20,10,400
5.01187e-06,5.40381,0.7,20,10,400
6.30957e-06,5.42344,0.7,20,10,400
7.94328e-06,5.43944,0.7,20,10,400
1e-05,5.45242,0.7,20,10,400
1.25893e-05,5.46291,0.7,20,10,400
1.58489e-05,5.47136,0.7,20,10,400
1.99526e-05,5.47815,0.7,20,10,400
2.51189e-05,5.48358,0.7,20,10,400
3.16228e-05,5.48793,0.7,20,10,400
3.98107e-05,5.49141,0.7,20,10,400
5.01187e-05,5.49418,0.7,20,10,400
6.30957e-05,5.49639,0.7,20,10,400
7.94328e-05,5.49815,0.7,20,10,400
0.0001,5.49956,0.7,20,10,400
1e-09,0.792911,0.7,20,10,500
1.25893e-09,0.910999,0.7,20,10,500
1.58489e-09,1.03833,0.7,20,10,500
1.99526e-09,1.1742,0.7,20,10,500
2.51189e-09,1.3178,0.7,20,10,500
3.16228e-09,1.46828,0.7,20,10,500
3.98107e-09,1.6248,0.7,20,10,500
5.01187e-09,1.7865,0.7,20,10,500
6.30957e-09,1.95258,0.7,20,10,500
7.94328e-09,2.12222,0.7,20,10,500
1e-08,2.29462,0.7,20,10,500
1.25893e-08,2.46893,0.7,20,10,500
1.58489e-08,2.64425,0.7,20,10,500
1.99526e-08,2.81966,0.7,20,10,500
2.51189e-08,2.9942,0.7,20,10,500
3.16228e-08,3.16694,0.7,20,10,500
3.98107e-08,3.33697,0.7,20,10,500
5.01187e-08,3.50346,0.7,20,10,500
6.30957e-08,3.66566,0.7,20,10,500
7.94328e-08,3.82298,0.7,20,10,500
1e-07,3.97489,0.7,20,10,500
1.25893e-07,4.12095,0.7,20,10,500
1.58489e-07,4.26076,0.7,20,10,500
1.99526e-07,4.39392,0.7,20,10,500
2.51189e-07,4.51999,0.7,20,10,500
3.16228e-07,4.63852,0.7,20,10,500
3.98107e-07,4.749,0.7,20,10,500
5.01187e-07,4.85098,0.7,20,10,500
6.30957e-07,4.94406,0.7,20,10,500
7.94328e-07,5.02801,0.7,20,10,500
1e-06,5.10277,0.7,20,10,500
1.25893e-06,5.1685,0.7,20,10,500
1.58489e-06,5.22556,0.7,20,10,500
1.99526e-06,5.2745,0.7,20,10,500
2.51189e-06,5.31601,0.7,20,10,500
3.16228e-06,5.35087,0.7,20,10,500
3.98107e-06,5.37987,0.7,20,10,500
5.01187e-06,5.40381,0.7,20,10,500
6.30957e-06,5.42344,0.7,20,10,500
7.94328e-06,5.43944,0.7,20,10,500
1e-05,5.45242,0.7,20,10,500
1.25893e-05,5.46291,0.7,20,10,500
1.58489e-05,5.47136,0.7,20,10,500
1.99526e-05,5.47815,0.7,20,10,500
2.51189e-05,5.48358,0.7,20,10,500
3.16228e-05,5.48793,0.7,20,10,500
3.98107e-05,5.49141,0.7,20,10,500
5.01187e-05,5.49418,0.7,20,10,500
6.30957e-05,5.49639,0.7,20,10,500
7.94328e-05,5.49815,0.7,20,10,500
0.0001,5.49956,0.7,20,10,500
1e-09,0.908242,0.7,20,20,300
1.25893e-09,1.04996,0.7,20,20,300
1.58489e-09,1.20387,0.7,20,20,300
1.99526e-09,1.36907,0.7,20,20,300
2.51189e-09,1.54442,0.7,20,20,300
3.16228e-09,1.72862,0.7,20,20,300
3.98107e-09,1.92025,0.7,20,20,300
5.01187e-09,2.1179,0.7,20,20,300
6.30957e-09,2.32011,0.7,20,20,300
7.94328e-09,2.52545,0.7,20,20,300
1e-08,2.7325,0.7,20,20,300
1.25893e-08,2.93978,0.7,20,20,300
1.58489e-08,3.14586,0.7,20,20,300
1.99526e-08,3.34926,0.7,20,20,300
2.51189e-08,3.54854,0.7,20,20,300
3.16228e-08,3.74234,0.7,20,20,300
3.98107e-08,3.92943,0.7,20,20,300
5.01187e-08,4.10874,0.7,20,20,300
6.30957e-08,4.27943,0.7,20,20,300
7.94328e-08,4.44088,0.7,20,20,300
1e-07,4.59274,0.7,20,20,300
1.25893e-07,4.73485,0.7,20,20,300
1.58489e-07,4.86727,0.7,20,20,300
1.99526e-07,4.99017,0.7,20,20,300
2.51189e-07,5.10379,0.7,20,20,300
3.16228e-07,5.20842,0.7,20,20,300
3.98107e-07,5.30433,0.7,20,20,300
5.01187e-07,5.39175,0.7,20,20,300
6.30957e-07,5.47093,0.7,20,20,300
7.94328e-07,5.5421,0.7,20,20,300
1e-06,5.60551,0.7,20,20,300
1.25893e-06,5.66146,0.7,20,20,300
1.58489e-06,5.71034,0.7,20,20,300
1.99526e-06,5.7526,0.7,20,20,300
2.51189e-06,5.78875,0.7,20,20,300
3.16228e-06,5.81937,0.7,20,20,300
3.98107e-06,5.84507,0.7,20,20,300
5.01187e-06,5.86646,0.7,20,20,300
6.30957e-06,5.88412,0.7,20,20,300
7.94328e-06,5.8986,0.7,20,20,300
1e-05,5.91042,0.7,20,20,300
1.25893e-05,5.92002,0.7,20,20,300
1.58489e-05,5.92777,0.7,20,20,300
1.99526e-05,5.93402,0.7,20,20,300
2.51189e-05,5.93904,0.7,20,20,300
3.16228e-05,5.94307,0.7,20,20,300
3.98107e-05,5.94629,0.7,20,20,300
5.01187e-05,5.94886,0.7,20,20,300
6.30957e-05,5.95092,0.7,20,20,300
7.94328e-05,5.95256,0.7,20,20,300
0.0001,5.95386,0.7,20,20,300
1e-09,0.908242,0.7,20,20,400
1.25893e-09,1.04996,0.7,20,20,400
1.58489e-09,1.20387,0.7,20,20,400
1.99526e-09,1.36907,0.7,20,20,400
2.51189e-09,1.54442,0.7,20,20,400
3.16228e-09,1.72862,0.7,20,20,400
3.98107e-09,1.92025,0.7,20,20,400
5.01187e-09,2.1179,0.7,20,20,400
6.30957e-09,2.32011,0.7,20,20,400
7.94328e-09,2.52545,0.7,20,20,400
1e-08,2.7325,0.7,20,20,400
1.25893e-08,2.93978,0.7,20,20,400
1.58489e-08,3.14586,0.7,20,20,400
1.99526e-08,3.34926,0.7,20,20,400
2.51189e-08,3.54854,0.7,20,20,400
3.16228e-08,3.74234,0.7,20,20,400
3.98107e-08,3.92943,0.7,20,20,400
5.01187e-08,4.10874,0.7,20,20,400
6.30957e-08,4.27943,0.7,20,20,400
7.94328e-08,4.44088,0.7,20,20,400
1e-07,4.59274,0.7,20,20,400
1.25893e-07,4.73485,0.7,20,20,400
1.58489e-07,4.86727,0.7,20,20,400
1.99526e-07,4.99017,0.7,20,20,400
2.51189e-07,5.10379,0.7,20,20,400
3.16228e-07,5.20842,0.7,20,20,400
3.98107e-07,5.30433,0.7,20,20,400
5.01187e-07,5.39175,0.7,20,20,400
6.30957e-07,5.47093,0.7,20,20,400
7.94328e-07,5.5421,0.7,20,20,400
1e-06,5.60551,0.7,20,20,400
1.25893e-06,5.66146,0.7,20,20,400
1.58489e-06,5.71034,0.7,20,20,400
1.99526e-06,5.7526,0.7,20,20,400
2.51189e-06,5.78875,0.7,20,20,400
3.16228e-06,5.81937,0.7,20,20,400
3.98107e-06,5.84507,0.7,20,20,400
5.01187e-06,5.86646,0.7,20,20,400
6.30957e-06,5.88412,0.7,20,20,400
7.94328e-06,5.8986,0.7,20,20,400
1e-05,5.91042,0.7,20,20,400
1.25893e-05,5.92002,0.7,20,20,400
1.58489e-05,5.92777,0.7,20,20,400
1.99526e-05,5.93402,0.7,20,20,400
2.51189e-05,5.93904,0.7,20,20,400
3.16228e-05,5.94307,0.7,20,20,400
3.98107e-05,5.94629,0.7,20,20,400
5.01187e-05,5.94886,0.7,20,20,400
6.30957e-05,5.95092,0.7,20,20,400
7.94328e-05,5.95256,0.7,20,20,400
0.0001,5.95386,0.7,20,20,400
1e-09,0.908242,0.7,20,20,500
1.25893e-09,1.04996,0.7,20,20,500
1.58489e-09,1.20387,0.7,20,20,500
1.99526e-09,1.36907,0.7,20,20,500
2.51189e-09,1.54442,0.7,20,20,500
3.16228e-09,1.72862,0.7,20,20,500
3.98107e-09,1.92025,0.7,20,20,500
5.01187e-09,2.1179,0.7,20,20,500
6.30957e-09,2.32011,0.7,20,20,500
7.94328e-09,2.52545,0.7,20,20,500
1e-08,2.7325,0.7,20,20,500
1.25893e-08,2.93978,0.7,20,20,500
1.58489e-08,3.14586,0.7,20,20,500
1.99526e-08,3.34926,0.7,20,20,500
2.51189e-08,3.54854,0.7,20,20,500
3.16228e-08,3.74234,0.7,20,20,500
3.98107e-08,3.92943,0.7,20,20,500
5.01187e-08,4.10874,0.7,20,20,500
6.30957e-08,4.27943,0.7,20,20,500
7.94328e-08,4.44088,0.7,20,20,500
1e-07,4.59274,0.7,20,20,500
1.25893e-07,4.73485,0.7,20,20,500
1.58489e-07,4.86727,0.7,20,20,500
1.99526e-07,4.99017,0.7,20,20,500
2.51189e-07,5.10379,0.7,20,20,500
3.16228e-07,5.20842,0.7,20,20,500
3.98107e-07,5.30433,0.7,20,20,500
5.01187e-07,5.39175,0.7,20,20,500
6.30957e-07,5.47093,0.7,20,20,500
7.94328e-07,5.5421,0.7,20,20,500
1e-06,5.60551,0.7,20,20,500
1.25893e-06,5.66146,0.7,20,20,500
1.58489e-06,5.71034,0.7,20,20,500
1.99526e-06,5.7526,0.7,20,20,500
2.51189e-06,5.78875,0.7,20,20,500
3.16228e-06,5.81937,0.7,20,20,500
3.98107e-06,5.84507,0.7,20,20,500
5.01187e-06,5.86646,0.7,20,20,500
6.30957e-06,5.88412,0.7,20,20,500
7.94328e-06,5.8986,0.7,20,20,500
1e-05,5.91042,0.7,20,20,500
1.25893e-05,5.92002,0.7,20,20,500
1.58489e-05,5.92777,0.7,20,20,500
1.99526e-05,5.93402,0.7,20,20,500
2.51189e-05,5.93904,0.7,20,20,500
3.16228e-05,5.94307,0.7,20,20,500
3.98107e-05,5.94629,0.7,20,20,500
5.01187e-05,5.94886,0.7,20,20,500
6.30957e-05,5.95092,0.7,20,20,500
7.94328e-05,5.95256,0.7,20,20,500
0.0001,5.95386,0.7,20,20,500
1e-09,0.779382,0.9,2,2,300
1.25893e-09,0.88436,0.9,2,2,300
1.58489e-09,0.997556,0.9,2,2,300
1.99526e-09,1.11919,0.9,2,2,300
2.51189e-09,1.24962,0.9,2,2,300
3.16228e-09,1.38938,0.9,2,2,300
3.98107e-09,1.53916,0.9,2,2,300
5.01187e-09,1.69983,0.9,2,2,300
6.30957e-09,1.87239,0.9,2,2,300
7.94328e-09,2.05797,0.9,2,2,300
1e-08,2.25773,0.9,2,2,300
1.25893e-08,2.47285,0.9,2,2,300
1.58489e-08,2.70449,0.9,2,2,300
1.99526e-08,2.95367,0.9,2,2,300
2.51189e-08,3.2213,0.9,2,2,300
3.16228e-08,3.50811,0.9,2,2,300
3.98107e-08,3.81458,0.9,2,2,300
5.01187e-08,4.14097,0.9,2,2,300
6.30957e-08,4.48725,0.9,2,2,300
7.94328e-08,4.8531,0.9,2,2,300
1e-07,5.23789,0.9,2,2,300
1.25893e-07,5.64068,0.9,2,2,300
1.58489e-07,6.06021,0.9,2,2,300
1.99526e-07,6.49485,0.9,2,2,300
2.51189e-07,6.94257,0.9,2,2,300
3.16228e-07,7.40092,0.9,2,2,300
3.98107e-07,7.86697,0.9,2,2,300
5.01187e-07,8.33732,0.9,2,2,300
6.30957e-07,8.80816,0.9,2,2,300
7.94328e-07,9.27526,0.9,2,2,300
1e-06,9.73411,0.9,2,2,300
1.25893e-06,10.18,0.9,2,2,300
1.58489e-06,10.6081,0.9,2,2,300
1.99526e-06,11.014,0.9,2,2,300
2.51189e-06,11.3933,0.9,2,2,300
3.16228e-06,11.7426,0.9,2,2,300
3.98107e-06,12.0594,0.9,2,2,300
5.01187e-06,12.3424,0.9,2,2,300
6.30957e-06,12.5915,0.9,2,2,300
7.94328e-06,12.8075,0.9,2,2,300
1e-05,12.9926,0.9,2,2,300
1.25893e-05,13.1491,0.9,2,2,300
1.58489e-05,13.2802,0.9,2,2,300
1.99526e-05,13.389,0.9,2,2,300
2.51189e-05,13.4786,0.9,2,2,300
3.16228e-05,13.5518,0.9,2,2,300
3.98107e-05,13.6114,0.9,2,2,300
5.01187e-05,13.6597,0.9,2,2,300
6.30957e-05,13.6986,0.9,2,2,300
7.94328e-05,13.7299,0.9,2,2,300
0.0001,13.755,0.9,2,2,300
1e-09,0.779382,0.9,2,2,400
1.25893e-09,0.88436,0.9,2,2,400
1.58489e-09,0.997556,0.9,2,2,400
1.99526e-09,1.11919,0.9,2,2,400
2.51189e-09,1.24962,0.9,2,2,400
3.16228e-09,1.38938,0.9,2,2,400
3.98107e-09,1.53916,0.9,2,2,400
5.01187e-09,1.69983,0.9,2,2,400
6.30957e-09,1.87239,0.9,2,2,400
7.94328e-09,2.05797,0.9,2,2,400
1e-08,2.25773,0.9,2,2,400
1.25893e-08,2.47285,0.9,2,2,400
1.58489e-08,2.70449,0.9,2,2,400
1.99526e-08,2.95367,0.9,2,2,400
2.51189e-08,3.2213,0.9,2,2,400
3.16228e-08,3.50811,0.9,2,2,400
3.98107e-08,3.81458,0.9,2,2,400
5.01187e-08,4.14097,0.9,2,2,400
6.30957e-08,4.48725,0.9,2,2,400
7.94328e-08,4.8531,0.9,2,2,400
1e-07,5.23789,0.9,2,2,400
1.25893e-07,5.64068,0.9,2,2,400
1.58489e-07,6.06021,0.9,2,2,400
1.99526e-07,6.49485,0.9,2,2,400
2.51189e-07,6.94257,0.9,2,2,400
3.16228e-07,7.40092,0.9,2,2,400
3.98107e-07,7.86697,0.9,2,2,400
5.01187e-07,8.33732,0.9,2,2,400
6.30957e-07,8.80816,0.9,2,2,400
7.94328e-07,9.27526,0.9,2,2,400
1e-06,9.73411,0.9,2,2,400
1.25893e-06,10.18,0.9,2,2,400
1.58489e-06,10.6081,0.9,2,2,400
1.99526e-06,11.014,0.9,2,2,400
2.51189e-06,11.3933,0.9,2,2,400
3.16228e-06,11.7426,0.9,2,2,400
3.98107e-06,12.0594,0.9,2,2,400
5.01187e-06,12.3424,0.9,2,2,400
6.30957e-06,12.5915,0.9,2,2,400
7.94328e-06,12.8075,0.9,2,2,400
1e-05,12.9926,0.9,2,2,400
1.25893e-05,13.1491,0.9,2,2,400
1.58489e-05,13.2802,0.9,2,2,400
1.99526e-05,13.389,0.9,2,2,400
2.51189e-05,13.4786,0.9,2,2,400
3.16228e-05,13.5518,0.9,2,2,400
3.98107e-05,13.6114,0.9,2,2,400
5.01187e-05,13.6597,0.9,2,2,400
6.30957e-05,13.6986,0.9,2,2,400
7.94328e-05,13.7299,0.9,2,2,400
0.0001,13.755,0.9,2,2,400
1e-09,0.779382,0.9,2,2,500
1.25893e-09,0.88436,0.9,2,2,500
1.58489e-09,0.997556,0.9,2,2,500
1.99526e-09,1.11919,0.9,2,2,500
2.51189e-09,1.24962,0.9,2,2,500
3.16228e-09,1.38938,0.9,2,2,500
3.98107e-09,1.53916,0.9,2,2,500
5.01187e-09,1.69983,0.9,2,2,500
6.30957e-09,1.87239,0.9,2,2,500
7.94328e-09,2.05797,0.9,2,2,500
1e-08,2.25773,0.9,2,2,500
1.25893e-08,2.47285,0.9,2,2,500
1.58489e-08,2.70449,0.9,2,2,500
1.99526e-08,2.95367,0.9,2,2,500
2.51189e-08,3.2213,0.9,2,2,500
3.16228e-08,3.50811,0.9,2,2,500
3.98107e-08,3.81458,0.9,2,2,500
5.01187e-08,4.14097,0.9,2,2,500
6.30957e-08,4.48725,0.9,2,2,500
7.94328e-08,4.8531,0.9,2,2,500
1e-07,5.23789,0.9,2,2,500
1.25893e-07,5.64068,0.9,2,2,500
1.58489e-07,6.06021,0.9,2,2,500
1.99526e-07,6.49485,0.9,2,2,500
2.51189e-07,6.94257,0.9,2,2,500
3.16228e-07,7.40092,0.9,2,2,500
3.98107e-07,7.86697,0.9,2,2,500
5.01187e-07,8.33732,0.9,2,2,500
6.30957e-07,8.80816,0.9,2,2,500
7.94328e-07,9.27526,0.9,2,2,500
1e-06,9.73411,0.9,2,2,500
1.25893e-06,10.18,0.9,2,2,500
1.58489e-06,10.6081,0.9,2,2,500
1.99526e-06,11.014,0.9,2,2,500
2.51189e-06,11.3933,0.9,2,2,500
3.16228e-06,11.7426,0.9,2,2,500
3.98107e-06,12.0594,0.9,2,2,500
5.01187e-06,12.3424,0.9,2,2,500
6.30957e-06,12.5915,0.9,2,2,500
7.94328e-06,12.8075,0.9,2,2,500
1e-05,12.9926,0.9,2,2,500
1.25893e-05,13.1491,0.9,2,2,500
1.58489e-05,13.2802,0.9,2,2,500
1.99526e-05,13.389,0.9,2,2,500
2.51189e-05,13.4786,0.9,2,2,500
3.16228e-05,13.5518,0.9,2,2,500
3.98107e-05,13.6114,0.9,2,2,500
5.01187e-05,13.6597,0.9,2,2,500
6.30957e-05,13.6986,0.9,2,2,500
7.94328e-05,13.7299,0.9,2,2,500
0.0001,13.755,0.9,2,2,500
1e-09,0.800026,0.9,2,5,300
1.25893e-09,0.908807,0.9,2,5,300
1.58489e-09,1.02616,0.9,2,5,300
1.99526e-09,1.15228,0.9,2,5,300
2.51189e-09,1.28751,0.9,2,5,300
3.16228e-09,1.43236,0.9,2,5,300
3.98107e-09,1.58751,0.9,2,5,300
5.01187e-09,1.75383,0.9,2,5,300
6.30957e-09,1.93235,0.9,2,5,300
7.94328e-09,2.1242,0.9,2,5,300
1e-08,2.33057,0.9,2,5,300
1.25893e-08,2.55267,0.9,2,5,300
1.58489e-08,2.79168,0.9,2,5,300
1.99526e-08,3.04864,0.9,2,5,300
2.51189e-08,3.32448,0.9,2,5,300
3.16228e-08,3.61992,0.9,2,5,300
3.98107e-08,3.93543,0.9,2,5,300
5.01187e-08,4.27125,0.9,2,5,300
6.30957e-08,4.6273,0.9,2,5,300
7.94328e-08,5.0032,0.9,2,5,300
1e-07,5.39826,0.9,2,5,300
1.25893e-07,5.81144,0.9,2,5,300
1.58489e-07,6.24139,0.9,2,5,300
1.99526e-07,6.68636,0.9,2,5,300
2.51189e-07,7.14423,0.9,2,5,300
3.16228e-07,7.61244,0.9,2,5,300
3.98107e-07,8.08797,0.9,2,5,300
5.01187e-07,8.56736,0.9,2,5,300
6.30957e-07,9.04672,0.9,2,5,300
7.94328e-07,9.52179,0.9,2,5,300
1e-06,9.98805,0.9,2,5,300
1.25893e-06,10.4408,0.9,2,5,300
1.58489e-06,10.8752,0.9,2,5,300
1.99526e-06,11.2869,0.9,2,5,300
2.51189e-06,11.6715,0.9,2,5,300
3.16228e-06,12.0257,0.9,2,5,300
3.98107e-06,12.347,0.9,2,5,300
5.01187e-06,12.6341,0.9,2,5,300
6.30957e-06,12.8868,0.9,2,5,300
7.94328e-06,13.1062,0.9,2,5,300
1e-05,13.2941,0.9,2,5,300
1.25893e-05,13.4532,0.9,2,5,300
1.58489e-05,13.5864,0.9,2,5,300
1.99526e-05,13.697,0.9,2,5,300
2.51189e-05,13.7881,0.9,2,5,300
3.16228e-05,13.8627,0.9,2,5,300
3.98107e-05,13.9233,0.9,2,5,300
5.01187e-05,13.9724,0.9,2,5,300
6.30957e-05,14.012,0.9,2,5,300
7.94328e-05,14.0439,0.9,2,5,300
0.0001,14.0695,0.9,2,5,300
1e-09,0.800026,0.9,2,5,400
1.25893e-09,0.908807,0.9,2,5,400
1.58489e-09,1.02616,0.9,2,5,400
1.99526e-09,1.15228,0.9,2,5,400
2.51189e-09,1.28751,0.9,2,5,400
3.16228e-09,1.43236,0.9,2,5,400
3.98107e-09,1.58751,0.9,2,5,400
5.01187e-09,1.75383,0.9,2,5,400
6.30957e-09,1.93235,0.9,2,5,400
7.94328e-09,2.1242,0.9,2,5,400
1e-08,2.33057,0.9,2,5,400
1.25893e-08,2.55267,0.9,2,5,400
1.58489e-08,2.79168,0.9,2,5,400
1.99526e-08,3.04864,0.9,2,5,400
2.51189e-08,3.32448,0.9,2,5,400
3.16228e-08,3.61992,0.9,2,5,400
3.98107e-08,3.93543,0.9,2,5,400
5.01187e-08,4.27125,0.9,2,5,400
6.30957e-08,4.6273,0.9,2,5,400
7.94328e-08,5.0032,0.9,2,5,400
1e-07,5.39826,0.9,2,5,400
1.25893e-07,5.81144,0.9,2,5,400
1.58489e-07,6.24139,0.9,2,5,400
1.99526e-07,6.68636,0.9,2,5,400
2.51189e-07,7.14423,0.9,2,5,400
3.16228e-07,7.61244,0.9,2,5,400
3.98107e-07,8.08797,0.9,2,5,400
5.01187e-07,8.56736,0.9,2,5,400
6.30957e-07,9.04672,0.9,2,5,400
7.94328e-07,9.52179,0.9,2,5,400
1e-06,9.98805,0.9,2,5,400
1.25893e-06,10.4408,0.9,2,5,400
1.58489e-06,10.8752,0.9,2,5,400
1.99526e-06,11.2869,0.9,2,5,400
2.51189e-06,11.6715,0.9,2,5,400
3.16228e-06,12.0257,0.9,2,5,400
3.98107e-06,12.347,0.9,2,5,400
5.01187e-06,12.6341,0.9,2,5,400
6.30957e-06,12.8868,0.9,2,5,400
7.94328e-06,13.1062,0.9,2,5,400
1e-05,13.2941,0.9,2,5,400
1.25893e-05,13.4532,0.9,2,5,400
1.58489e-05,13.5864,0.9,2,5,400
1.99526e-05,13.697,0.9,2,5,400
2.51189e-05,13.7881,0.9,2,5,400
3.16228e-05,13.8627,0.9,2,5,400
3.98107e-05,13.9233,0.9,2,5,400
5.01187e-05,13.9724,0.9,2,5,400
6.30957e-05,14.012,0.9,2,5,400
7.94328e-05,14.0439,0.9,2,5,400
0.0001,14.0695,0.9,2,5,400
1e-09,0.800026,0.9,2,5,500
1.25893e-09,0.908807,0.9,2,5,500
1.58489e-09,1.02616,0.9,2,5,500
1.99526e-09,1.15228,0.9,2,5,500
2.51189e-09,1.28751,0.9,2,5,500
3.16228e-09,1.43236,0.9,2,5,500
3.98107e-09,1.58751,0.9,2,5,500
5.01187e-09,1.75383,0.9,2,5,500
6.30957e-09,1.93235,0.9,2,5,500
7.94328e-09,2.1242,0.9,2,5,500
1e-08,2.33057,0.9,2,5,500
1.25893e-08,2.55267,0.9,2,5,500
1.58489e-08,2.79168,0.9,2,5,500
1.99526e-08,3.04864,0.9,2,5,500
2.51189e-08,3.32448,0.9,2,5,500
3.16228e-08,3.61992,0.9,2,5,500
3.98107e-08,3.93543,0.9,2,5,500
5.01187e-08,4.27125,0.9,2,5,500
6.30957e-08,4.6273,0.9,2,5,500
7.94328e-08,5.0032,0.9,2,5,500
1e-07,5.39826,0.9,2,5,500
1.25893e-07,5.81144,0.9,2,5,500
1.58489e-07,6.24139,0.9,2,5,500
1.99526e-07,6.68636,0.9,2,5,500
2.51189e-07,7.14423,0.9,2,5,500
3.16228e-07,7.61244,0.9,2,5,500
3.98107e-07,8.08797,0.9,2,5,500
5.01187e-07,8.56736,0.9,2,5,500
6.30957e-07,9.04672,0.9,2,5,500
7.94328e-07,9.52179,0.9,2,5,500
1e-06,9.98805,0.9,2,5,500
1.25893e-06,10.4408,0.9,2,5,500
1.58489e-06,10.8752,0.9,2,5,500
1.99526e-06,11.2869,0.9,2,5,500
2.51189e-06,11.6715,0.9,2,5,500
3.16228e-06,12.0257,0.9,2,5,500
3.98107e-06,12.347,0.9,2,5,500
5.01187e-06,12.6341,0.9,2,5,500
6.30957e-06,12.8868,0.9,2,5,500
7.94328e-06,13.1062,0.9,2,5,500
1e-05,13.2941,0.9,2,5,500
1.25893e-05,13.4532,0.9,2,5,500
1.58489e-05,13.5864,0.9,2,5,500
1.99526e-05,13.697,0.9,2,5,500
2.51189e-05,13.7881,0.9,2,5,500
3.16228e-05,13.8627,0.9,2,5,500
3.98107e-05,13.9233,0.9,2,5,500
5.01187e-05,13.9724,0.9,2,5,500
6.30957e-05,14.012,0.9,2,5,500
7.94328e-05,14.0439,0.9,2,5,500
0.0001,14.0695,0.9,2,5,500
1e-09,0.855541,0.9,2,10,300
1.25893e-09,0.974866,0.9,2,10,300
1.58489e-09,1.10373,0.9,2,10,300
1.99526e-09,1.2422,0.9,2,10,300
2.51189e-09,1.39049,0.9,2,10,300
3.16228e-09,1.54896,0.9,2,10,300
3.98107e-09,1.71817,0.9,2,10,300
5.01187e-09,1.89886,0.9,2,10,300
6.30957e-09,2.09192,0.9,2,10,300
7.94328e-09,2.29837,0.9,2,10,300
1e-08,2.51927,0.9,2,10,300
1.25893e-08,2.75569,0.9,2,10,300
1.58489e-08,3.0086,0.9,2,10,300
1.99526e-08,3.27884,0.9,2,10,300
2.51189e-08,3.56702,0.9,2,10,300
3.16228e-08,3.8735,0.9,2,10,300
3.98107e-08,4.19831,0.9,2,10,300
5.01187e-08,4.54111,0.9,2,10,300
6.30957e-08,4.90121,0.9,2,10,300
7.94328e-08,5.2775,0.9,2,10,300
1e-07,5.66847,0.9,2,10,300
1.25893e-07,6.07221,0.9,2,10,300
1.58489e-07,6.48644,0.9,2,10,300
1.99526e-07,6.9085,0.9,2,10,300
2.51189e-07,7.3354,0.9,2,10,300
3.16228e-07,7.76389,0.9,2,10,300
3.98107e-07,8.19051,0.9,2,10,300
5.01187e-07,8.61168,0.9,2,10,300
6.30957e-07,9.0238,0.9,2,10,300
7.94328e-07,9.42335,0.9,2,10,300
1e-06,9.80692,0.9,2,10,300
1.25893e-06,10.1713,0.9,2,10,300
1.58489e-06,10.5135,0.9,2,10,300
1.99526e-06,10.8309,0.9,2,10,300
2.51189e-06,11.1215,0.9,2,10,300
3.16228e-06,11.3839,0.9,2,10,300
3.98107e-06,11.6175,0.9,2,10,300
5.01187e-06,11.8226,0.9,2,10,300
6.30957e-06,12.0002,0.9,2,10,300
7.94328e-06,12.1521,0.9,2,10,300
1e-05,12.2806,0.9,2,10,300
1.25893e-05,12.3881,0.9,2,10,300
1.58489e-05,12.4773,0.9,2,10,300
1.99526e-05,12.5507,0.9,2,10,300
2.51189e-05,12.6108,0.9,2,10,300
3.16228e-05,12.6596,0.9,2,10,300
3.98107e-05,12.6992,0.9,2,10,300
5.01187e-05,12.7311,0.9,2,10,300
6.30957e-05,12.7567,0.9,2,10,300
7.94328e-05,12.7773,0.9,2,10,300
0.0001,12.7938,0.9,2,10,300
1e-09,0.855541,0.9,2,10,400
1.25893e-09,0.974866,0.9,2,10,400
1.58489e-09,1.10373,0.9,2,10,400
1.99526e-09,1.2422,0.9,2,10,400
2.51189e-09,1.39049,0.9,2,10,400
3.16228e-09,1.54896,0.9,2,10,400
3.98107e-09,1.71817,0.9,2,10,400
5.01187e-09,1.89886,0.9,2,10,400
6.30957e-09,2.09192,0.9,2,10,400
7.94328e-09,2.29837,0.9,2,10,400
1e-08,2.51927,0.9,2,10,400
1.25893e-08,2.75569,0.9,2,10,400
1.58489e-08,3.0086,0.9,2,10,400
1.99526e-08,3.27884,0.9,2,10,400
2.51189e-08,3.56702,0.9,2,10,400
3.16228e-08,3.8735,0.9,2,10,400
3.98107e-08,4.19831,0.9,2,10,400
5.01187e-08,4.54111,0.9,2,10,400
6.30957e-08,4.90121,0.9,2,10,400
7.94328e-08,5.2775,0.9,2,10,400
1e-07,5.66847,0.9,2,10,400
1.25893e-07,6.07221,0.9,2,10,400
1.58489e-07,6.48644,0.9,2,10,400
1.99526e-07,6.9085,0.9,2,10,400
2.51189e-07,7.3354,0.9,2,10,400
3.16228e-07,7.76389,0.9,2,10,400
3.98107e-07,8.19051,0.9,2,10,400
5.01187e-07,8.61168,0.9,2,10,400
6.30957e-07,9.0238,0.9,2,10,400
7.94328e-07,9.42335,0.9,2,10,400
1e-06,9.80692,0.9,2,10,400
1.25893e-06,10.1713,0.9,2,10,400
1.58489e-06,10.5135,0.9,2,10,400
1.99526e-06,10.8309,0.9,2,10,400
2.51189e-06,11.1215,0.9,2,10,400
3.16228e-06,11.3839,0.9,2,10,400
3.98107e-06,11.6175,0.9,2,10,400
5.01187e-06,11.8226,0.9,2,10,400
6.30957e-06,12.0002,0.9,2,10,400
7.94328e-06,12.1521,0.9,2,10,400
1e-05,12.2806,0.9,2,10,400
1.25893e-05,12.3881,0.9,2,10,400
1.58489e-05,12.4773,0.9,2,10,400
1.99526e-05,12.5507,0.9,2,10,400
2.51189e-05,12.6108,0.9,2,10,400
3.16228e-05,12.6596,0.9,2,10,400
3.98107e-05,12.6992,0.9,2,10,400
5.01187e-05,12.7311,0.9,2,10,400
6.30957e-05,12.7567,0.9,2,10,400
7.94328e-05,12.7773,0.9,2,10,400
0.0001,12.7938,0.9,2,10,400
1e-09,0.855541,0.9,2,10,500
1.25893e-09,0.974866,0.9,2,10,500
1.58489e-09,1.10373,0.9,2,10,500
1.99526e-09,1.2422,0.9,2,10,500
2.51189e-09,1.39049,0.9,2,10,500
3.16228e-09,1.54896,0.9,2,10,500
3.98107e-09,1.71817,0.9,2,10,500
5.01187e-09,1.89886,0.9,2,10,500
6.30957e-09,2.09192,0.9,2,10,500
7.94328e-09,2.29837,0.9,2,10,500
1e-08,2.51927,0.9,2,10,500
1.25893e-08,2.75569,0.9,2,10,500
1.58489e-08,3.0086,0.9,2,10,500
1.99526e-08,3.27884,0.9,2,10,500
2.51189e-08,3.56702,0.9,2,10,500
3.16228e-08,3.8735,0.9,2,10,500
3.98107e-08,4.19831,0.9,2,10,500
5.01187e-08,4.54111,0.9,2,10,500
6.30957e-08,4.90121,0.9,2,10,500
7.94328e-08,5.2775,0.9,2,10,500
1e-07,5.66847,0.9,2,10,500
1.25893e-07,6.07221,0.9,2,10,500
1.58489e-07,6.48644,0.9,2,10,500
1.99526e-07,6.9085,0.9,2,10,500
2.51189e-07,7.3354,0.9,2,10,500
3.16228e-07,7.76389,0.9,2,10,500
3.98107e-07,8.19051,0.9,2,10,500
5.01187e-07,8.61168,0.9,2,10,500
6.30957e-07,9.0238,0.9,2,10,500
7.94328e-07,9.42335,0.9,2,10,500
1e-06,9.80692,0.9,2,10,500
1.25893e-06,10.1713,0.9,2,10,500
1.58489e-06,10.5135,0.9,2,10,500
1.99526e-06,10.8309,0.9,2,10,500
2.51189e-06,11.1215,0.9,2,10,500
3.16228e-06,11.3839,0.9,2,10,500
3.98107e-06,11.6175,0.9,2,10,500
5.01187e-06,11.8226,0.9,2,10,500
6.30957e-06,12.0002,0.9,2,10,500
7.94328e-06,12.1521,0.9,2,10,500
1e-05,12.2806,0.9,2,10,500
1.25893e-05,12.3881,0.9,2,10,500
1.58489e-05,12.4773,0.9,2,10,500
1.99526e-05,12.5507,0.9,2,10,500
2.51189e-05,12.6108,0.9,2,10,500
3.16228e-05,12.6596,0.9,2,10,500
3.98107e-05,12.6992,0.9,2,10,500
5.01187e-05,12.7311,0.9,2,10,500
6.30957e-05,12.7567,0.9,2,10,500
7.94328e-05,12.7773,0.9,2,10,500
0.0001,12.7938,0.9,2,10,500
1e-09,0.984584,0.9,2,20,300
1.25893e-09,1.13129,0.9,2,20,300
1.58489e-09,1.29073,0.9,2,20,300
1.99526e-09,1.46276,0.9,2,20,300
2.51189e-09,1.64727,0.9,2,20,300
3.16228e-09,1.8443,0.9,2,20,300
3.98107e-09,2.05406,0.9,2,20,300
5.01187e-09,2.27699,0.9,2,20,300
6.30957e-09,2.51373,0.9,2,20,300
7.94328e-09,2.76506,0.9,2,20,300
1e-08,3.03188,0.9,2,20,300
1.25893e-08,3.31511,0.9,2,20,300
1.58489e-08,3.61556,0.9,2,20,300
1.99526e-08,3.93389,0.9,2,20,300
2.51189e-08,4.27051,0.9,2,20,300
3.16228e-08,4.6255,0.9,2,20,300
3.98107e-08,4.99857,0.9,2,20,300
5.01187e-08,5.389,0.9,2,20,300
6.30957e-08,5.79564,0.9,2,20,300
7.94328e-08,6.21687,0.9,2,20,300
1e-07,6.65056,0.9,2,20,300
1.25893e-07,7.09414,0.9,2,20,300
1.58489e-07,7.54454,0.9,2,20,300
1.99526e-07,7.99828,0.9,2,20,300
2.51189e-07,8.4515,0.9,2,20,300
3.16228e-07,8.9001,0.9,2,20,300
3.98107e-07,9.33987,0.9,2,20,300
5.01187e-07,9.7667,0.9,2,20,300
6.30957e-07,10.1768,0.9,2,20,300
7.94328e-07,10.5668,0.9,2,20,300
1e-06,10.9339,0.9,2,20,300
1.25893e-06,11.2761,0.9,2,20,300
1.58489e-06,11.5918,0.9,2,20,300
1.99526e-06,11.88,0.9,2,20,300
2.51189e-06,12.1404,0.9,2,20,300
3.16228e-06,12.373,0.9,2,20,300
3.98107e-06,12.5786,0.9,2,20,300
5.01187e-06,12.7581,0.9,2,20,300
6.30957e-06,12.9131,0.9,2,20,300
7.94328e-06,13.0455,0.9,2,20,300
1e-05,13.1575,0.9,2,20,300
1.25893e-05,13.2512,0.9,2,20,300
1.58489e-05,13.3291,0.9,2,20,300
1.99526e-05,13.3932,0.9,2,20,300
2.51189e-05,13.4458,0.9,2,20,300
3.16228e-05,13.4886,0.9,2,20,300
3.98107e-05,13.5232,0.9,2,20,300
5.01187e-05,13.5512,0.9,2,20,300
6.30957e-05,13.5738,0.9,2,20,300
7.94328e-05,13.5919,0.9,2,20,300
0.0001,13.6064,0.9,2,20,300
1e-09,0.984584,0.9,2,20,400
1.25893e-09,1.13129,0.9,2,20,400
1.58489e-09,1.29073,0.9,2,20,400
1.99526e-09,1.46276,0.9,2,20,400
2.51189e-09,1.64727,0.9,2,20,400
3.16228e-09,1.8443,0.9,2,20,400
3.98107e-09,2.05406,0.9,2,20,400
5.01187e-09,2.27699,0.9,2,20,400
6.30957e-09,2.51373,0.9,2,20,400
7.94328e-09,2.76506,0.9,2,20,400
1e-08,3.03188,0.9,2,20,400
1.25893e-08,3.31511,0.9,2,20,400
1.58489e-08,3.61556,0.9,2,20,400
1.99526e-08,3.93389,0.9,2,20,400
2.51189e-08,4.27051,0.9,2,20,400
3.16228e-08,4.6255,0.9,2,20,400
3.98107e-08,4.99857,0.9,2,20,400
5.01187e-08,5.389,0.9,2,20,400
6.30957e-08,5.79564,0.9,2,20,400
7.94328e-08,6.21687,0.9,2,20,400
1e-07,6.65056,0.9,2,20,400
1.25893e-07,7.09414,0.9,2,20,400
1.58489e-07,7.54454,0.9,2,20,400
1.99526e-07,7.99828,0.9,2,20,400
2.51189e-07,8.4515,0.9,2,20,400
3.16228e-07,8.9001,0.9,2,20,400
3.98107e-07,9.33987,0.9,2,20,400
5.01187e-07,9.7667,0.9,2,20,400
6.30957e-07,10.1768,0.9,2,20,400
7.94328e-07,10.5668,0.9,2,20,400
1e-06,10.9339,0.9,2,20,400
1.25893e-06,11.2761,0.9,2,20,400
1.58489e-06,11.5918,0.9,2,20,400
1.99526e-06,11.88,0.9,2,20,400
2.51189e-06,12.1404,0.9,2,20,400
3.16228e-06,12.373,0.9,2,20,400
3.98107e-06,12.5786,0.9,2,20,400
5.01187e-06,12.7581,0.9,2,20,400
6.30957e-06,12.9131,0.9,2,20,400
7.94328e-06,13.0455,0.9,2,20,400
1e-05,13.1575,0.9,2,20,400
1.25893e-05,13.2512,0.9,2,20,400
1.58489e-05,13.3291,0.9,2,20,400
1.99526e-05,13.3932,0.9,2,20,400
2.51189e-05,13.4458,0.9,2,20,400
3.16228e-05,13.4886,0.9,2,20,400
3.98107e-05,13.5232,0.9,2,20,400
5.01187e-05,13.5512,0.9,2,20,400
6.30957e-05,13.5738,0.9,2,20,400
7.94328e-05,13.5919,0.9,2,20,400
0.0001,13.6064,0.9,2,20,400
1e-09,0.984584,0.9,2,20,500
1.25893e-09,1.13129,0.9,2,20,500
1.58489e-09,1.29073,0.9,2,20,500
1.99526e-09,1.46276,0.9,2,20,500
2.51189e-09,1.64727,0.9,2,20,500
3.16228e-09,1.8443,0.9,2,20,500
3.98107e-09,2.05406,0.9,2,20,500
5.01187e-09,2.27699,0.9,2,20,500
6.30957e-09,2.51373,0.9,2,20,500
7.94328e-09,2.76506,0.9,2,20,500
1e-08,3.03188,0.9,2,20,500
1.25893e-08,3.31511,0.9,2,20,500
1.58489e-08,3.61556,0.9,2,20,500
1.99526e-08,3.93389,0.9,2,20,500
2.51189e-08,4.27051,0.9,2,20,500
3.16228e-08,4.6255,0.9,2,20,500
3.98107e-08,4.99857,0.9,2,20,500
5.01187e-08,5.389,0.9,2,20,500
6.30957e-08,5.79564,0.9,2,20,500
7.94328e-08,6.21687,0.9,2,20,500
1e-07,6.65056,0.9,2,20,500
1.25893e-07,7.09414,0.9,2,20,500
1.58489e-07,7.54454,0.9,2,20,500
1.99526e-07,7.99828,0.9,2,20,500
2.51189e-07,8.4515,0.9,2,20,500
3.16228e-07,8.9001,0.9,2,20,500
3.98107e-07,9.33987,0.9,2,20,500
5.01187e-07,9.7667,0.9,2,20,500
6.30957e-07,10.1768,0.9,2,20,500
7.94328e-07,10.5668,0.9,2,20,500
1e-06,10.9339,0.9,2,20,500
1.25893e-06,11.2761,0.9,2,20,500
1.58489e-06,11.5918,0.9,2,20,500
1.99526e-06,11.88,0.9,2,20,500
2.51189e-06,12.1404,0.9,2,20,500
3.16228e-06,12.373,0.9,2,20,500
3.98107e-06,12.5786,0.9,2,20,500
5.01187e-06,12.7581,0.9,2,20,500
6.30957e-06,12.9131,0.9,2,20,500
7.94328e-06,13.0455,0.9,2,20,500
1e-05,13.1575,0.9,2,20,500
1.25893e-05,13.2512,0.9,2,20,500
1.58489e-05,13.3291,0.9,2,20,500
1.99526e-05,13.3932,0.9,2,20,500
2.51189e-05,13.4458,0.9,2,20,500
3.16228e-05,13.4886,0.9,2,20,500
3.98107e-05,13.5232,0.9,2,20,500
5.01187e-05,13.5512,0.9,2,20,500
6.30957e-05,13.5738,0.9,2,20,500
7.94328e-05,13.5919,0.9,2,20,500
0.0001,13.6064,0.9,2,20,500
1e-09,0.663679,0.9,5,2,300
1.25893e-09,0.748344,0.9,5,2,300
1.58489e-09,0.839059,0.9,5,2,300
1.99526e-09,0.935935,0.9,5,2,300
2.51189e-09,1.03915,0.9,5,2,300
3.16228e-09,1.14895,0.9,5,2,300
3.98107e-09,1.26563,0.9,5,2,300
5.01187e-09,1.38954,0.9,5,2,300
6.30957e-09,1.52103,0.9,5,2,300
7.94328e-09,1.66048,0.9,5,2,300
1e-08,1.80819,0.9,5,2,300
1.25893e-08,1.96444,0.9,5,2,300
1.58489e-08,2.12937,0.9,5,2,300
1.99526e-08,2.30304,0.9,5,2,300
2.51189e-08,2.48533,0.9,5,2,300
3.16228e-08,2.67595,0.9,5,2,300
3.98107e-08,2.87442,0.9,5,2,300
5.01187e-08,3.08006,0.9,5,2,300
6.30957e-08,3.292,0.9,5,2,300
7.94328e-08,3.50914,0.9,5,2,300
1e-07,3.73019,0.9,5,2,300
1.25893e-07,3.95368,0.9,5,2,300
1.58489e-07,4.17803,0.9,5,2,300
1.99526e-07,4.40159,0.9,5,2,300
2.51189e-07,4.62272,0.9,5,2,300
3.16228e-07,4.83981,0.9,5,2,300
3.98107e-07,5.05138,0.9,5,2,300
5.01187e-07,5.25604,0.9,5,2,300
6.30957e-07,5.45248,0.9,5,2,300
7.94328e-07,5.63949,0.9,5,2,300
1e-06,5.8159,0.9,5,2,300
1.25893e-06,5.98065,0.9,5,2,300
1.58489e-06,6.1328,0.9,5,2,300
1.99526e-06,6.27161,0.9,5,2,300
2.51189e-06,6.39663,0.9,5,2,300
3.16228e-06,6.50774,0.9,5,2,300
3.98107e-06,6.60517,0.9,5,2,300
5.01187e-06,6.68951,0.9,5,2,300
6.30957e-06,6.76164,0.9,5,2,300
7.94328e-06,6.82263,0.9,5,2,300
1e-05,6.87369,0.9,5,2,300
1.25893e-05,6.91606,0.9,5,2,300
1.58489e-05,6.95094,0.9,5,2,300
1.99526e-05,6.97949,0.9,5,2,300
2.51189e-05,7.00271,0.9,5,2,300
3.16228e-05,7.02152,0.9,5,2,300
3.98107e-05,7.03669,0.9,5,2,300
5.01187e-05,7.0489,0.9,5,2,300
6.30957e-05,7.0587,0.9,5,2,300
7.94328e-05,7.06655,0.9,5,2,300
0.0001,7.07282,0.9,5,2,300
1e-09,0.663679,0.9,5,2,400
1.25893e-09,0.748344,0.9,5,2,400
1.58489e-09,0.839059,0.9,5,2,400
1.99526e-09,0.935935,0.9,5,2,400
2.51189e-09,1.03915,0.9,5,2,400
3.16228e-09,1.14895,0.9,5,2,400
3.98107e-09,1.26563,0.9,5,2,400
5.01187e-09,1.38954,0.9,5,2,400
6.30957e-09,1.52103,0.9,5,2,400
7.94328e-09,1.66048,0.9,5,2,400
1e-08,1.80819,0.9,5,2,400
1.25893e-08,1.96444,0.9,5,2,400
1.58489e-08,2.12937,0.9,5,2,400
1.99526e-08,2.30304,0.9,5,2,400
2.51189e-08,2.48533,0.9,5,2,400
3.16228e-08,2.67595,0.9,5,2,400
3.98107e-08,2.87442,0.9,5,2,400
5.01187e-08,3.08006,0.9,5,2,400
6.30957e-08,3.292,0.9,5,2,400
7.94328e-08,3.50914,0.9,5,2,400
1e-07,3.73019,0.9,5,2,400
1.25893e-07,3.95368,0.9,5,2,400
1.58489e-07,4.17803,0.9,5,2,400
1.99526e-07,4.40159,0.9,5,2,400
2.51189e-07,4.62272,0.9,5,2,400
3.16228e-07,4.83981,0.9,5,2,400
3.98107e-07,5.05138,0.9,5,2,400
5.01187e-07,5.25604,0.9,5,2,400
6.30957e-07,5.45248,0.9,5,2,400
7.94328e-07,5.63949,0.9,5,2,400
1e-06,5.8159,0.9,5,2,400
1.25893e-06,5.98065,0.9,5,2,400
1.58489e-06,6.1328,0.9,5,2,400
1.99526e-06,6.27161,0.9,5,2,400
2.51189e-06,6.39663,0.9,5,2,400
3.16228e-06,6.50774,0.9,5,2,400
3.98107e-06,6.60517,0.9,5,2,400
5.01187e-06,6.68951,0.9,5,2,400
6.30957e-06,6.76164,0.9,5,2,400
7.94328e-06,6.82263,0.9,5,2,400
1e-05,6.87369,0.9,5,2,400
1.25893e-05,6.91606,0.9,5,2,400
1.58489e-05,6.95094,0.9,5,2,400
1.99526e-05,6.97949,0.9,5,2,400
2.51189e-05,7.00271,0.9,5,2,400
3.16228e-05,7.02152,0.9,5,2,400
3.98107e-05,7.03669,0.9,5,2,400
5.01187e-05,7.0489,0.9,5,2,400
6.30957e-05,7.0587,0.9,5,2,400
7.94328e-05,7.06655,0.9,5,2,400
0.0001,7.07282,0.9,5,2,400
1e-09,0.663679,0.9,5,2,500
1.25893e-09,0.748344,0.9,5,2,500
1.58489e-09,0.839059,0.9,5,2,500
1.99526e-09,0.935935,0.9,5,2,500
2.51189e-09,1.03915,0.9,5,2,500
3.16228e-09,1.14895,0.9,5,2,500
3.98107e-09,1.26563,0.9,5,2,500
5.01187e-09,1.38954,0.9,5,2,500
6.30957e-09,1.52103,0.9,5,2,500
7.94328e-09,1.66048,0.9,5,2,500
1e-08,1.80819,0.9,5,2,500
1.25893e-08,1.96444,0.9,5,2,500
1.58489e-08,2.12937,0.9,5,2,500
1.99526e-08,2.30304,0.9,5,2,500
2.51189e-08,2.48533,0.9,5,2,500
3.16228e-08,2.67595,0.9,5,2,500
3.98107e-08,2.87442,0.9,5,2,500
5.01187e-08,3.08006,0.9,5,2,500
6.30957e-08,3.292,0.9,5,2,500
7.94328e-08,3.50914,0.9,5,2,500
1e-07,3.73019,0.9,5,2,500
1.25893e-07,3.95368,0.9,5,2,500
1.58489e-07,4.17803,0.9,5,2,500
1.99526e-07,4.40159,0.9,5,2,500
2.51189e-07,4.62272,0.9,5,2,500
3.16228e-07,4.83981,0.9,5,2,500
3.98107e-07,5.05138,0.9,5,2,500
5.01187e-07,5.25604,0.9,5,2,500
6.30957e-07,5.45248,0.9,5,2,500
7.94328e-07,5.63949,0.9,5,2,500
1e-06,5.8159,0.9,5,2,500
1.25893e-06,5.98065,0.9,5,2,500
1.58489e-06,6.1328,0.9,5,2,500
1.99526e-06,6.27161,0.9,5,2,500
2.51189e-06,6.39663,0.9,5,2,500
3.16228e-06,6.50774,0.9,5,2,500
3.98107e-06,6.60517,0.9,5,2,500
5.01187e-06,6.68951,0.9,5,2,500
6.30957e-06,6.76164,0.9,5,2,500
7.94328e-06,6.82263,0.9,5,2,500
1e-05,6.87369,0.9,5,2,500
1.25893e-05,6.91606,0.9,5,2,500
1.58489e-05,6.95094,0.9,5,2,500
1.99526e-05,6.97949,0.9,5,2,500
2.51189e-05,7.00271,0.9,5,2,500
3.16228e-05,7.02152,0.9,5,2,500
3.98107e-05,7.03669,0.9,5,2,500
5.01187e-05,7.0489,0.9,5,2,500
6.30957e-05,7.0587,0.9,5,2,500
7.94328e-05,7.06655,0.9,5,2,500
0.0001,7.07282,0.9,5,2,500
1e-09,0.664005,0.9,5,5,300
1.25893e-09,0.748872,0.9,5,5,300
1.58489e-09,0.839914,0.9,5,5,300
1.99526e-09,0.93729,0.9,5,5,300
2.51189e-09,1.04123,0.9,5,5,300
3.16228e-09,1.15206,0.9,5,5,300
3.98107e-09,1.27014,0.9,5,5,300
5.01187e-09,1.39592,0.9,5,5,300
6.30957e-09,1.52986,0.9,5,5,300
7.94328e-09,1.67243,0.9,5,5,300
1e-08,1.8241,0.9,5,5,300
1.25893e-08,1.98527,0.9,5,5,300
1.58489e-08,2.15625,0.9,5,5,300
1.99526e-08,2.33723,0.9,5,5,300
2.51189e-08,2.52827,0.9,5,5,300
3.16228e-08,2.72925,0.9,5,5,300
3.98107e-08,2.93987,0.9,5,5,300
5.01187e-08,3.15962,0.9,5,5,300
6.30957e-08,3.38777,0.9,5,5,300
7.94328e-08,3.62337,0.9,5,5,300
1e-07,3.86527,0.9,5,5,300
1.25893e-07,4.11208,0.9,5,5,300
1.58489e-07,4.36221,0.9,5,5,300
1.99526e-07,4.61393,0.9,5,5,300
2.51189e-07,4.86543,0.9,5,5,300
3.16228e-07,5.11485,0.9,5,5,300
3.98107e-07,5.36034,0.9,5,5,300
5.01187e-07,5.60013,0.9,5,5,300
6.30957e-07,5.83254,0.9,5,5,300
7.94328e-07,6.05593,0.9,5,5,300
1e-06,6.26877,0.9,5,5,300
1.25893e-06,6.46961,0.9,5,5,300
1.58489e-06,6.65709,0.9,5,5,300
1.99526e-06,6.83007,0.9,5,5,300
2.51189e-06,6.98766,0.9,5,5,300
3.16228e-06,7.12934,0.9,5,5,300
3.98107e-06,7.25499,0.9,5,5,300
5.01187e-06,7.36494,0.9,5,5,300
6.30957e-06,7.45991,0.9,5,5,300
7.94328e-06,7.54095,0.9,5,5,300
1e-05,7.60935,0.9,5,5,300
1.25893e-05,7.66651,0.9,5,5,300
1.58489e-05,7.71387,0.9,5,5,300
1.99526e-05,7.75281,0.9,5,5,300
2.51189e-05,7.78463,0.9,5,5,300
3.16228e-05,7.81049,0.9,5,5,300
3.98107e-05,7.83142,0.9,5,5,300
5.01187e-05,7.8483,0.9,5,5,300
6.30957e-05,7.86188,0.9,5,5,300
7.94328e-05,7.87276,0.9,5,5,300
0.0001,7.88147,0.9,5,5,300
1e-09,0.664005,0.9,5,5,400
1.25893e-09,0.748872,0.9,5,5,400
1.58489e-09,0.839914,0.9,5,5,400
1.99526e-09,0.93729,0.9,5,5,400
2.51189e-09,1.04123,0.9,5,5,400
3.16228e-09,1.15206,0.9,5,5,400
3.98107e-09,1.27014,0.9,5,5,400
5.01187e-09,1.39592,0.9,5,5,400
6.30957e-09,1.52986,0.9,5,5,400
7.94328e-09,1.67243,0.9,5,5,400
1e-08,1.8241,0.9,5,5,400
1.25893e-08,1.98527,0.9,5,5,400
1.58489e-08,2.15625,0.9,5,5,400
1.99526e-08,2.33723,0.9,5,5,400
2.51189e-08,2.52827,0.9,5,5,400
3.16228e-08,2.72925,0.9,5,5,400
3.98107e-08,2.93987,0.9,5,5,400
5.01187e-08,3.15962,0.9,5,5,400
6.30957e-08,3.38777,0.9,5,5,400
7.94328e-08,3.62337,0.9,5,5,400
1e-07,3.86527,0.9,5,5,400
1.25893e-07,4.11208,0.9,5,5,400
1.58489e-07,4.36221,0.9,5,5,400
1.99526e-07,4.61393,0.9,5,5,400
2.51189e-07,4.86543,0.9,5,5,400
3.16228e-07,5.11485,0.9,5,5,400
3.98107e-07,5.36034,0.9,5,5,400
5.01187e-07,5.60013,0.9,5,5,400
6.30957e-07,5.83254,0.9,5,5,400
7.94328e-07,6.05593,0.9,5,5,400
1e-06,6.26877,0.9,5,5,400
1.25893e-06,6.46961,0.9,5,5,400
1.58489e-06,6.65709,0.9,5,5,400
1.99526e-06,6.83007,0.9,5,5,400
2.51189e-06,6.98766,0.9,5,5,400
3.16228e-06,7.12934,0.9,5,5,400
3.98107e-06,7.25499,0.9,5,5,400
5.01187e-06,7.36494,0.9,5,5,400
6.30957e-06,7.45991,0.9,5,5,400
7.94328e-06,7.54095,0.9,5,5,400
1e-05,7.60935,0.9,5,5,400
1.25893e-05,7.66651,0.9,5,5,400
1.58489e-05,7.71387,0.9,5,5,400
1.99526e-05,7.75281,0.9,5,5,400
2.51189e-05,7.78463,0.9,5,5,400
3.16228e-05,7.81049,0.9,5,5,400
3.98107e-05,7.83142,0.9,5,5,400
5.01187e-05,7.8483,0.9,5,5,400
6.30957e-05,7.86188,0.9,5,5,400
7.94328e-05,7.87276,0.9,5,5,400
0.0001,7.88147,0.9,5,5,400
1e-09,0.664005,0.9,5,5,500
1.25893e-09,0.748872,0.9,5,5,500
1.58489e-09,0.839914,0.9,5,5,500
1.99526e-09,0.93729,0.9,5,5,500
2.51189e-09,1.04123,0.9,5,5,500
3.16228e-09,1.15206,0.9,5,5,500
3.98107e-09,1.27014,0.9,5,5,500
5.01187e-09,1.39592,0.9,5,5,500
6.30957e-09,1.52986,0.9,5,5,500
7.94328e-09,1.67243,0.9,5,5,500
1e-08,1.8241,0.9,5,5,500
1.25893e-08,1.98527,0.9,5,5,500
1.58489e-08,2.15625,0.9,5,5,500
1.99526e-08,2.33723,0.9,5,5,500
2.51189e-08,2.52827,0.9,5,5,500
3.16228e-08,2.72925,0.9,5,5,500
3.98107e-08,2.93987,0.9,5,5,500
5.01187e-08,3.15962,0.9,5,5,500
6.30957e-08,3.38777,0.9,5,5,500
7.94328e-08,3.62337,0.9,5,5,500
1e-07,3.86527,0.9,5,5,500
1.25893e-07,4.11208,0.9,5,5,500
1.58489e-07,4.36221,0.9,5,5,500
1.99526e-07,4.61393,0.9,5,5,500
2.51189e-07,4.86543,0.9,5,5,500
3.16228e-07,5.11485,0.9,5,5,500
3.98107e-07,5.36034,0.9,5,5,500
5.01187e-07,5.60013,0.9,5,5,500
6.30957e-07,5.83254,0.9,5,5,500
7.94328e-07,6.05593,0.9,5,5,500
1e-06,6.26877,0.9,5,5,500
1.25893e-06,6.46961,0.9,5,5,500
1.58489e-06,6.65709,0.9,5,5,500
1.99526e-06,6.83007,0.9,5,5,500
2.51189e-06,6.98766,0.9,5,5,500
3.16228e-06,7.12934,0.9,5,5,500
3.98107e-06,7.25499,0.9,5,5,500
5.01187e-06,7.36494,0.9,5,5,500
6.30957e-06,7.45991,0.9,5,5,500
7.94328e-06,7.54095,0.9,5,5,500
1e-05,7.60935,0.9,5,5,500
1.25893e-05,7.66651,0.9,5,5,500
1.58489e-05,7.71387,0.9,5,5,500
1.99526e-05,7.75281,0.9,5,5,500
2.51189e-05,7.78463,0.9,5,5,500
3.16228e-05,7.81049,0.9,5,5,500
3.98107e-05,7.83142,0.9,5,5,500
5.01187e-05,7.8483,0.9,5,5,500
6.30957e-05,7.86188,0.9,5,5,500
7.94328e-05,7.87276,0.9,5,5,500
0.0001,7.88147,0.9,5,5,500
1e-09,0.684853,0.9,5,10,300
1.25893e-09,0.772793,0.9,5,10,300
1.58489e-09,0.867046,0.9,5,10,300
1.99526e-09,0.967714,0.9,5,10,300
2.51189e-09,1.07497,0.9,5,10,300
3.16228e-09,1.18905,0.9,5,10,300
3.98107e-09,1.31026,0.9,5,10,300
5.01187e-09,1.43895,0.9,5,10,300
6.30957e-09,1.57548,0.9,5,10,300
7.94328e-09,1.72021,0.9,5,10,300
1e-08,1.87345,0.9,5,10,300
1.25893e-08,2.03544,0.9,5,10,300
1.58489e-08,2.20631,0.9,5,10,300
1.99526e-08,2.38603,0.9,5,10,300
2.51189e-08,2.57441,0.9,5,10,300
3.16228e-08,2.77106,0.9,5,10,300
3.98107e-08,2.97538,0.9,5,10,300
5.01187e-08,3.18652,0.9,5,10,300
6.30957e-08,3.4034,0.9,5,10,300
7.94328e-08,3.62473,0.9,5,10,300
1e-07,3.849,0.9,5,10,300
1.25893e-07,4.07454,0.9,5,10,300
1.58489e-07,4.29964,0.9,5,10,300
1.99526e-07,4.52257,0.9,5,10,300
2.51189e-07,4.74171,0.9,5,10,300
3.16228e-07,4.95559,0.9,5,10,300
3.98107e-07,5.16293,0.9,5,10,300
5.01187e-07,5.3626,0.9,5,10,300
6.30957e-07,5.55359,0.9,5,10,300
7.94328e-07,5.73497,0.9,5,10,300
1e-06,5.90585,0.9,5,10,300
1.25893e-06,6.06534,0.9,5,10,300
1.58489e-06,6.21268,0.9,5,10,300
1.99526e-06,6.3472,0.9,5,10,300
2.51189e-06,6.4685,0.9,5,10,300
3.16228e-06,6.57645,0.9,5,10,300
3.98107e-06,6.67125,0.9,5,10,300
5.01187e-06,6.75344,0.9,5,10,300
6.30957e-06,6.82381,0.9,5,10,300
7.94328e-06,6.8834,0.9,5,10,300
1e-05,6.93334,0.9,5,10,300
1.25893e-05,6.97482,0.9,5,10,300
1.58489e-05,7.009,0.9,5,10,300
1.99526e-05,7.03699,0.9,5,10,300
2.51189e-05,7.05977,0.9,5,10,300
3.16228e-05,7.07823,0.9,5,10,300
3.98107e-05,7.09314,0.9,5,10,300
5.01187e-05,7.10513,0.9,5,10,300
6.30957e-05,7.11476,0.9,5,10,300
7.94328e-05,7.12247,0.9,5,10,300
0.0001,7.12863,0.9,5,10,300
1e-09,0.684853,0.9,5,10,400
1.25893e-09,0.772793,0.9,5,10,400
1.58489e-09,0.867046,0.9,5,10,400
1.99526e-09,0.967714,0.9,5,10,400
2.51189e-09,1.07497,0.9,5,10,400
3.16228e-09,1.18905,0.9,5,10,400
3.98107e-09,1.31026,0.9,5,10,400
5.01187e-09,1.43895,0.9,5,10,400
6.30957e-09,1.57548,0.9,5,10,400
7.94328e-09,1.72021,0.9,5,10,400
1e-08,1.87345,0.9,5,10,400
1.25893e-08,2.03544,0.9,5,10,400
1.58489e-08,2.20631,0.9,5,10,400
1.99526e-08,2.38603,0.9,5,10,400
2.51189e-08,2.57441,0.9,5,10,400
3.16228e-08,2.77106,0.9,5,10,400
3.98107e-08,2.97538,0.9,5,10,400
5.01187e-08,3.18652,0.9,5,10,400
6.30957e-08,3.4034,0.9,5,10,400
7.94328e-08,3.62473,0.9,5,10,400
1e-07,3.849,0.9,5,10,400
1.25893e-07,4.07454,0.9,5,10,400
1.58489e-07,4.29964,0.9,5,10,400
1.99526e-07,4.52257,0.9,5,10,400
2.51189e-07,4.74171,0.9,5,10,400
3.16228e-07,4.95559,0.9,5,10,400
3.98107e-07,5.16293,0.9,5,10,400
5.01187e-07,5.3626,0.9,5,10,400
6.30957e-07,5.55359,0.9,5,10,400
7.94328e-07,5.73497,0.9,5,10,400
1e-06,5.90585,0.9,5,10,400
1.25893e-06,6.06534,0.9,5,10,400
1.58489e-06,6.21268,0.9,5,10,400
1.99526e-06,6.3472,0.9,5,10,400
2.51189e-06,6.4685,0.9,5,10,400
3.16228e-06,6.57645,0.9,5,10,400
3.98107e-06,6.67125,0.9,5,10,400
5.01187e-06,6.75344,0.9,5,10,400
6.30957e-06,6.82381,0.9,5,10,400
7.94328e-06,6.8834,0.9,5,10,400
1e-05,6.93334,0.9,5,10,400
1.25893e-05,6.97482,0.9,5,10,400
1.58489e-05,7.009,0.9,5,10,400
1.99526e-05,7.03699,0.9,5,10,400
2.51189e-05,7.05977,0.9,5,10,400
3.16228e-05,7.07823,0.9,5,10,400
3.98107e-05,7.09314,0.9,5,10,400
5.01187e-05,7.10513,0.9,5,10,400
6.30957e-05,7.11476,0.9,5,10,400
7.94328e-05,7.12247,0.9,5,10,400
0.0001,7.12863,0.9,5,10,400
1e-09,0.684853,0.9,5,10,500
1.25893e-09,0.772793,0.9,5,10,500
1.58489e-09,0.867046,0.9,5,10,500
1.99526e-09,0.967714,0.9,5,10,500
2.51189e-09,1.07497,0.9,5,10,500
3.16228e-09,1.18905,0.9,5,10,500
3.98107e-09,1.31026,0.9,5,10,500
5.01187e-09,1.43895,0.9,5,10,500
6.30957e-09,1.57548,0.9,5,10,500
7.94328e-09,1.72021,0.9,5,10,500
1e-08,1.87345,0.9,5,10,500
1.25893e-08,2.03544,0.9,5,10,500
1.58489e-08,2.20631,0.9,5,10,500
1.99526e-08,2.38603,0.9,5,10,500
2.51189e-08,2.57441,0.9,5,10,500
3.16228e-08,2.77106,0.9,5,10,500
3.98107e-08,2.97538,0.9,5,10,500
5.01187e-08,3.18652,0.9,5,10,500
6.30957e-08,3.4034,0.9,5,10,500
7.94328e-08,3.62473,0.9,5,10,500
1e-07,3.849,0.9,5,10,500
1.25893e-07,4.07454,0.9,5,10,500
1.58489e-07,4.29964,0.9,5,10,500
1.99526e-07,4.52257,0.9,5,10,500
2.51189e-07,4.74171,0.9,5,10,500
3.16228e-07,4.95559,0.9,5,10,500
3.98107e-07,5.16293,0.9,5,10,500
5.01187e-07,5.3626,0.9,5,10,500
6.30957e-07,5.55359,0.9,5,10,500
7.94328e-07,5.73497,0.9,5,10,500
1e-06,5.90585,0.9,5,10,500
1.25893e-06,6.06534,0.9,5,10,500
1.58489e-06,6.21268,0.9,5,10,500
1.99526e-06,6.3472,0.9,5,10,500
2.51189e-06,6.4685,0.9,5,10,500
3.16228e-06,6.57645,0.9,5,10,500
3.98107e-06,6.67125,0.9,5,10,500
5.01187e-06,6.75344,0.9,5,10,500
6.30957e-06,6.82381,0.9,5,10,500
7.94328e-06,6.8834,0.9,5,10,500
1e-05,6.93334,0.9,5,10,500
1.25893e-05,6.97482,0.9,5,10,500
1.58489e-05,7.009,0.9,5,10,500
1.99526e-05,7.03699,0.9,5,10,500
2.51189e-05,7.05977,0.9,5,10,500
3.16228e-05,7.07823,0.9,5,10,500
3.98107e-05,7.09314,0.9,5,10,500
5.01187e-05,7.10513,0.9,5,10,500
6.30957e-05,7.11476,0.9,5,10,500
7.94328e-05,7.12247,0.9,5,10,500
0.0001,7.12863,0.9,5,10,500
1e-09,0.769101,0.9,5,20,300
1.25893e-09,0.871679,0.9,5,20,300
1.58489e-09,0.981756,0.9,5,20,300
1.99526e-09,1.09931,0.9,5,20,300
2.51189e-09,1.22439,0.9,5,20,300
3.16228e-09,1.35713,0.9,5,20,300
3.98107e-09,1.49772,0.9,5,20,300
5.01187e-09,1.6464,0.9,5,20,300
6.30957e-09,1.80343,0.9,5,20,300
7.94328e-09,1.96901,0.9,5,20,300
1e-08,2.14326,0.9,5,20,300
1.25893e-08,2.32616,0.9,5,20,300
1.58489e-08,2.51749,0.9,5,20,300
1.99526e-08,2.71681,0.9,5,20,300
2.51189e-08,2.92345,0.9,5,20,300
3.16228e-08,3.13651,0.9,5,20,300
3.98107e-08,3.35487,0.9,5,20,300
5.01187e-08,3.57719,0.9,5,20,300
6.30957e-08,3.80196,0.9,5,20,300
7.94328e-08,4.02752,0.9,5,20,300
1e-07,4.25208,0.9,5,20,300
1.25893e-07,4.47378,0.9,5,20,300
1.58489e-07,4.69072,0.9,5,20,300
1.99526e-07,4.90104,0.9,5,20,300
2.51189e-07,5.10301,0.9,5,20,300
3.16228e-07,5.29503,0.9,5,20,300
3.98107e-07,5.47576,0.9,5,20,300
5.01187e-07,5.64408,0.9,5,20,300
6.30957e-07,5.79917,0.9,5,20,300
7.94328e-07,5.9405,0.9,5,20,300
1e-06,6.06783,0.9,5,20,300
1.25893e-06,6.18121,0.9,5,20,300
1.58489e-06,6.28098,0.9,5,20,300
1.99526e-06,6.36777,0.9,5,20,300
2.51189e-06,6.44241,0.9,5,20,300
3.16228e-06,6.50592,0.9,5,20,300
3.98107e-06,6.55941,0.9,5,20,300
5.01187e-06,6.60406,0.9,5,20,300
6.30957e-06,6.64104,0.9,5,20,300
7.94328e-06,6.67144,0.9,5,20,300
1e-05,6.69628,0.9,5,20,300
1.25893e-05,6.71648,0.9,5,20,300
1.58489e-05,6.73283,0.9,5,20,300
1.99526e-05,6.74602,0.9,5,20,300
2.51189e-05,6.75662,0.9,5,20,300
3.16228e-05,6.76513,0.9,5,20,300
3.98107e-05,6.77195,0.9,5,20,300
5.01187e-05,6.77739,0.9,5,20,300
6.30957e-05,6.78174,0.9,5,20,300
7.94328e-05,6.78521,0.9,5,20,300
0.0001,6.78797,0.9,5,20,300
1e-09,0.769101,0.9,5,20,400
1.25893e-09,0.871679,0.9,5,20,400
1.58489e-09,0.981756,0.9,5,20,400
1.99526e-09,1.09931,0.9,5,20,400
2.51189e-09,1.22439,0.9,5,20,400
3.16228e-09,1.35713,0.9,5,20,400
3.98107e-09,1.49772,0.9,5,20,400
5.01187e-09,1.6464,0.9,5,20,400
6.30957e-09,1.80343,0.9,5,20,400
7.94328e-09,1.96901,0.9,5,20,400
1e-08,2.14326,0.9,5,20,400
1.25893e-08,2.32616,0.9,5,20,400
1.58489e-08,2.51749,0.9,5,20,400
1.99526e-08,2.71681,0.9,5,20,400
2.51189e-08,2.92345,0.9,5,20,400
3.16228e-08,3.13651,0.9,5,20,400
3.98107e-08,3.35487,0.9,5,20,400
5.01187e-08,3.57719,0.9,5,20,400
6.30957e-08,3.80196,0.9,5,20,400
7.94328e-08,4.02752,0.9,5,20,400
1e-07,4.25208,0.9,5,20,400
1.25893e-07,4.47378,0.9,5,20,400
1.58489e-07,4.69072,0.9,5,20,400
1.99526e-07,4.90104,0.9,5,20,400
2.51189e-07,5.10301,0.9,5,20,400
3.16228e-07,5.29503,0.9,5,20,400
3.98107e-07,5.47576,0.9,5,20,400
5.01187e-07,5.64408,0.9,5,20,400
6.30957e-07,5.79917,0.9,5,20,400
7.94328e-07,5.9405,0.9,5,20,400
1e-06,6.06783,0.9,5,20,400
1.25893e-06,6.18121,0.9,5,20,400
1.58489e-06,6.28098,0.9,5,20,400
1.99526e-06,6.36777,0.9,5,20,400
2.51189e-06,6.44241,0.9,5,20,400
3.16228e-06,6.50592,0.9,5,20,400
3.98107e-06,6.55941,0.9,5,20,400
5.01187e-06,6.60406,0.9,5,20,400
6.30957e-06,6.64104,0.9,5,20,400
7.94328e-06,6.67144,0.9,5,20,400
1e-05,6.69628,0.9,5,20,400
1.25893e-05,6.71648,0.9,5,20,400
1.58489e-05,6.73283,0.9,5,20,400
1.99526e-05,6.74602,0.9,5,20,400
2.51189e-05,6.75662,0.9,5,20,400
3.16228e-05,6.76513,0.9,5,20,400
3.98107e-05,6.77195,0.9,5,20,400
5.01187e-05,6.77739,0.9,5,20,400
6.30957e-05,6.78174,0.9,5,20,400
7.94328e-05,6.78521,0.9,5,20,400
0.0001,6.78797,0.9,5,20,400
1e-09,0.769101,0.9,5,20,500
1.25893e-09,0.871679,0.9,5,20,500
1.58489e-09,0.981756,0.9,5,20,500
1.99526e-09,1.09931,0.9,5,20,500
2.51189e-09,1.22439,0.9,5,20,500
3.16228e-09,1.35713,0.9,5,20,500
3.98107e-09,1.49772,0.9,5,20,500
5.01187e-09,1.6464,0.9,5,20,500
6.30957e-09,1.80343,0.9,5,20,500
7.94328e-09,1.96901,0.9,5,20,500
1e-08,2.14326,0.9,5,20,500
1.25893e-08,2.32616,0.9,5,20,500
1.58489e-08,2.51749,0.9,5,20,500
1.99526e-08,2.71681,0.9,5,20,500
2.51189e-08,2.92345,0.9,5,20,500
3.16228e-08,3.13651,0.9,5,20,500
3.98107e-08,3.35487,0.9,5,20,500
5.01187e-08,3.57719,0.9,5,20,500
6.30957e-08,3.80196,0.9,5,20,500
7.94328e-08,4.02752,0.9,5,20,500
1e-07,4.25208,0.9,5,20,500
1.25893e-07,4.47378,0.9,5,20,500
1.58489e-07,4.69072,0.9,5,20,500
1.99526e-07,4.90104,0.9,5,20,500
2.51189e-07,5.10301,0.9,5,20,500
3.16228e-07,5.29503,0.9,5,20,500
3.98107e-07,5.47576,0.9,5,20,500
5.01187e-07,5.64408,0.9,5,20,500
6.30957e-07,5.79917,0.9,5,20,500
7.94328e-07,5.9405,0.9,5,20,500
1e-06,6.06783,0.9,5,20,500
1.25893e-06,6.18121,0.9,5,20,500
1.58489e-06,6.28098,0.9,5,20,500
1.99526e-06,6.36777,0.9,5,20,500
2.51189e-06,6.44241,0.9,5,20,500
3.16228e-06,6.50592,0.9,5,20,500
3.98107e-06,6.55941,0.9,5,20,500
5.01187e-06,6.60406,0.9,5,20,500
6.30957e-06,6.64104,0.9,5,20,500
7.94328e-06,6.67144,0.9,5,20,500
1e-05,6.69628,0.9,5,20,500
1.25893e-05,6.71648,0.9,5,20,500
1.58489e-05,6.73283,0.9,5,20,500
1.99526e-05,6.74602,0.9,5,20,500
2.51189e-05,6.75662,0.9,5,20,500
3.16228e-05,6.76513,0.9,5,20,500
3.98107e-05,6.77195,0.9,5,20,500
5.01187e-05,6.77739,0.9,5,20,500
6.30957e-05,6.78174,0.9,5,20,500
7.94328e-05,6.78521,0.9,5,20,500
0.0001,6.78797,0.9,5,20,500
1e-09,0.643426,0.9,10,2,300
1.25893e-09,0.725775,0.9,10,2,300
1.58489e-09,0.813671,0.9,10,2,300
1.99526e-09,0.907041,0.9,10,2,300
2.51189e-09,1.00583,0.9,10,2,300
3.16228e-09,1.11002,0.9,10,2,300
3.98107e-09,1.21956,0.9,10,2,300
5.01187e-09,1.33442,0.9,10,2,300
6.30957e-09,1.45451,0.9,10,2,300
7.94328e-09,1.57971,0.9,10,2,300
1e-08,1.70984,0.9,10,2,300
1.25893e-08,1.84463,0.9,10,2,300
1.58489e-08,1.98372,0.9,10,2,300
1.99526e-08,2.12666,0.9,10,2,300
2.51189e-08,2.27289,0.9,10,2,300
3.16228e-08,2.42171,0.9,10,2,300
3.98107e-08,2.57233,0.9,10,2,300
5.01187e-08,2.72382,0.9,10,2,300
6.30957e-08,2.87512,0.9,10,2,300
7.94328e-08,3.0251,0.9,10,2,300
1e-07,3.17254,0.9,10,2,300
1.25893e-07,3.31618,0.9,10,2,300
1.58489e-07,3.45477,0.9,10,2,300
1.99526e-07,3.5871,0.9,10,2,300
2.51189e-07,3.71207,0.9,10,2,300
3.16228e-07,3.8287,0.9,10,2,300
3.98107e-07,3.9362,0.9,10,2,300
5.01187e-07,4.03402,0.9,10,2,300
6.30957e-07,4.12185,0.9,10,2,300
7.94328e-07,4.19969,0.9,10,2,300
1e-06,4.26776,0.9,10,2,300
1.25893e-06,4.32655,0.9,10,2,300
1.58489e-06,4.37673,0.9,10,2,300
1.99526e-06,4.4191,0.9,10,2,300
2.51189e-06,4.45453,0.9,10,2,300
3.16228e-06,4.4839,0.9,10,2,300
3.98107e-06,4.50807,0.9,10,2,300
5.01187e-06,4.52784,0.9,10,2,300
6.30957e-06,4.54392,0.9,10,2,300
7.94328e-06,4.55694,0.9,10,2,300
1e-05,4.56744,0.9,10,2,300
1.25893e-05,4.57589,0.9,10,2,300
1.58489e-05,4.58267,0.9,10,2,300
1.99526e-05,4.58809,0.9,10,2,300
2.51189e-05,4.59243,0.9,10,2,300
3.16228e-05,4.5959,0.9,10,2,300
3.98107e-05,4.59866,0.9,10,2,300
5.01187e-05,4.60086,0.9,10,2,300
6.30957e-05,4.60262,0.9,10,2,300
7.94328e-05,4.60401,0.9,10,2,300
0.0001,4.60513,0.9,10,2,300
1e-09,0.643426,0.9,10,2,400
1.25893e-09,0.725775,0.9,10,2,400
1.58489e-09,0.813671,0.9,10,2,400
1.99526e-09,0.907041,0.9,10,2,400
2.51189e-09,1.00583,0.9,10,2,400
3.16228e-09,1.11002,0.9,10,2,400
3.98107e-09,1.21956,0.9,10,2,400
5.01187e-09,1.33442,0.9,10,2,400
6.30957e-09,1.45451,0.9,10,2,400
7.94328e-09,1.57971,0.9,10,2,400
1e-08,1.70984,0.9,10,2,400
1.25893e-08,1.84463,0.9,10,2,400
1.58489e-08,1.98372,0.9,10,2,400
1.99526e-08,2.12666,0.9,10,2,400
2.51189e-08,2.27289,0.9,10,2,400
3.16228e-08,2.42171,0.9,10,2,400
3.98107e-08,2.57233,0.9,10,2,400
5.01187e-08,2.72382,0.9,10,2,400
6.30957e-08,2.87512,0.9,10,2,400
7.94328e-08,3.0251,0.9,10,2,400
1e-07,3.17254,0.9,10,2,400
1.25893e-07,3.31618,0.9,10,2,400
1.58489e-07,3.45477,0.9,10,2,400
1.99526e-07,3.5871,0.9,10,2,400
2.51189e-07,3.71207,0.9,10,2,400
3.16228e-07,3.8287,0.9,10,2,400
3.98107e-07,3.9362,0.9,10,2,400
5.01187e-07,4.03402,0.9,10,2,400
6.30957e-07,4.12185,0.9,10,2,400
7.94328e-07,4.19969,0.9,10,2,400
1e-06,4.26776,0.9,10,2,400
1.25893e-06,4.32655,0.9,10,2,400
1.58489e-06,4.37673,0.9,10,2,400
1.99526e-06,4.4191,0.9,10,2,400
2.51189e-06,4.45453,0.9,10,2,400
3.16228e-06,4.4839,0.9,10,2,400
3.98107e-06,4.50807,0.9,10,2,400
5.01187e-06,4.52784,0.9,10,2,400
6.30957e-06,4.54392,0.9,10,2,400
7.94328e-06,4.55694,0.9,10,2,400
1e-05,4.56744,0.9,10,2,400
1.25893e-05,4.57589,0.9,10,2,400
1.58489e-05,4.58267,0.9,10,2,400
1.99526e-05,4.58809,0.9,10,2,400
2.51189e-05,4.59243,0.9,10,2,400
3.16228e-05,4.5959,0.9,10,2,400
3.98107e-05,4.59866,0.9,10,2,400
5.01187e-05,4.60086,0.9,10,2,400
6.30957e-05,4.60262,0.9,10,2,400
7.94328e-05,4.60401,0.9,10,2,400
0.0001,4.60513,0.9,10,2,400
1e-09,0.643426,0.9,10,2,500
1.25893e-09,0.725775,0.9,10,2,500
1.58489e-09,0.813671,0.9,10,2,500
1.99526e-09,0.907041,0.9,10,2,500
2.51189e-09,1.00583,0.9,10,2,500
3.16228e-09,1.11002,0.9,10,2,500
3.98107e-09,1.21956,0.9,10,2,500
5.01187e-09,1.33442,0.9,10,2,500
6.30957e-09,1.45451,0.9,10,2,500
7.94328e-09,1.57971,0.9,10,2,500
1e-08,1.70984,0.9,10,2,500
1.25893e-08,1.84463,0.9,10,2,500
1.58489e-08,1.98372,0.9,10,2,500
1.99526e-08,2.12666,0.9,10,2,500
2.51189e-08,2.27289,0.9,10,2,500
3.16228e-08,2.42171,0.9,10,2,500
3.98107e-08,2.57233,0.9,10,2,500
5.01187e-08,2.72382,0.9,10,2,500
6.30957e-08,2.87512,0.9,10,2,500
7.94328e-08,3.0251,0.9,10,2,500
1e-07,3.17254,0.9,10,2,500
1.25893e-07,3.31618,0.9,10,2,500
1.58489e-07,3.45477,0.9,10,2,500
1.99526e-07,3.5871,0.9,10,2,500
2.51189e-07,3.71207,0.9,10,2,500
3.16228e-07,3.8287,0.9,10,2,500
3.98107e-07,3.9362,0.9,10,2,500
5.01187e-07,4.03402,0.9,10,2,500
6.30957e-07,4.12185,0.9,10,2,500
7.94328e-07,4.19969,0.9,10,2,500
1e-06,4.26776,0.9,10,2,500
1.25893e-06,4.32655,0.9,10,2,500
1.58489e-06,4.37673,0.9,10,2,500
1.99526e-06,4.4191,0.9,10,2,500
2.51189e-06,4.45453,0.9,10,2,500
3.16228e-06,4.4839,0.9,10,2,500
3.98107e-06,4.50807,0.9,10,2,500
5.01187e-06,4.52784,0.9,10,2,500
6.30957e-06,4.54392,0.9,10,2,500
7.94328e-06,4.55694,0.9,10,2,500
1e-05,4.56744,0.9,10,2,500
1.25893e-05,4.57589,0.9,10,2,500
1.58489e-05,4.58267,0.9,10,2,500
1.99526e-05,4.58809,0.9,10,2,500
2.51189e-05,4.59243,0.9,10,2,500
3.16228e-05,4.5959,0.9,10,2,500
3.98107e-05,4.59866,0.9,10,2,500
5.01187e-05,4.60086,0.9,10,2,500
6.30957e-05,4.60262,0.9,10,2,500
7.94328e-05,4.60401,0.9,10,2,500
0.0001,4.60513,0.9,10,2,500
1e-09,0.641093,0.9,10,5,300
1.25893e-09,0.723245,0.9,10,5,300
1.58489e-09,0.811047,0.9,10,5,300
1.99526e-09,0.904475,0.9,10,5,300
2.51189e-09,1.00353,0.9,10,5,300
3.16228e-09,1.10825,0.9,10,5,300
3.98107e-09,1.21866,0.9,10,5,300
5.01187e-09,1.33478,0.9,10,5,300
6.30957e-09,1.4566,0.9,10,5,300
7.94328e-09,1.58408,0.9,10,5,300
1e-08,1.71708,0.9,10,5,300
1.25893e-08,1.8554,0.9,10,5,300
1.58489e-08,1.99872,0.9,10,5,300
1.99526e-08,2.14663,0.9,10,5,300
2.51189e-08,2.29859,0.9,10,5,300
3.16228e-08,2.45392,0.9,10,5,300
3.98107e-08,2.61181,0.9,10,5,300
5.01187e-08,2.77134,0.9,10,5,300
6.30957e-08,2.93144,0.9,10,5,300
7.94328e-08,3.09095,0.9,10,5,300
1e-07,3.24861,0.9,10,5,300
1.25893e-07,3.40313,0.9,10,5,300
1.58489e-07,3.5532,0.9,10,5,300
1.99526e-07,3.69756,0.9,10,5,300
2.51189e-07,3.835,0.9,10,5,300
3.16228e-07,3.96446,0.9,10,5,300
3.98107e-07,4.08498,0.9,10,5,300
5.01187e-07,4.19584,0.9,10,5,300
6.30957e-07,4.2965,0.9,10,5,300
7.94328e-07,4.38673,0.9,10,5,300
1e-06,4.46654,0.9,10,5,300
1.25893e-06,4.53621,0.9,10,5,300
1.58489e-06,4.59629,0.9,10,5,300
1.99526e-06,4.64748,0.9,10,5,300
2.51189e-06,4.69064,0.9,10,5,300
3.16228e-06,4.72668,0.9,10,5,300
3.98107e-06,4.75652,0.9,10,5,300
5.01187e-06,4.78105,0.9,10,5,300
6.30957e-06,4.80108,0.9,10,5,300
7.94328e-06,4.81737,0.9,10,5,300
1e-05,4.83054,0.9,10,5,300
1.25893e-05,4.84117,0.9,10,5,300
1.58489e-05,4.84971,0.9,10,5,300
1.99526e-05,4.85656,0.9,10,5,300
2.51189e-05,4.86204,0.9,10,5,300
3.16228e-05,4.86643,0.9,10,5,300
3.98107e-05,4.86992,0.9,10,5,300
5.01187e-05,4.87271,0.9,10,5,300
6.30957e-05,4.87494,0.9,10,5,300
7.94328e-05,4.87671,0.9,10,5,300
0.0001,4.87812,0.9,10,5,300
1e-09,0.641093,0.9,10,5,400
1.25893e-09,0.723245,0.9,10,5,400
1.58489e-09,0.811047,0.9,10,5,400
1.99526e-09,0.904475,0.9,10,5,400
2.51189e-09,1.00353,0.9,10,5,400
3.16228e-09,1.10825,0.9,10,5,400
3.98107e-09,1.21866,0.9,10,5,400
5.01187e-09,1.33478,0.9,10,5,400
6.30957e-09,1.4566,0.9,10,5,400
7.94328e-09,1.58408,0.9,10,5,400
1e-08,1.71708,0.9,10,5,400
1.25893e-08,1.8554,0.9,10,5,400
1.58489e-08,1.99872,0.9,10,5,400
1.99526e-08,2.14663,0.9,10,5,400
2.51189e-08,2.29859,0.9,10,5,400
3.16228e-08,2.45392,0.9,10,5,400
3.98107e-08,2.61181,0.9,10,5,400
5.01187e-08,2.77134,0.9,10,5,400
6.30957e-08,2.93144,0.9,10,5,400
7.94328e-08,3.09095,0.9,10,5,400
1e-07,3.24861,0.9,10,5,400
1.25893e-07,3.40313,0.9,10,5,400
1.58489e-07,3.5532,0.9,10,5,400
1.99526e-07,3.69756,0.9,10,5,400
2.51189e-07,3.835,0.9,10,5,400
3.16228e-07,3.96446,0.9,10,5,400
3.98107e-07,4.08498,0.9,10,5,400
5.01187e-07,4.19584,0.9,10,5,400
6.30957e-07,4.2965,0.9,10,5,400
7.94328e-07,4.38673,0.9,10,5,400
1e-06,4.46654,0.9,10,5,400
1.25893e-06,4.53621,0.9,10,5,400
1.58489e-06,4.59629,0.9,10,5,400
1.99526e-06,4.64748,0.9,10,5,400
2.51189e-06,4.69064,0.9,10,5,400
3.16228e-06,4.72668,0.9,10,5,400
3.98107e-06,4.75652,0.9,10,5,400
5.01187e-06,4.78105,0.9,10,5,400
6.30957e-06,4.80108,0.9,10,5,400
7.94328e-06,4.81737,0.9,10,5,400
1e-05,4.83054,0.9,10,5,400
1.25893e-05,4.84117,0.9,10,5,400
1.58489e-05,4.84971,0.9,10,5,400
1.99526e-05,4.85656,0.9,10,5,400
2.51189e-05,4.86204,0.9,10,5,400
3.16228e-05,4.86643,0.9,10,5,400
3.98107e-05,4.86992,0.9,10,5,400
5.01187e-05,4.87271,0.9,10,5,400
6.30957e-05,4.87494,0.9,10,5,400
7.94328e-05,4.87671,0.9,10,5,400
0.0001,4.87812,0.9,10,5,400
1e-09,0.641093,0.9,10,5,500
1.25893e-09,0.723245,0.9,10,5,500
1.58489e-09,0.811047,0.9,10,5,500
1.99526e-09,0.904475,0.9,10,5,500
2.51189e-09,1.00353,0.9,10,5,500
3.16228e-09,1.10825,0.9,10,5,500
3.98107e-09,1.21866,0.9,10,5,500
5.01187e-09,1.33478,0.9,10,5,500
6.30957e-09,1.4566,0.9,10,5,500
7.94328e-09,1.58408,0.9,10,5,500
1e-08,1.71708,0.9,10,5,500
1.25893e-08,1.8554,0.9,10,5,500
1.58489e-08,1.99872,0.9,10,5,500
1.99526e-08,2.14663,0.9,10,5,500
2.51189e-08,2.29859,0.9,10,5,500
3.16228e-08,2.45392,0.9,10,5,500
3.98107e-08,2.61181,0.9,10,5,500
5.01187e-08,2.77134,0.9,10,5,500
6.30957e-08,2.93144,0.9,10,5,500
7.94328e-08,3.09095,0.9,10,5,500
1e-07,3.24861,0.9,10,5,500
1.25893e-07,3.40313,0.9,10,5,500
1.58489e-07,3.5532,0.9,10,5,500
1.99526e-07,3.69756,0.9,10,5,500
2.51189e-07,3.835,0.9,10,5,500
3.16228e-07,3.96446,0.9,10,5,500
3.98107e-07,4.08498,0.9,10,5,500
5.01187e-07,4.19584,0.9,10,5,500
6.30957e-07,4.2965,0.9,10,5,500
7.94328e-07,4.38673,0.9,10,5,500
1e-06,4.46654,0.9,10,5,500
1.25893e-06,4.53621,0.9,10,5,500
1.58489e-06,4.59629,0.9,10,5,500
1.99526e-06,4.64748,0.9,10,5,500
2.51189e-06,4.69064,0.9,10,5,500
3.16228e-06,4.72668,0.9,10,5,500
3.98107e-06,4.75652,0.9,10,5,500
5.01187e-06,4.78105,0.9,10,5,500
6.30957e-06,4.80108,0.9,10,5,500
7.94328e-06,4.81737,0.9,10,5,500
1e-05,4.83054,0.9,10,5,500
1.25893e-05,4.84117,0.9,10,5,500
1.58489e-05,4.84971,0.9,10,5,500
1.99526e-05,4.85656,0.9,10,5,500
2.51189e-05,4.86204,0.9,10,5,500
3.16228e-05,4.86643,0.9,10,5,500
3.98107e-05,4.86992,0.9,10,5,500
5.01187e-05,4.87271,0.9,10,5,500
6.30957e-05,4.87494,0.9,10,5,500
7.94328e-05,4.87671,0.9,10,5,500
0.0001,4.87812,0.9,10,5,500
1e-09,0.641097,0.9,10,10,300
1.25893e-09,0.722697,0.9,10,10,300
1.58489e-09,0.809893,0.9,10,10,300
1.99526e-09,0.902679,0.9,10,10,300
2.51189e-09,1.00108,0.9,10,10,300
3.16228e-09,1.10515,0.9,10,10,300
3.98107e-09,1.21493,0.9,10,10,300
5.01187e-09,1.33048,0.9,10,10,300
6.30957e-09,1.45181,0.9,10,10,300
7.94328e-09,1.57891,0.9,10,10,300
1e-08,1.71167,0.9,10,10,300
1.25893e-08,1.84995,0.9,10,10,300
1.58489e-08,1.99352,0.9,10,10,300
1.99526e-08,2.14204,0.9,10,10,300
2.51189e-08,2.29513,0.9,10,10,300
3.16228e-08,2.45228,0.9,10,10,300
3.98107e-08,2.6129,0.9,10,10,300
5.01187e-08,2.77632,0.9,10,10,300
6.30957e-08,2.94177,0.9,10,10,300
7.94328e-08,3.10841,0.9,10,10,300
1e-07,3.27537,0.9,10,10,300
1.25893e-07,3.44179,0.9,10,10,300
1.58489e-07,3.60685,0.9,10,10,300
1.99526e-07,3.76988,0.9,10,10,300
2.51189e-07,3.93029,0.9,10,10,300
3.16228e-07,4.08766,0.9,10,10,300
3.98107e-07,4.24165,0.9,10,10,300
5.01187e-07,4.39195,0.9,10,10,300
6.30957e-07,4.53823,0.9,10,10,300
7.94328e-07,4.68007,0.9,10,10,300
1e-06,4.81692,0.9,10,10,300
1.25893e-06,4.9481,0.9,10,10,300
1.58489e-06,5.07281,0.9,10,10,300
1.99526e-06,5.19018,0.9,10,10,300
2.51189e-06,5.29939,0.9,10,10,300
3.16228e-06,5.3997,0.9,10,10,300
3.98107e-06,5.49058,0.9,10,10,300
5.01187e-06,5.57177,0.9,10,10,300
6.30957e-06,5.64327,0.9,10,10,300
7.94328e-06,5.70539,0.9,10,10,300
1e-05,5.75868,0.9,10,10,300
1.25893e-05,5.80386,0.9,10,10,300
1.58489e-05,5.84175,0.9,10,10,300
1.99526e-05,5.87325,0.9,10,10,300
2.51189e-05,5.89923,0.9,10,10,300
3.16228e-05,5.9205,0.9,10,10,300
3.98107e-05,5.93782,0.9,10,10,300
5.01187e-05,5.95187,0.9,10,10,300
6.30957e-05,5.9632,0.9,10,10,300
7.94328e-05,5.97233,0.9,10,10,300
0.0001,5.97965,0.9,10,10,300
1e-09,0.641097,0.9,10,10,400
1.25893e-09,0.722697,0.9,10,10,400
1.58489e-09,0.809893,0.9,10,10,400
1.99526e-09,0.902679,0.9,10,10,400
2.51189e-09,1.00108,0.9,10,10,400
3.16228e-09,1.10515,0.9,10,10,400
3.98107e-09,1.21493,0.9,10,10,400
5.01187e-09,1.33048,0.9,10,10,400
6.30957e-09,1.45181,0.9,10,10,400
7.94328e-09,1.57891,0.9,10,10,400
1e-08,1.71167,0.9,10,10,400
1.25893e-08,1.84995,0.9,10,10,400
1.58489e-08,1.99352,0.9,10,10,400
1.99526e-08,2.14204,0.9,10,10,400
2.51189e-08,2.29513,0.9,10,10,400
3.16228e-08,2.45228,0.9,10,10,400
3.98107e-08,2.6129,0.9,10,10,400
5.01187e-08,2.77632,0.9,10,10,400
6.30957e-08,2.94177,0.9,10,10,400
7.94328e-08,3.10841,0.9,10,10,400
1e-07,3.27537,0.9,10,10,400
1.25893e-07,3.44179,0.9,10,10,400
1.58489e-07,3.60685,0.9,10,10,400
1.99526e-07,3.76988,0.9,10,10,400
2.51189e-07,3.93029,0.9,10,10,400
3.16228e-07,4.08766,0.9,10,10,400
3.98107e-07,4.24165,0.9,10,10,400
5.01187e-07,4.39195,0.9,10,10,400
6.30957e-07,4.53823,0.9,10,10,400
7.94328e-07,4.68007,0.9,10,10,400
1e-06,4.81692,0.9,10,10,400
1.25893e-06,4.9481,0.9,10,10,400
1.58489e-06,5.07281,0.9,10,10,400
1.99526e-06,5.19018,0.9,10,10,400
2.51189e-06,5.29939,0.9,10,10,400
3.16228e-06,5.3997,0.9,10,10,400
3.98107e-06,5.49058,0.9,10,10,400
5.01187e-06,5.57177,0.9,10,10,400
6.30957e-06,5.64327,0.9,10,10,400
7.94328e-06,5.70539,0.9,10,10,400
1e-05,5.75868,0.9,10,10,400
1.25893e-05,5.80386,0.9,10,10,400
1.58489e-05,5.84175,0.9,10,10,400
1.99526e-05,5.87325,0.9,10,10,400
2.51189e-05,5.89923,0.9,10,10,400
3.16228e-05,5.9205,0.9,10,10,400
3.98107e-05,5.93782,0.9,10,10,400
5.01187e-05,5.95187,0.9,10,10,400
6.30957e-05,5.9632,0.9,10,10,400
7.94328e-05,5.97233,0.9,10,10,400
0.0001,5.97965,0.9,10,10,400
1e-09,0.641097,0.9,10,10,500
1.25893e-09,0.722697,0.9,10,10,500
1.58489e-09,0.809893,0.9,10,10,500
1.99526e-09,0.902679,0.9,10,10,500
2.51189e-09,1.00108,0.9,10,10,500
3.16228e-09,1.10515,0.9,10,10,500
3.98107e-09,1.21493,0.9,10,10,500
5.01187e-09,1.33048,0.9,10,10,500
6.30957e-09,1.45181,0.9,10,10,500
7.94328e-09,1.57891,0.9,10,10,500
1e-08,1.71167,0.9,10,10,500
1.25893e-08,1.84995,0.9,10,10,500
1.58489e-08,1.99352,0.9,10,10,500
1.99526e-08,2.14204,0.9,10,10,500
2.51189e-08,2.29513,0.9,10,10,500
3.16228e-08,2.45228,0.9,10,10,500
3.98107e-08,2.6129,0.9,10,10,500
5.01187e-08,2.77632,0.9,10,10,500
6.30957e-08,2.94177,0.9,10,10,500
7.94328e-08,3.10841,0.9,10,10,500
1e-07,3.27537,0.9,10,10,500
1.25893e-07,3.44179,0.9,10,10,500
1.58489e-07,3.60685,0.9,10,10,500
1.99526e-07,3.76988,0.9,10,10,500
2.51189e-07,3.93029,0.9,10,10,500
3.16228e-07,4.08766,0.9,10,10,500
3.98107e-07,4.24165,0.9,10,10,500
5.01187e-07,4.39195,0.9,10,10,500
6.30957e-07,4.53823,0.9,10,10,500
7.94328e-07,4.68007,0.9,10,10,500
1e-06,4.81692,0.9,10,10,500
1.25893e-06,4.9481,0.9,10,10,500
1.58489e-06,5.07281,0.9,10,10,500
1.99526e-06,5.19018,0.9,10,10,500
2.51189e-06,5.29939,0.9,10,10,500
3.16228e-06,5.3997,0.9,10,10,500
3.98107e-06,5.49058,0.9,10,10,500
5.01187e-06,5.57177,0.9,10,10,500
6.30957e-06,5.64327,0.9,10,10,500
7.94328e-06,5.70539,0.9,10,10,500
1e-05,5.75868,0.9,10,10,500
1.25893e-05,5.80386,0.9,10,10,500
1.58489e-05,5.84175,0.9,10,10,500
1.99526e-05,5.87325,0.9,10,10,500
2.51189e-05,5.89923,0.9,10,10,500
3.16228e-05,5.9205,0.9,10,10,500
3.98107e-05,5.93782,0.9,10,10,500
5.01187e-05,5.95187,0.9,10,10,500
6.30957e-05,5.9632,0.9,10,10,500
7.94328e-05,5.97233,0.9,10,10,500
0.0001,5.97965,0.9,10,10,500
1e-09,0.683767,0.9,10,20,300
1.25893e-09,0.771742,0.9,10,20,300
1.58489e-09,0.865714,0.9,10,20,300
1.99526e-09,0.965615,0.9,10,20,300
2.51189e-09,1.07141,0.9,10,20,300
3.16228e-09,1.18307,0.9,10,20,300
3.98107e-09,1.30057,0.9,10,20,300
5.01187e-09,1.42387,0.9,10,20,300
6.30957e-09,1.55287,0.9,10,20,300
7.94328e-09,1.68736,0.9,10,20,300
1e-08,1.82703,0.9,10,20,300
1.25893e-08,1.97142,0.9,10,20,300
1.58489e-08,2.11994,0.9,10,20,300
1.99526e-08,2.27181,0.9,10,20,300
2.51189e-08,2.42615,0.9,10,20,300
3.16228e-08,2.58195,0.9,10,20,300
3.98107e-08,2.73812,0.9,10,20,300
5.01187e-08,2.89355,0.9,10,20,300
6.30957e-08,3.04715,0.9,10,20,300
7.94328e-08,3.19784,0.9,10,20,300
1e-07,3.34466,0.9,10,20,300
1.25893e-07,3.4867,0.9,10,20,300
1.58489e-07,3.62314,0.9,10,20,300
1.99526e-07,3.75326,0.9,10,20,300
2.51189e-07,3.87639,0.9,10,20,300
3.16228e-07,3.99193,0.9,10,20,300
3.98107e-07,4.09937,0.9,10,20,300
5.01187e-07,4.19824,0.9,10,20,300
6.30957e-07,4.28823,0.9,10,20,300
7.94328e-07,4.36916,0.9,10,20,300
1e-06,4.44104,0.9,10,20,300
1.25893e-06,4.50409,0.9,10,20,300
1.58489e-06,4.5587,0.9,10,20,300
1.99526e-06,4.60544,0.9,10,20,300
2.51189e-06,4.64502,0.9,10,20,300
3.16228e-06,4.67819,0.9,10,20,300
3.98107e-06,4.70575,0.9,10,20,300
5.01187e-06,4.72847,0.9,10,20,300
6.30957e-06,4.74708,0.9,10,20,300
7.94328e-06,4.76223,0.9,10,20,300
1e-05,4.77451,0.9,10,20,300
1.25893e-05,4.78443,0.9,10,20,300
1.58489e-05,4.79241,0.9,10,20,300
1.99526e-05,4.79881,0.9,10,20,300
2.51189e-05,4.80395,0.9,10,20,300
3.16228e-05,4.80805,0.9,10,20,300
3.98107e-05,4.81133,0.9,10,20,300
5.01187e-05,4.81395,0.9,10,20,300
6.30957e-05,4.81603,0.9,10,20,300
7.94328e-05,4.81769,0.9,10,20,300
0.0001,4.81901,0.9,10,20,300
1e-09,0.683767,0.9,10,20,400
1.25893e-09,0.771742,0.9,10,20,400
1.58489e-09,0.865714,0.9,10,20,400
1.99526e-09,0.965615,0.9,10,20,400
2.51189e-09,1.07141,0.9,10,20,400
3.16228e-09,1.18307,0.9,10,20,400
3.98107e-09,1.30057,0.9,10,20,400
5.01187e-09,1.42387,0.9,10,20,400
6.30957e-09,1.55287,0.9,10,20,400
7.94328e-09,1.68736,0.9,10,20,400
1e-08,1.82703,0.9,10,20,400
1.25893e-08,1.97142,0.9,10,20,400
1.58489e-08,2.11994,0.9,10,20,400
1.99526e-08,2.27181,0.9,10,20,400
2.51189e-08,2.42615,0.9,10,20,400
3.16228e-08,2.58195,0.9,10,20,400
3.98107e-08,2.73812,0.9,10,20,400
5.01187e-08,2.89355,0.9,10,20,400
6.30957e-08,3.04715,0.9,10,20,400
7.94328e-08,3.19784,0.9,10,20,400
1e-07,3.34466,0.9,10,20,400
1.25893e-07,3.4867,0.9,10,20,400
1.58489e-07,3.62314,0.9,10,20,400
1.99526e-07,3.75326,0.9,10,20,400
2.51189e-07,3.87639,0.9,10,20,400
3.16228e-07,3.99193,0.9,10,20,400
3.98107e-07,4.09937,0.9,10,20,400
5.01187e-07,4.19824,0.9,10,20,400
6.30957e-07,4.28823,0.9,10,20,400
7.94328e-07,4.36916,0.9,10,20,400
1e-06,4.44104,0.9,10,20,400
1.25893e-06,4.50409,0.9,10,20,400
1.58489e-06,4.5587,0.9,10,20,400
1.99526e-06,4.60544,0.9,10,20,400
2.51189e-06,4.64502,0.9,10,20,400
3.16228e-06,4.67819,0.9,10,20,400
3.98107e-06,4.70575,0.9,10,20,400
5.01187e-06,4.72847,0.9,10,20,400
6.30957e-06,4.74708,0.9,10,20,400
7.94328e-06,4.76223,0.9,10,20,400
1e-05,4.77451,0.9,10,20,400
1.25893e-05,4.78443,0.9,10,20,400
1.58489e-05,4.79241,0.9,10,20,400
1.99526e-05,4.79881,0.9,10,20,400
2.51189e-05,4.80395,0.9,10,20,400
3.16228e-05,4.80805,0.9,10,20,400
3.98107e-05,4.81133,0.9,10,20,400
5.01187e-05,4.81395,0.9,10,20,400
6.30957e-05,4.81603,0.9,10,20,400
7.94328e-05,4.81769,0.9,10,20,400
0.0001,4.81901,0.9,10,20,400
1e-09,0.683767,0.9,10,20,500
1.25893e-09,0.771742,0.9,10,20,500
1.58489e-09,0.865714,0.9,10,20,500
1.99526e-09,0.965615,0.9,10,20,500
2.51189e-09,1.07141,0.9,10,20,500
3.16228e-09,1.18307,0.9,10,20,500
3.98107e-09,1.30057,0.9,10,20,500
5.01187e-09,1.42387,0.9,10,20,500
6.30957e-09,1.55287,0.9,10,20,500
7.94328e-09,1.68736,0.9,10,20,500
1e-08,1.82703,0.9,10,20,500
1.25893e-08,1.97142,0.9,10,20,500
1.58489e-08,2.11994,0.9,10,20,500
1.99526e-08,2.27181,0.9,10,20,500
2.51189e-08,2.42615,0.9,10,20,500
3.16228e-08,2.58195,0.9,10,20,500
3.98107e-08,2.73812,0.9,10,20,500
5.01187e-08,2.89355,0.9,10,20,500
6.30957e-08,3.04715,0.9,10,20,500
7.94328e-08,3.19784,0.9,10,20,500
1e-07,3.34466,0.9,10,20,500
1.25893e-07,3.4867,0.9,10,20,500
1.58489e-07,3.62314,0.9,10,20,500
1.99526e-07,3.75326,0.9,10,20,500
2.51189e-07,3.87639,0.9,10,20,500
3.16228e-07,3.99193,0.9,10,20,500
3.98107e-07,4.09937,0.9,10,20,500
5.01187e-07,4.19824,0.9,10,20,500
6.30957e-07,4.28823,0.9,10,20,500
7.94328e-07,4.36916,0.9,10,20,500
1e-06,4.44104,0.9,10,20,500
1.25893e-06,4.50409,0.9,10,20,500
1.58489e-06,4.5587,0.9,10,20,500
1.99526e-06,4.60544,0.9,10,20,500
2.51189e-06,4.64502,0.9,10,20,500
3.16228e-06,4.67819,0.9,10,20,500
3.98107e-06,4.70575,0.9,10,20,500
5.01187e-06,4.72847,0.9,10,20,500
6.30957e-06,4.74708,0.9,10,20,500
7.94328e-06,4.76223,0.9,10,20,500
1e-05,4.77451,0.9,10,20,500
1.25893e-05,4.78443,0.9,10,20,500
1.58489e-05,4.79241,0.9,10,20,500
1.99526e-05,4.79881,0.9,10,20,500
2.51189e-05,4.80395,0.9,10,20,500
3.16228e-05,4.80805,0.9,10,20,500
3.98107e-05,4.81133,0.9,10,20,500
5.01187e-05,4.81395,0.9,10,20,500
6.30957e-05,4.81603,0.9,10,20,500
7.94328e-05,4.81769,0.9,10,20,500
0.0001,4.81901,0.9,10,20,500
1e-09,0.689301,0.9,20,2,300
1.25893e-09,0.783717,0.9,20,2,300
1.58489e-09,0.884877,0.9,20,2,300
1.99526e-09,0.992522,0.9,20,2,300
2.51189e-09,1.1064,0.9,20,2,300
3.16228e-09,1.2263,0.9,20,2,300
3.98107e-09,1.352,0.9,20,2,300
5.01187e-09,1.48333,0.9,20,2,300
6.30957e-09,1.62011,0.9,20,2,300
7.94328e-09,1.7621,0.9,20,2,300
1e-08,1.90906,0.9,20,2,300
1.25893e-08,2.06065,0.9,20,2,300
1.58489e-08,2.21646,0.9,20,2,300
1.99526e-08,2.37597,0.9,20,2,300
2.51189e-08,2.53859,0.9,20,2,300
3.16228e-08,2.70361,0.9,20,2,300
3.98107e-08,2.87022,0.9,20,2,300
5.01187e-08,3.03759,0.9,20,2,300
6.30957e-08,3.2048,0.9,20,2,300
7.94328e-08,3.37095,0.9,20,2,300
1e-07,3.53509,0.9,20,2,300
1.25893e-07,3.6963,0.9,20,2,300
1.58489e-07,3.85365,0.9,20,2,300
1.99526e-07,4.00619,0.9,20,2,300
2.51189e-07,4.15293,0.9,20,2,300
3.16228e-07,4.2929,0.9,20,2,300
3.98107e-07,4.42509,0.9,20,2,300
5.01187e-07,4.54857,0.9,20,2,300
6.30957e-07,4.6625,0.9,20,2,300
7.94328e-07,4.76627,0.9,20,2,300
1e-06,4.85948,0.9,20,2,300
1.25893e-06,4.94207,0.9,20,2,300
1.58489e-06,5.01424,0.9,20,2,300
1.99526e-06,5.0765,0.9,20,2,300
2.51189e-06,5.12957,0.9,20,2,300
3.16228e-06,5.1743,0.9,20,2,300
3.98107e-06,5.21164,0.9,20,2,300
5.01187e-06,5.24254,0.9,20,2,300
6.30957e-06,5.26793,0.9,20,2,300
7.94328e-06,5.28867,0.9,20,2,300
1e-05,5.30551,0.9,20,2,300
1.25893e-05,5.31914,0.9,20,2,300
1.58489e-05,5.33012,0.9,20,2,300
1.99526e-05,5.33895,0.9,20,2,300
2.51189e-05,5.34603,0.9,20,2,300
3.16228e-05,5.35169,0.9,20,2,300
3.98107e-05,5.35622,0.9,20,2,300
5.01187e-05,5.35984,0.9,20,2,300
6.30957e-05,5.36272,0.9,20,2,300
7.94328e-05,5.36501,0.9,20,2,300
0.0001,5.36684,0.9,20,2,300
1e-09,0.689301,0.9,20,2,400
1.25893e-09,0.783717,0.9,20,2,400
1.58489e-09,0.884877,0.9,20,2,400
1.99526e-09,0.992522,0.9,20,2,400
2.51189e-09,1.1064,0.9,20,2,400
3.16228e-09,1.2263,0.9,20,2,400
3.98107e-09,1.352,0.9,20,2,400
5.01187e-09,1.48333,0.9,20,2,400
6.30957e-09,1.62011,0.9,20,2,400
7.94328e-09,1.7621,0.9,20,2,400
1e-08,1.90906,0.9,20,2,400
1.25893e-08,2.06065,0.9,20,2,400
1.58489e-08,2.21646,0.9,20,2,400
1.99526e-08,2.37597,0.9,20,2,400
2.51189e-08,2.53859,0.9,20,2,400
3.16228e-08,2.70361,0.9,20,2,400
3.98107e-08,2.87022,0.9,20,2,400
5.01187e-08,3.03759,0.9,20,2,400
6.30957e-08,3.2048,0.9,20,2,400
7.94328e-08,3.37095,0.9,20,2,400
1e-07,3.53509,0.9,20,2,400
1.25893e-07,3.6963,0.9,20,2,400
1.58489e-07,3.85365,0.9,20,2,400
1.99526e-07,4.00619,0.9,20,2,400
2.51189e-07,4.15293,0.9,20,2,400
3.16228e-07,4.2929,0.9,20,2,400
3.98107e-07,4.42509,0.9,20,2,400
5.01187e-07,4.54857,0.9,20,2,400
6.30957e-07,4.6625,0.9,20,2,400
7.94328e-07,4.76627,0.9,20,2,400
1e-06,4.85948,0.9,20,2,400
1.25893e-06,4.94207,0.9,20,2,400
1.58489e-06,5.01424,0.9,20,2,400
1.99526e-06,5.0765,0.9,20,2,400
2.51189e-06,5.12957,0.9,20,2,400
3.16228e-06,5.1743,0.9,20,2,400
3.98107e-06,5.21164,0.9,20,2,400
5.01187e-06,5.24254,0.9,20,2,400
6.30957e-06,5.26793,0.9,20,2,400
7.94328e-06,5.28867,0.9,20,2,400
1e-05,5.30551,0.9,20,2,400
1.25893e-05,5.31914,0.9,20,2,400
1.58489e-05,5.33012,0.9,20,2,400
1.99526e-05,5.33895,0.9,20,2,400
2.51189e-05,5.34603,0.9,20,2,400
3.16228e-05,5.35169,0.9,20,2,400
3.98107e-05,5.35622,0.9,20,2,400
5.01187e-05,5.35984,0.9,20,2,400
6.30957e-05,5.36272,0.9,20,2,400
7.94328e-05,5.36501,0.9,20,2,400
0.0001,5.36684,0.9,20,2,400
1e-09,0.689301,0.9,20,2,500
1.25893e-09,0.783717,0.9,20,2,500
1.58489e-09,0.884877,0.9,20,2,500
1.99526e-09,0.992522,0.9,20,2,500
2.51189e-09,1.1064,0.9,20,2,500
3.16228e-09,1.2263,0.9,20,2,500
3.98107e-09,1.352,0.9,20,2,500
5.01187e-09,1.48333,0.9,20,2,500
6.30957e-09,1.62011,0.9,20,2,500
7.94328e-09,1.7621,0.9,20,2,500
1e-08,1.90906,0.9,20,2,500
1.25893e-08,2.06065,0.9,20,2,500
1.58489e-08,2.21646,0.9,20,2,500
1.99526e-08,2.37597,0.9,20,2,500
2.51189e-08,2.53859,0.9,20,2,500
3.16228e-08,2.70361,0.9,20,2,500
3.98107e-08,2.87022,0.9,20,2,500
5.01187e-08,3.03759,0.9,20,2,500
6.30957e-08,3.2048,0.9,20,2,500
7.94328e-08,3.37095,0.9,20,2,500
1e-07,3.53509,0.9,20,2,500
1.25893e-07,3.6963,0.9,20,2,500
1.58489e-07,3.85365,0.9,20,2,500
1.99526e-07,4.00619,0.9,20,2,500
2.51189e-07,4.15293,0.9,20,2,500
3.16228e-07,4.2929,0.9,20,2,500
3.98107e-07,4.42509,0.9,20,2,500
5.01187e-07,4.54857,0.9,20,2,500
6.30957e-07,4.6625,0.9,20,2,500
7.94328e-07,4.76627,0.9,20,2,500
1e-06,4.85948,0.9,20,2,500
1.25893e-06,4.94207,0.9,20,2,500
1.58489e-06,5.01424,0.9,20,2,500
1.99526e-06,5.0765,0.9,20,2,500
2.51189e-06,5.12957,0.9,20,2,500
3.16228e-06,5.1743,0.9,20,2,500
3.98107e-06,5.21164,0.9,20,2,500
5.01187e-06,5.24254,0.9,20,2,500
6.30957e-06,5.26793,0.9,20,2,500
7.94328e-06,5.28867,0.9,20,2,500
1e-05,5.30551,0.9,20,2,500
1.25893e-05,5.31914,0.9,20,2,500
1.58489e-05,5.33012,0.9,20,2,500
1.99526e-05,5.33895,0.9,20,2,500
2.51189e-05,5.34603,0.9,20,2,500
3.16228e-05,5.35169,0.9,20,2,500
3.98107e-05,5.35622,0.9,20,2,500
5.01187e-05,5.35984,0.9,20,2,500
6.30957e-05,5.36272,0.9,20,2,500
7.94328e-05,5.36501,0.9,20,2,500
0.0001,5.36684,0.9,20,2,500
1e-09,0.68572,0.9,20,5,300
1.25893e-09,0.779413,0.9,20,5,300
1.58489e-09,0.879829,0.9,20,5,300
1.99526e-09,0.986738,0.9,20,5,300
2.51189e-09,1.09993,0.9,20,5,300
3.16228e-09,1.21923,0.9,20,5,300
3.98107e-09,1.34448,0.9,20,5,300
5.01187e-09,1.47554,0.9,20,5,300
6.30957e-09,1.61228,0.9,20,5,300
7.94328e-09,1.75452,0.9,20,5,300
1e-08,1.90203,0.9,20,5,300
1.25893e-08,2.05451,0.9,20,5,300
1.58489e-08,2.21156,0.9,20,5,300
1.99526e-08,2.37266,0.9,20,5,300
2.51189e-08,2.53719,0.9,20,5,300
3.16228e-08,2.7044,0.9,20,5,300
3.98107e-08,2.87347,0.9,20,5,300
5.01187e-08,3.04347,0.9,20,5,300
6.30957e-08,3.21344,0.9,20,5,300
7.94328e-08,3.38239,0.9,20,5,300
1e-07,3.54931,0.9,20,5,300
1.25893e-07,3.71322,0.9,20,5,300
1.58489e-07,3.87312,0.9,20,5,300
1.99526e-07,4.02803,0.9,20,5,300
2.51189e-07,4.17699,0.9,20,5,300
3.16228e-07,4.31903,0.9,20,5,300
3.98107e-07,4.45325,0.9,20,5,300
5.01187e-07,4.57883,0.9,20,5,300
6.30957e-07,4.69505,0.9,20,5,300
7.94328e-07,4.8014,0.9,20,5,300
1e-06,4.89757,0.9,20,5,300
1.25893e-06,4.98348,0.9,20,5,300
1.58489e-06,5.0593,0.9,20,5,300
1.99526e-06,5.12544,0.9,20,5,300
2.51189e-06,5.18246,0.9,20,5,300
3.16228e-06,5.2311,0.9,20,5,300
3.98107e-06,5.27218,0.9,20,5,300
5.01187e-06,5.30655,0.9,20,5,300
6.30957e-06,5.33507,0.9,20,5,300
7.94328e-06,5.35858,0.9,20,5,300
1e-05,5.37782,0.9,20,5,300
1.25893e-05,5.39349,0.9,20,5,300
1.58489e-05,5.40619,0.9,20,5,300
1.99526e-05,5.41645,0.9,20,5,300
2.51189e-05,5.4247,0.9,20,5,300
3.16228e-05,5.43134,0.9,20,5,300
3.98107e-05,5.43665,0.9,20,5,300
5.01187e-05,5.4409,0.9,20,5,300
6.30957e-05,5.44429,0.9,20,5,300
7.94328e-05,5.447,0.9,20,5,300
0.0001,5.44916,0.9,20,5,300
1e-09,0.68572,0.9,20,5,400
1.25893e-09,0.779413,0.9,20,5,400
1.58489e-09,0.879829,0.9,20,5,400
1.99526e-09,0.986738,0.9,20,5,400
2.51189e-09,1.09993,0.9,20,5,400
3.16228e-09,1.21923,0.9,20,5,400
3.98107e-09,1.34448,0.9,20,5,400
5.01187e-09,1.47554,0.9,20,5,400
6.30957e-09,1.61228,0.9,20,5,400
7.94328e-09,1.75452,0.9,20,5,400
1e-08,1.90203,0.9,20,5,400
1.25893e-08,2.05451,0.9,20,5,400
1.58489e-08,2.21156,0.9,20,5,400
1.99526e-08,2.37266,0.9,20,5,400
2.51189e-08,2.53719,0.9,20,5,400
3.16228e-08,2.7044,0.9,20,5,400
3.98107e-08,2.87347,0.9,20,5,400
5.01187e-08,3.04347,0.9,20,5,400
6.30957e-08,3.21344,0.9,20,5,400
7.94328e-08,3.38239,0.9,20,5,400
1e-07,3.54931,0.9,20,5,400
1.25893e-07,3.71322,0.9,20,5,400
1.58489e-07,3.87312,0.9,20,5,400
1.99526e-07,4.02803,0.9,20,5,400
2.51189e-07,4.17699,0.9,20,5,400
3.16228e-07,4.31903,0.9,20,5,400
3.98107e-07,4.45325,0.9,20,5,400
5.01187e-07,4.57883,0.9,20,5,400
6.30957e-07,4.69505,0.9,20,5,400
7.94328e-07,4.8014,0.9,20,5,400
1e-06,4.89757,0.9,20,5,400
1.25893e-06,4.98348,0.9,20,5,400
1.58489e-06,5.0593,0.9,20,5,400
1.99526e-06,5.12544,0.9,20,5,400
2.51189e-06,5.18246,0.9,20,5,400
3.16228e-06,5.2311,0.9,20,5,400
3.98107e-06,5.27218,0.9,20,5,400
5.01187e-06,5.30655,0.9,20,5,400
6.30957e-06,5.33507,0.9,20,5,400
7.94328e-06,5.35858,0.9,20,5,400
1e-05,5.37782,0.9,20,5,400
1.25893e-05,5.39349,0.9,20,5,400
1.58489e-05,5.40619,0.9,20,5,400
1.99526e-05,5.41645,0.9,20,5,400
2.51189e-05,5.4247,0.9,20,5,400
3.16228e-05,5.43134,0.9,20,5,400
3.98107e-05,5.43665,0.9,20,5,400
5.01187e-05,5.4409,0.9,20,5,400
6.30957e-05,5.44429,0.9,20,5,400
7.94328e-05,5.447,0.9,20,5,400
0.0001,5.44916,0.9,20,5,400
1e-09,0.68572,0.9,20,5,500
1.25893e-09,0.779413,0.9,20,5,500
1.58489e-09,0.879829,0.9,20,5,500
1.99526e-09,0.986738,0.9,20,5,500
2.51189e-09,1.09993,0.9,20,5,500
3.16228e-09,1.21923,0.9,20,5,500
3.98107e-09,1.34448,0.9,20,5,500
5.01187e-09,1.47554,0.9,20,5,500
6.30957e-09,1.61228,0.9,20,5,500
7.94328e-09,1.75452,0.9,20,5,500
1e-08,1.90203,0.9,20,5,500
1.25893e-08,2.05451,0.9,20,5,500
1.58489e-08,2.21156,0.9,20,5,500
1.99526e-08,2.37266,0.9,20,5,500
2.51189e-08,2.53719,0.9,20,5,500
3.16228e-08,2.7044,0.9,20,5,500
3.98107e-08,2.87347,0.9,20,5,500
5.01187e-08,3.04347,0.9,20,5,500
6.30957e-08,3.21344,0.9,20,5,500
7.94328e-08,3.38239,0.9,20,5,500
1e-07,3.54931,0.9,20,5,500
1.25893e-07,3.71322,0.9,20,5,500
1.58489e-07,3.87312,0.9,20,5,500
1.99526e-07,4.02803,0.9,20,5,500
2.51189e-07,4.17699,0.9,20,5,500
3.16228e-07,4.31903,0.9,20,5,500
3.98107e-07,4.45325,0.9,20,5,500
5.01187e-07,4.57883,0.9,20,5,500
6.30957e-07,4.69505,0.9,20,5,500
7.94328e-07,4.8014,0.9,20,5,500
1e-06,4.89757,0.9,20,5,500
1.25893e-06,4.98348,0.9,20,5,500
1.58489e-06,5.0593,0.9,20,5,500
1.99526e-06,5.12544,0.9,20,5,500
2.51189e-06,5.18246,0.9,20,5,500
3.16228e-06,5.2311,0.9,20,5,500
3.98107e-06,5.27218,0.9,20,5,500
5.01187e-06,5.30655,0.9,20,5,500
6.30957e-06,5.33507,0.9,20,5,500
7.94328e-06,5.35858,0.9,20,5,500
1e-05,5.37782,0.9,20,5,500
1.25893e-05,5.39349,0.9,20,5,500
1.58489e-05,5.40619,0.9,20,5,500
1.99526e-05,5.41645,0.9,20,5,500
2.51189e-05,5.4247,0.9,20,5,500
3.16228e-05,5.43134,0.9,20,5,500
3.98107e-05,5.43665,0.9,20,5,500
5.01187e-05,5.4409,0.9,20,5,500
6.30957e-05,5.44429,0.9,20,5,500
7.94328e-05,5.447,0.9,20,5,500
0.0001,5.44916,0.9,20,5,500
1e-09,0.669429,0.9,20,10,300
1.25893e-09,0.758977,0.9,20,10,300
1.58489e-09,0.854762,0.9,20,10,300
1.99526e-09,0.956592,0.9,20,10,300
2.51189e-09,1.0643,0.9,20,10,300
3.16228e-09,1.17774,0.9,20,10,300
3.98107e-09,1.29678,0.9,20,10,300
5.01187e-09,1.42129,0.9,20,10,300
6.30957e-09,1.55112,0.9,20,10,300
7.94328e-09,1.68607,0.9,20,10,300
1e-08,1.82586,0.9,20,10,300
1.25893e-08,1.97015,0.9,20,10,300
1.58489e-08,2.11847,0.9,20,10,300
1.99526e-08,2.27028,0.9,20,10,300
2.51189e-08,2.42492,0.9,20,10,300
3.16228e-08,2.58164,0.9,20,10,300
3.98107e-08,2.73964,0.9,20,10,300
5.01187e-08,2.89806,0.9,20,10,300
6.30957e-08,3.05598,0.9,20,10,300
7.94328e-08,3.21252,0.9,20,10,300
1e-07,3.36675,0.9,20,10,300
1.25893e-07,3.5178,0.9,20,10,300
1.58489e-07,3.66478,0.9,20,10,300
1.99526e-07,3.80684,0.9,20,10,300
2.51189e-07,3.94316,0.9,20,10,300
3.16228e-07,4.07292,0.9,20,10,300
3.98107e-07,4.19537,0.9,20,10,300
5.01187e-07,4.30981,0.9,20,10,300
6.30957e-07,4.41564,0.9,20,10,300
7.94328e-07,4.51239,0.9,20,10,300
1e-06,4.59978,0.9,20,10,300
1.25893e-06,4.67771,0.9,20,10,300
1.58489e-06,4.74633,0.9,20,10,300
1.99526e-06,4.80598,0.9,20,10,300
2.51189e-06,4.85722,0.9,20,10,300
3.16228e-06,4.90074,0.9,20,10,300
3.98107e-06,4.93732,0.9,20,10,300
5.01187e-06,4.96778,0.9,20,10,300
6.30957e-06,4.99295,0.9,20,10,300
7.94328e-06,5.0136,0.9,20,10,300
1e-05,5.03045,0.9,20,10,300
1.25893e-05,5.04412,0.9,20,10,300
1.58489e-05,5.05517,0.9,20,10,300
1.99526e-05,5.06407,0.9,20,10,300
2.51189e-05,5.07122,0.9,20,10,300
3.16228e-05,5.07695,0.9,20,10,300
3.98107e-05,5.08154,0.9,20,10,300
5.01187e-05,5.0852,0.9,20,10,300
6.30957e-05,5.08813,0.9,20,10,300
7.94328e-05,5.09046,0.9,20,10,300
0.0001,5.09232,0.9,20,10,300
1e-09,0.669429,0.9,20,10,400
1.25893e-09,0.758977,0.9,20,10,400
1.58489e-09,0.854762,0.9,20,10,400
1.99526e-09,0.956592,0.9,20,10,400
2.51189e-09,1.0643,0.9,20,10,400
3.16228e-09,1.17774,0.9,20,10,400
3.98107e-09,1.29678,0.9,20,10,400
5.01187e-09,1.42129,0.9,20,10,400
6.30957e-09,1.55112,0.9,20,10,400
7.94328e-09,1.68607,0.9,20,10,400
1e-08,1.82586,0.9,20,10,400
1.25893e-08,1.97015,0.9,20,10,400
1.58489e-08,2.11847,0.9,20,10,400
1.99526e-08,2.27028,0.9,20,10,400
2.51189e-08,2.42492,0.9,20,10,400
3.16228e-08,2.58164,0.9,20,10,400
3.98107e-08,2.73964,0.9,20,10,400
5.01187e-08,2.89806,0.9,20,10,400
6.30957e-08,3.05598,0.9,20,10,400
7.94328e-08,3.21252,0.9,20,10,400
1e-07,3.36675,0.9,20,10,400
1.25893e-07,3.5178,0.9,20,10,400
1.58489e-07,3.66478,0.9,20,10,400
1.99526e-07,3.80684,0.9,20,10,400
2.51189e-07,3.94316,0.9,20,10,400
3.16228e-07,4.07292,0.9,20,10,400
3.98107e-07,4.19537,0.9,20,10,400
5.01187e-07,4.30981,0.9,20,10,400
6.30957e-07,4.41564,0.9,20,10,400
7.94328e-07,4.51239,0.9,20,10,400
1e-06,4.59978,0.9,20,10,400
1.25893e-06,4.67771,0.9,20,10,400
1.58489e-06,4.74633,0.9,20,10,400
1.99526e-06,4.80598,0.9,20,10,400
2.51189e-06,4.85722,0.9,20,10,400
3.16228e-06,4.90074,0.9,20,10,400
3.98107e-06,4.93732,0.9,20,10,400
5.01187e-06,4.96778,0.9,20,10,400
6.30957e-06,4.99295,0.9,20,10,400
7.94328e-06,5.0136,0.9,20,10,400
1e-05,5.03045,0.9,20,10,400
1.25893e-05,5.04412,0.9,20,10,400
1.58489e-05,5.05517,0.9,20,10,400
1.99526e-05,5.06407,0.9,20,10,400
2.51189e-05,5.07122,0.9,20,10,400
3.16228e-05,5.07695,0.9,20,10,400
3.98107e-05,5.08154,0.9,20,10,400
5.01187e-05,5.0852,0.9,20,10,400
6.30957e-05,5.08813,0.9,20,10,400
7.94328e-05,5.09046,0.9,20,10,400
0.0001,5.09232,0.9,20,10,400
1e-09,0.669429,0.9,20,10,500
1.25893e-09,0.758977,0.9,20,10,500
1.58489e-09,0.854762,0.9,20,10,500
1.99526e-09,0.956592,0.9,20,10,500
2.51189e-09,1.0643,0.9,20,10,500
3.16228e-09,1.17774,0.9,20,10,500
3.98107e-09,1.29678,0.9,20,10,500
5.01187e-09,1.42129,0.9,20,10,500
6.30957e-09,1.55112,0.9,20,10,500
7.94328e-09,1.68607,0.9,20,10,500
1e-08,1.82586,0.9,20,10,500
1.25893e-08,1.97015,0.9,20,10,500
1.58489e-08,2.11847,0.9,20,10,500
1.99526e-08,2.27028,0.9,20,10,500
2.51189e-08,2.42492,0.9,20,10,500
3.16228e-08,2.58164,0.9,20,10,500
3.98107e-08,2.73964,0.9,20,10,500
5.01187e-08,2.89806,0.9,20,10,500
6.30957e-08,3.05598,0.9,20,10,500
7.94328e-08,3.21252,0.9,20,10,500
1e-07,3.36675,0.9,20,10,500
1.25893e-07,3.5178,0.9,20,10,500
1.58489e-07,3.66478,0.9,20,10,500
1.99526e-07,3.80684,0.9,20,10,500
2.51189e-07,3.94316,0.9,20,10,500
3.16228e-07,4.07292,0.9,20,10,500
3.98107e-07,4.19537,0.9,20,10,500
5.01187e-07,4.30981,0.9,20,10,500
6.30957e-07,4.41564,0.9,20,10,500
7.94328e-07,4.51239,0.9,20,10,500
1e-06,4.59978,0.9,20,10,500
1.25893e-06,4.67771,0.9,20,10,500
1.58489e-06,4.74633,0.9,20,10,500
1.99526e-06,4.80598,0.9,20,10,500
2.51189e-06,4.85722,0.9,20,10,500
3.16228e-06,4.90074,0.9,20,10,500
3.98107e-06,4.93732,0.9,20,10,500
5.01187e-06,4.96778,0.9,20,10,500
6.30957e-06,4.99295,0.9,20,10,500
7.94328e-06,5.0136,0.9,20,10,500
1e-05,5.03045,0.9,20,10,500
1.25893e-05,5.04412,0.9,20,10,500
1.58489e-05,5.05517,0.9,20,10,500
1.99526e-05,5.06407,0.9,20,10,500
2.51189e-05,5.07122,0.9,20,10,500
3.16228e-05,5.07695,0.9,20,10,500
3.98107e-05,5.08154,0.9,20,10,500
5.01187e-05,5.0852,0.9,20,10,500
6.30957e-05,5.08813,0.9,20,10,500
7.94328e-05,5.09046,0.9,20,10,500
0.0001,5.09232,0.9,20,10,500
1e-09,0.67133,0.9,20,20,300
1.25893e-09,0.75936,0.9,20,20,300
1.58489e-09,0.853344,0.9,20,20,300
1.99526e-09,0.953112,0.9,20,20,300
2.51189e-09,1.0585,0.9,20,20,300
3.16228e-09,1.16938,0.9,20,20,300
3.98107e-09,1.28557,0.9,20,20,300
5.01187e-09,1.40691,0.9,20,20,300
6.30957e-09,1.53314,0.9,20,20,300
7.94328e-09,1.66392,0.9,20,20,300
1e-08,1.79881,0.9,20,20,300
1.25893e-08,1.93724,0.9,20,20,300
1.58489e-08,2.07849,0.9,20,20,300
1.99526e-08,2.22176,0.9,20,20,300
2.51189e-08,2.36614,0.9,20,20,300
3.16228e-08,2.51068,0.9,20,20,300
3.98107e-08,2.65443,0.9,20,20,300
5.01187e-08,2.79645,0.9,20,20,300
6.30957e-08,2.93589,0.9,20,20,300
7.94328e-08,3.07201,0.9,20,20,300
1e-07,3.20413,0.9,20,20,300
1.25893e-07,3.3317,0.9,20,20,300
1.58489e-07,3.4542,0.9,20,20,300
1.99526e-07,3.57115,0.9,20,20,300
2.51189e-07,3.6821,0.9,20,20,300
3.16228e-07,3.78658,0.9,20,20,300
3.98107e-07,3.88411,0.9,20,20,300
5.01187e-07,3.97427,0.9,20,20,300
6.30957e-07,4.05669,0.9,20,20,300
7.94328e-07,4.13111,0.9,20,20,300
1e-06,4.19746,0.9,20,20,300
1.25893e-06,4.25584,0.9,20,20,300
1.58489e-06,4.30655,0.9,20,20,300
1.99526e-06,4.35007,0.9,20,20,300
2.51189e-06,4.38698,0.9,20,20,300
3.16228e-06,4.41797,0.9,20,20,300
3.98107e-06,4.44375,0.9,20,20,300
5.01187e-06,4.46503,0.9,20,20,300
6.30957e-06,4.48247,0.9,20,20,300
7.94328e-06,4.49668,0.9,20,20,300
1e-05,4.50821,0.9,20,20,300
1.25893e-05,4.51752,0.9,20,20,300
1.58489e-05,4.52502,0.9,20,20,300
1.99526e-05,4.53104,0.9,20,20,300
2.51189e-05,4.53586,0.9,20,20,300
3.16228e-05,4.53972,0.9,20,20,300
3.98107e-05,4.5428,0.9,20,20,300
5.01187e-05,4.54526,0.9,20,20,300
6.30957e-05,4.54722,0.9,20,20,300
7.94328e-05,4.54879,0.9,20,20,300
0.0001,4.55003,0.9,20,20,300
1e-09,0.67133,0.9,20,20,400
1.25893e-09,0.75936,0.9,20,20,400
1.58489e-09,0.853344,0.9,20,20,400
1.99526e-09,0.953112,0.9,20,20,400
2.51189e-09,1.0585,0.9,20,20,400
3.16228e-09,1.16938,0.9,20,20,400
3.98107e-09,1.28557,0.9,20,20,400
5.01187e-09,1.40691,0.9,20,20,400
6.30957e-09,1.53314,0.9,20,20,400
7.94328e-09,1.66392,0.9,20,20,400
1e-08,1.79881,0.9,20,20,400
1.25893e-08,1.93724,0.9,20,20,400
1.58489e-08,2.07849,0.9,20,20,400
1.99526e-08,2.22176,0.9,20,20,400
2.51189e-08,2.36614,0.9,20,20,400
3.16228e-08,2.51068,0.9,20,20,400
3.98107e-08,2.65443,0.9,20,20,400
5.01187e-08,2.79645,0.9,20,20,400
6.30957e-08,2.93589,0.9,20,20,400
7.94328e-08,3.07201,0.9,20,20,400
1e-07,3.20413,0.9,20,20,400
1.25893e-07,3.3317,0.9,20,20,400
1.58489e-07,3.4542,0.9,20,20,400
1.99526e-07,3.57115,0.9,20,20,400
2.51189e-07,3.6821,0.9,20,20,400
3.16228e-07,3.78658,0.9,20,20,400
3.98107e-07,3.88411,0.9,20,20,400
5.01187e-07,3.97427,0.9,20,20,400
6.30957e-07,4.05669,0.9,20,20,400
7.94328e-07,4.13111,0.9,20,20,400
1e-06,4.19746,0.9,20,20,400
1.25893e-06,4.25584,0.9,20,20,400
1.58489e-06,4.30655,0.9,20,20,400
1.99526e-06,4.35007,0.9,20,20,400
2.51189e-06,4.38698,0.9,20,20,400
3.16228e-06,4.41797,0.9,20,20,400
3.98107e-06,4.44375,0.9,20,20,400
5.01187e-06,4.46503,0.9,20,20,400
6.30957e-06,4.48247,0.9,20,20,400
7.94328e-06,4.49668,0.9,20,20,400
1e-05,4.50821,0.9,20,20,400
1.25893e-05,4.51752,0.9,20,20,400
1.58489e-05,4.52502,0.9,20,20,400
1.99526e-05,4.53104,0.9,20,20,400
2.51189e-05,4.53586,0.9,20,20,400
3.16228e-05,4.53972,0.9,20,20,400
3.98107e-05,4.5428,0.9,20,20,400
5.01187e-05,4.54526,0.9,20,20,400
6.30957e-05,4.54722,0.9,20,20,400
7.94328e-05,4.54879,0.9,20,20,400
0.0001,4.55003,0.9,20,20,400
1e-09,0.67133,0.9,20,20,500
1.25893e-09,0.75936,0.9,20,20,500
1.58489e-09,0.853344,0.9,20,20,500
1.99526e-09,0.953112,0.9,20,20,500
2.51189e-09,1.0585,0.9,20,20,500
3.16228e-09,1.16938,0.9,20,20,500
3.98107e-09,1.28557,0.9,20,20,500
5.01187e-09,1.40691,0.9,20,20,500
6.30957e-09,1.53314,0.9,20,20,500
7.94328e-09,1.66392,0.9,20,20,500
1e-08,1.79881,0.9,20,20,500
1.25893e-08,1.93724,0.9,20,20,500
1.58489e-08,2.07849,0.9,20,20,500
1.99526e-08,2.22176,0.9,20,20,500
2.51189e-08,2.36614,0.9,20,20,500
3.16228e-08,2.51068,0.9,20,20,500
3.98107e-08,2.65443,0.9,20,20,500
5.01187e-08,2.79645,0.9,20,20,500
6.30957e-08,2.93589,0.9,20,20,500
7.94328e-08,3.07201,0.9,20,20,500
1e-07,3.20413,0.9,20,20,500
1.25893e-07,3.3317,0.9,20,20,500
1.58489e-07,3.4542,0.9,20,20,500
1.99526e-07,3.57115,0.9,20,20,500
2.51189e-07,3.6821,0.9,20,20,500
3.16228e-07,3.78658,0.9,20,20,500
3.98107e-07,3.88411,0.9,20,20,500
5.01187e-07,3.97427,0.9,20,20,500
6.30957e-07,4.05669,0.9,20,20,500
7.94328e-07,4.13111,0.9,20,20,500
1e-06,4.19746,0.9,20,20,500
1.25893e-06,4.25584,0.9,20,20,500
1.58489e-06,4.30655,0.9,20,20,500
1.99526e-06,4.35007,0.9,20,20,500
2.51189e-06,4.38698,0.9,20,20,500
3.16228e-06,4.41797,0.9,20,20,500
3.98107e-06,4.44375,0.9,20,20,500
5.01187e-06,4.46503,0.9,20,20,500
6.30957e-06,4.48247,0.9,20,20,500
7.94328e-06,4.49668,0.9,20,20,500
1e-05,4.50821,0.9,20,20,500
1.25893e-05,4.51752,0.9,20,20,500
1.58489e-05,4.52502,0.9,20,20,500
1.99526e-05,4.53104,0.9,20,20,500
2.51189e-05,4.53586,0.9,20,20,500
3.16228e-05,4.53972,0.9,20,20,500
3.98107e-05,4.5428,0.9,20,20,500
5.01187e-05,4.54526,0.9,20,20,500
6.30957e-05,4.54722,0.9,20,20,500
7.94328e-05,4.54879,0.9,20,20,500
0.0001,4.55003,0.9,20,20,500
